#include "title.h"

/* Bitmap del título en formato RGB555 (MODE 3, 16bpp) */
/* Generado desde title.png — 240x160 px */
const uint16_t titleBitmap[240 * 160] = {
    0x0C00,0x0C00,0x0C00,0x0C00,0x0C00,0x0C00,0x0C00,0x0C00,0x0C00,0x0C00,0x0C00,0x0C00,0x0C00,0x0C00,0x0C00,0x0C00,
    0x0C00,0x0C00,0x0C00,0x0C00,0x0C00,0x0C00,0x0C00,0x0C00,0x0C00,0x0C00,0x0C00,0x0C00,0x0C00,0x0C00,0x0C00,0x0C00,
    0x0C00,0x0C00,0x0C00,0x0C00,0x0C00,0x0C00,0x0C00,0x0C00,0x0800,0x0C00,0x0C00,0x0C00,0x0C00,0x0800,0x1061,0x1083,
    0x1483,0x1041,0x0C00,0x0C00,0x0C00,0x0C00,0x0C00,0x0C00,0x0C00,0x0C00,0x0C00,0x0C00,0x0C00,0x0C00,0x0C00,0x0C00,
    0x0C00,0x0C00,0x0C00,0x0C00,0x0C00,0x0C00,0x0C00,0x0C00,0x0C00,0x0C00,0x0C00,0x0C00,0x0C00,0x0C00,0x0C00,0x0C00,
    0x0C00,0x0C00,0x0C00,0x0C00,0x0800,0x0C00,0x0C00,0x0C00,0x0C00,0x0C00,0x0C00,0x0C00,0x0C00,0x0C00,0x0C00,0x0C00,
    0x0C00,0x0C00,0x0C00,0x0C00,0x0C00,0x0C00,0x0C00,0x0C00,0x0C00,0x0C00,0x0C00,0x0C00,0x0C00,0x0C00,0x0C00,0x0C00,
    0x0C00,0x0C00,0x0C00,0x0C00,0x0C00,0x0C00,0x0C00,0x0C00,0x0C00,0x0C00,0x0C00,0x0C00,0x0C00,0x0C00,0x0C00,0x0C00,
    0x0C00,0x0C00,0x0C00,0x0C00,0x0C00,0x0C00,0x0C00,0x0C00,0x0C00,0x0C00,0x0C00,0x0C00,0x0C00,0x0C00,0x0C00,0x0C00,
    0x0C00,0x0C00,0x0C00,0x0C00,0x0C00,0x0C00,0x0C00,0x0C00,0x0C00,0x0C00,0x0C00,0x0C00,0x0C00,0x0C00,0x0C00,0x0C00,
    0x0C00,0x0C00,0x0C00,0x0C00,0x0C00,0x0C00,0x0C00,0x0C00,0x0C00,0x0C00,0x0C00,0x0C00,0x0C00,0x0C00,0x0C00,0x0C00,
    0x0C00,0x0C00,0x0800,0x0C00,0x0C00,0x0C00,0x0C00,0x0C00,0x0C00,0x0C00,0x0C00,0x0C00,0x0C00,0x0C00,0x1041,0x1483,
    0x1483,0x1041,0x0C00,0x0C00,0x0C00,0x0C00,0x0C00,0x0C00,0x0C00,0x0C00,0x0C00,0x0C00,0x0C00,0x0C00,0x0C00,0x0C00,
    0x0C00,0x0C00,0x0C00,0x0C00,0x0C00,0x0C00,0x0C00,0x0C00,0x0C00,0x0C00,0x0C00,0x0C00,0x0C00,0x0C00,0x0C00,0x0C00,
    0x0C00,0x0C00,0x0C00,0x0C00,0x0C00,0x0C00,0x0C00,0x0C00,0x0C00,0x0C00,0x0C00,0x0C00,0x0C00,0x0C00,0x0C00,0x0C00,
    0x0C00,0x0C00,0x0C00,0x0C00,0x0C00,0x0C00,0x0C00,0x0C00,0x0C00,0x0C00,0x0C00,0x0C00,0x0C00,0x0C00,0x0C00,0x0C00,
    0x0C00,0x0C00,0x0C00,0x0C00,0x0C00,0x0C00,0x0C00,0x0C00,0x0C00,0x0C00,0x0C00,0x0C00,0x0C00,0x0C00,0x0C00,0x0C00,
    0x0800,0x0C00,0x0C00,0x0C00,0x0C00,0x0C00,0x0C00,0x0C00,0x0C00,0x0C00,0x0C00,0x0C00,0x0800,0x1062,0x1083,0x1062,
    0x0C20,0x0800,0x0C00,0x0C00,0x0C00,0x0C00,0x0C00,0x0C00,0x0C00,0x0C00,0x0C00,0x0C00,0x0C00,0x0C00,0x0C00,0x0C00,
    0x0C00,0x0C00,0x0C00,0x0C00,0x0C00,0x0C00,0x0C00,0x0C00,0x0C00,0x0C00,0x0C00,0x0C00,0x0C00,0x0C00,0x0C00,0x0C00,
    0x0C00,0x0C00,0x0C00,0x0C00,0x0C00,0x0C00,0x0C00,0x0C00,0x0C00,0x0C00,0x0C00,0x0C00,0x0C00,0x0C00,0x0C00,0x0C00,
    0x0C00,0x0C00,0x0C00,0x0C00,0x0C00,0x0C00,0x0C00,0x0C00,0x0C00,0x0C00,0x0C00,0x0C00,0x0C00,0x0C00,0x0C00,0x0C00,
    0x0C00,0x0C00,0x0C00,0x0C00,0x0C00,0x0C00,0x0C00,0x0C00,0x0C00,0x0C00,0x0C00,0x0C00,0x0C00,0x0C00,0x0C00,0x0C00,
    0x0C00,0x0C00,0x0C00,0x0C00,0x0C00,0x0C00,0x0C00,0x0C00,0x0C00,0x0C00,0x0C00,0x0C00,0x0C00,0x0C00,0x0C00,0x0C00,
    0x0C00,0x0C00,0x0C00,0x0C00,0x0C00,0x0C00,0x0C00,0x0C00,0x0C00,0x0C00,0x0C00,0x0C00,0x0C00,0x0C00,0x0C00,0x0C00,
    0x0C00,0x0C00,0x0C00,0x0C00,0x0C00,0x0C00,0x0C00,0x0C00,0x0C00,0x0C00,0x0C00,0x0C00,0x0C00,0x0C00,0x0C00,0x0C00,
    0x0C00,0x0C00,0x0C00,0x0C00,0x0C00,0x0C00,0x0C00,0x0C00,0x0C00,0x0C00,0x0C00,0x0C00,0x0C00,0x0C00,0x0C00,0x0C20,
    0x1061,0x1483,0x1462,0x0800,0x0C00,0x0C00,0x0C00,0x0C00,0x0C00,0x0C00,0x0C00,0x0C00,0x0C00,0x0C00,0x0C00,0x0C00,
    0x0C00,0x0C00,0x0C00,0x0C00,0x0C00,0x0C00,0x0C00,0x0C00,0x0C00,0x0C00,0x0C00,0x0C00,0x0C00,0x0C00,0x0C00,0x0C00,
    0x0C00,0x0C00,0x0C00,0x0C00,0x0C00,0x0C00,0x0C00,0x0C00,0x0C00,0x0C00,0x0C00,0x0C00,0x0C00,0x0C00,0x0C00,0x0C00,
    0x0C00,0x0C00,0x0C00,0x0C00,0x0C00,0x0C00,0x0C00,0x0C00,0x0C00,0x0C00,0x0C00,0x0C00,0x0C00,0x0C00,0x0C00,0x0C00,
    0x0C00,0x0C00,0x0C00,0x0C00,0x0C00,0x0C00,0x0C00,0x0C00,0x0C00,0x0C00,0x0C00,0x0C00,0x0C00,0x0C00,0x0C00,0x0C00,
    0x0C20,0x1061,0x0C20,0x0C00,0x0C00,0x0C00,0x0C00,0x0C00,0x0C00,0x0C00,0x0C00,0x0800,0x1062,0x1483,0x1062,0x0800,
    0x0800,0x0C00,0x0C00,0x0C00,0x0C00,0x0C00,0x0C00,0x0C00,0x0C00,0x0C00,0x0C00,0x0C00,0x0C00,0x0C00,0x0C00,0x0C00,
    0x0C00,0x0C00,0x0C00,0x0C00,0x0C00,0x0C00,0x0C00,0x0C00,0x0C00,0x0C00,0x0C00,0x0C00,0x0C00,0x0C00,0x0C00,0x0C00,
    0x0C00,0x0C00,0x0C00,0x0C00,0x0C00,0x0C00,0x0C00,0x0C00,0x0C00,0x0C00,0x0C00,0x0C00,0x0C00,0x0C00,0x0C00,0x0C00,
    0x0C00,0x0C00,0x0C00,0x0C00,0x0C00,0x0C00,0x0C00,0x0C00,0x0C00,0x0C00,0x0C00,0x0C00,0x0C00,0x0C00,0x0C00,0x0C00,
    0x0C00,0x0C00,0x0C00,0x0C00,0x0C00,0x0C00,0x0C00,0x0C00,0x0C00,0x0C00,0x0C00,0x0C00,0x0C00,0x0C00,0x0C00,0x0C00,
    0x0C00,0x0C00,0x0C00,0x0C00,0x0C00,0x0C00,0x0C00,0x0C00,0x0C00,0x0C00,0x0C00,0x0C00,0x0C00,0x0C00,0x0C00,0x0C00,
    0x0C00,0x0C00,0x0C00,0x0C00,0x0C00,0x0C00,0x0C00,0x0C00,0x0C00,0x0C00,0x0C00,0x0C00,0x0C00,0x0C00,0x0C00,0x0C00,
    0x0C00,0x0C00,0x0C00,0x0C00,0x0C00,0x0C00,0x0C00,0x0C00,0x0C00,0x0C00,0x0C00,0x0C00,0x0C00,0x0C00,0x0C00,0x0C00,
    0x0C00,0x0C00,0x0C00,0x0C00,0x0C00,0x0C00,0x0C00,0x0C00,0x0C00,0x0C00,0x0C00,0x0C00,0x0C00,0x0C00,0x0C00,0x0C00,
    0x0C00,0x0C20,0x1482,0x1062,0x0800,0x0C00,0x0C00,0x0C00,0x0C00,0x0C00,0x0C00,0x0C00,0x0C00,0x0C00,0x0C00,0x0C00,
    0x0C00,0x0C00,0x0C00,0x0C00,0x0C00,0x0C00,0x0C00,0x0C00,0x0C00,0x0C00,0x0C00,0x0C00,0x0C00,0x0C00,0x0C00,0x0C00,
    0x0C00,0x0C00,0x0C00,0x0C00,0x0C00,0x0C00,0x0C00,0x0C00,0x0C00,0x0C00,0x0C00,0x0C00,0x0C00,0x0C00,0x0C00,0x0C00,
    0x0C00,0x0C00,0x0C00,0x0C00,0x0C00,0x0C00,0x0C00,0x0C00,0x0C00,0x0C00,0x0C00,0x0C00,0x0C00,0x0C00,0x0C00,0x0C00,
    0x0C00,0x0C00,0x0C00,0x0C00,0x0C00,0x0C00,0x0C00,0x0C00,0x0C00,0x0C00,0x0C00,0x0C00,0x0C00,0x0C00,0x0C00,0x1061,
    0x1483,0x1041,0x0800,0x0C00,0x0C00,0x0C00,0x0C00,0x0C00,0x0C00,0x0C00,0x0C00,0x1062,0x1483,0x0C41,0x0C00,0x0C00,
    0x0C00,0x0C00,0x0C00,0x0C00,0x0C00,0x0C00,0x0C00,0x0C00,0x0C00,0x0C00,0x0C00,0x0C00,0x0C00,0x0C00,0x0800,0x0C00,
    0x0C00,0x0C00,0x0C00,0x0C00,0x0C00,0x0C00,0x0C00,0x0C00,0x0C00,0x0C00,0x0C00,0x0C00,0x0C00,0x0C00,0x0C00,0x0C00,
    0x0C00,0x0C00,0x0C00,0x0C00,0x0C00,0x0C00,0x0C00,0x0C00,0x0C00,0x0C00,0x0C00,0x0C00,0x0C00,0x0C00,0x0C00,0x0C00,
    0x0C00,0x0C00,0x0C00,0x0C00,0x0C00,0x0C00,0x0C00,0x0C00,0x0C00,0x0C00,0x0C00,0x0C00,0x0C00,0x0C00,0x0C00,0x0C00,
    0x0C00,0x0C00,0x0C00,0x0C00,0x0C00,0x0C00,0x0C00,0x0C00,0x0C00,0x0C00,0x0C00,0x0C00,0x0C00,0x0C00,0x0C00,0x0C00,
    0x0C00,0x0C00,0x0C00,0x0C00,0x0C00,0x0C00,0x0C00,0x0C00,0x0C00,0x0C00,0x0C00,0x0C00,0x0C00,0x0C00,0x0C00,0x0C00,
    0x0C00,0x0C00,0x0C00,0x0C00,0x0C00,0x0C00,0x0C00,0x0C00,0x0C00,0x0C00,0x0C00,0x0C00,0x0C00,0x0C00,0x0C00,0x0C00,
    0x0C00,0x0C00,0x0C00,0x0C00,0x0C00,0x0C00,0x0C00,0x0C00,0x0C00,0x0C00,0x0C00,0x0C00,0x0C00,0x0C00,0x0C00,0x0C00,
    0x0C00,0x0C00,0x0C00,0x0C00,0x0C00,0x0C00,0x0C00,0x0C00,0x0C00,0x0C00,0x0C00,0x0C00,0x0C00,0x0C00,0x0C00,0x0C00,
    0x0C00,0x0C00,0x0C00,0x1062,0x1462,0x0C20,0x0C00,0x0C00,0x0C00,0x0C00,0x0C00,0x0C00,0x0C00,0x0C00,0x0C00,0x0C00,
    0x0C00,0x0C00,0x0C00,0x0C00,0x0C00,0x0C00,0x0C00,0x0C00,0x0C00,0x0800,0x0C00,0x0C00,0x0C00,0x0C00,0x0C00,0x0C00,
    0x0C00,0x0C00,0x0C00,0x0C00,0x0C00,0x0C00,0x0C00,0x0C00,0x0C00,0x0C00,0x0C00,0x0C00,0x0C00,0x0C00,0x0C00,0x0C00,
    0x0C00,0x0C00,0x0C00,0x0C00,0x0C00,0x0C00,0x0C00,0x0C00,0x0C00,0x0C00,0x0C00,0x0C00,0x0C00,0x0C00,0x0C00,0x0C00,
    0x0C00,0x0C00,0x0C00,0x0C00,0x0C00,0x0C00,0x0C00,0x0C00,0x0C00,0x0C00,0x0C00,0x0C00,0x0C00,0x0800,0x1041,0x1483,
    0x1062,0x0C00,0x0800,0x0C00,0x0C00,0x0C00,0x0C00,0x0800,0x0800,0x0C21,0x1483,0x1062,0x0C20,0x0800,0x0C00,0x0C00,
    0x0C00,0x0C00,0x0C00,0x0C00,0x0C00,0x0C00,0x0C00,0x0C00,0x0C00,0x0C00,0x0C00,0x0C00,0x0C00,0x0C00,0x0C00,0x0C00,
    0x0C00,0x0C00,0x0C00,0x0C00,0x0C00,0x0C00,0x0C00,0x0C00,0x0C00,0x0C00,0x0C00,0x0C00,0x0C00,0x0C00,0x0C00,0x0C00,
    0x0C00,0x0C00,0x0C00,0x0C00,0x0C00,0x0C00,0x0C00,0x0C00,0x0C00,0x0C00,0x0C00,0x0C00,0x0C00,0x0C00,0x0C00,0x0C00,
    0x0C00,0x0C00,0x0C00,0x0C00,0x0C00,0x0C00,0x0C00,0x0C00,0x0C00,0x0C00,0x0C00,0x0C00,0x0C00,0x0C00,0x0C00,0x0C00,
    0x0C00,0x0C00,0x0C00,0x0C00,0x0C00,0x0C00,0x0C00,0x0C00,0x0C00,0x0C00,0x0C00,0x0C00,0x0C00,0x0C00,0x0C00,0x0C00,
    0x0C00,0x0C00,0x0C00,0x0C00,0x0C00,0x0C00,0x0C00,0x0C00,0x0C00,0x0C00,0x0C00,0x0C00,0x0C00,0x0C00,0x0C00,0x0C00,
    0x0C00,0x0C00,0x0C00,0x0C00,0x0C00,0x0C00,0x0C00,0x0C00,0x0C00,0x0C00,0x0C00,0x0C00,0x0C00,0x0C00,0x0C00,0x0C00,
    0x0C00,0x0C00,0x0C00,0x0C00,0x0C00,0x0C00,0x0C00,0x0C00,0x0C00,0x0C00,0x0C00,0x0C00,0x0C00,0x0800,0x0C00,0x0C00,
    0x0C00,0x0C00,0x0C00,0x0C00,0x0C00,0x0C00,0x0C00,0x0C00,0x0C00,0x0C00,0x0C00,0x0C00,0x0C00,0x0C00,0x0C00,0x0800,
    0x0C00,0x0C00,0x0C00,0x0C00,0x0C21,0x1483,0x1041,0x0800,0x0C00,0x0C00,0x0C00,0x0C00,0x0C00,0x0C00,0x0C00,0x0C00,
    0x0C20,0x1062,0x0C20,0x0800,0x0800,0x0C00,0x0C00,0x0C00,0x0C00,0x0C00,0x0C00,0x0C00,0x0C00,0x0C00,0x0C00,0x0C00,
    0x0C00,0x0C00,0x0C00,0x0C00,0x0C00,0x0C00,0x0C00,0x0C00,0x0C00,0x0C00,0x0C00,0x0C00,0x0C00,0x0C00,0x0C00,0x0C00,
    0x0C00,0x0C00,0x0C00,0x0C00,0x0C00,0x0C00,0x0C00,0x0C00,0x0C00,0x0C00,0x0C00,0x0C00,0x0C00,0x0C00,0x0C00,0x0C00,
    0x0C00,0x0C00,0x0C00,0x0C00,0x0C00,0x0C00,0x0C00,0x0C00,0x0C00,0x0C00,0x0C00,0x0C00,0x0800,0x0C20,0x1483,0x1062,
    0x0C20,0x0C00,0x0C00,0x0C00,0x0C00,0x0800,0x0800,0x0C41,0x1062,0x1482,0x0C21,0x0800,0x0C00,0x0C00,0x0C00,0x0C00,
    0x0C00,0x0C00,0x0C00,0x0C00,0x0C00,0x0C00,0x0C00,0x0C00,0x0C00,0x0C00,0x0C00,0x0C00,0x0C00,0x0C00,0x0C00,0x0C00,
    0x0C00,0x0C00,0x0C00,0x0C00,0x0C00,0x0C00,0x0C00,0x0C00,0x0C00,0x0C00,0x0C00,0x0C00,0x0C00,0x0C00,0x0C00,0x0C00,
    0x0C00,0x0C00,0x0C00,0x0C00,0x0C00,0x0C00,0x0C00,0x0C00,0x0C00,0x0C00,0x0C00,0x0C00,0x0C00,0x0C00,0x0C00,0x0C00,
    0x0C00,0x0C00,0x0C00,0x0C00,0x0C00,0x0C00,0x0C00,0x0C00,0x0C00,0x0C00,0x0C00,0x0C00,0x0C00,0x0C00,0x0C00,0x0C00,
    0x0C00,0x0C00,0x0C00,0x0C00,0x0C00,0x0C00,0x0C00,0x0C00,0x0C00,0x0C00,0x0C00,0x0C00,0x0C00,0x0C00,0x0C00,0x0C00,
    0x0C00,0x0C00,0x0C00,0x0C00,0x0C00,0x0C00,0x0C00,0x0C00,0x0C00,0x0C00,0x0C00,0x0C00,0x0C00,0x0C00,0x0C00,0x0C00,
    0x0C00,0x0C00,0x0C00,0x0C00,0x0C00,0x0C00,0x0C00,0x0C00,0x0C00,0x0C00,0x0C00,0x0C00,0x0C00,0x0C00,0x0C00,0x0C00,
    0x0C00,0x0C00,0x0C00,0x0C00,0x0C00,0x0C00,0x0C00,0x0C00,0x0C00,0x0C00,0x0C00,0x0C00,0x0C00,0x0C00,0x0C00,0x0C00,
    0x0C00,0x0C00,0x0C00,0x0C00,0x0C00,0x0C00,0x0C00,0x0C00,0x0C00,0x0C00,0x0C00,0x0C00,0x0C00,0x0C00,0x0C00,0x0C00,
    0x0C00,0x0C00,0x0C00,0x0C00,0x0800,0x0C20,0x1041,0x1061,0x1041,0x0C20,0x0C00,0x0C00,0x0C00,0x0C00,0x0C00,0x0C00,
    0x0800,0x1041,0x1483,0x1062,0x0C20,0x0C00,0x0C00,0x0C00,0x0C00,0x0C00,0x0C00,0x0C00,0x0800,0x0C00,0x0C00,0x0C00,
    0x0C00,0x0C00,0x0C00,0x0C00,0x0C00,0x0C00,0x0C00,0x0C00,0x0C00,0x0C00,0x0C00,0x0C00,0x0C00,0x0C00,0x0C00,0x0C00,
    0x0C00,0x0C00,0x0C00,0x0C00,0x0C00,0x0C00,0x0C00,0x0C00,0x0C00,0x0C00,0x0C00,0x0C00,0x0C00,0x0C00,0x0C00,0x0C00,
    0x0C00,0x0C00,0x0C00,0x0C00,0x0C00,0x0C00,0x0C00,0x0C00,0x0C00,0x0C00,0x0C00,0x0C00,0x0C20,0x1482,0x1483,0x0C21,
    0x0800,0x0C00,0x0C00,0x0C00,0x0C00,0x0C20,0x1083,0x18C6,0x14A5,0x0C00,0x0C00,0x0C00,0x0C00,0x0C00,0x0C00,0x0800,
    0x0C00,0x0C00,0x0C00,0x0C00,0x0C00,0x0C00,0x0C00,0x0C00,0x0C00,0x0C00,0x0C00,0x0C00,0x0C00,0x0C00,0x0C00,0x0C00,
    0x0C00,0x0C00,0x0C00,0x0C00,0x0C00,0x0C00,0x0C00,0x0800,0x0C00,0x0C00,0x0C00,0x0C00,0x0C00,0x0C00,0x0C00,0x0C00,
    0x0C00,0x0C00,0x0C00,0x0C00,0x0C00,0x0C00,0x0C00,0x0C00,0x0C00,0x0C00,0x0C00,0x0C00,0x0C00,0x0C00,0x0C00,0x0C00,
    0x0C00,0x0C00,0x0C00,0x0C00,0x0C00,0x0C00,0x0C00,0x0C00,0x0C00,0x0C00,0x0C00,0x0C00,0x0C00,0x0C00,0x0C00,0x0C00,
    0x0C00,0x0C00,0x0C00,0x0C00,0x0C00,0x0C00,0x0C00,0x0C00,0x0C00,0x0C00,0x0C00,0x0C00,0x0800,0x0C00,0x0C00,0x0C00,
    0x0C00,0x0C00,0x0C00,0x0C00,0x0C00,0x0C00,0x0C00,0x0C00,0x0C00,0x0C00,0x0C00,0x0C00,0x0C00,0x0C00,0x0C00,0x0C00,
    0x0C00,0x0C00,0x0C00,0x0C00,0x0C00,0x0C00,0x0C00,0x0C00,0x0C00,0x0C00,0x0C00,0x0C00,0x0C00,0x0C00,0x0C00,0x0C00,
    0x0C00,0x0C00,0x0C00,0x0C00,0x0C00,0x0C00,0x0C00,0x0C00,0x0C00,0x0C00,0x0C00,0x0C00,0x0C00,0x0C00,0x0C00,0x0C00,
    0x0C00,0x0C00,0x0C00,0x0C00,0x0C00,0x0C00,0x0C00,0x0C00,0x0C00,0x0C00,0x0C00,0x0C00,0x0C00,0x0C00,0x0C00,0x0C00,
    0x0C00,0x0C00,0x0C00,0x0C00,0x0C00,0x0C00,0x0800,0x1041,0x1483,0x1462,0x1041,0x0C00,0x0C00,0x0C00,0x0C00,0x0C00,
    0x0C00,0x0C00,0x1041,0x1483,0x1483,0x1041,0x0C00,0x0C00,0x0C00,0x0C00,0x0C00,0x0C00,0x0C00,0x0C00,0x0C00,0x0C00,
    0x0C00,0x0C00,0x0C00,0x0C00,0x0C00,0x0800,0x0C00,0x0C00,0x0C00,0x0C00,0x0C00,0x0C00,0x0C00,0x0C00,0x0C00,0x0C00,
    0x0C00,0x0C00,0x0C00,0x0C00,0x0C00,0x0C00,0x0C00,0x0C00,0x0C00,0x0C00,0x0C00,0x0C00,0x0C00,0x0C00,0x0C00,0x0C00,
    0x0C00,0x0C00,0x0C00,0x0C00,0x0C00,0x0C00,0x0C00,0x0C00,0x0C00,0x0C00,0x0800,0x0C20,0x1062,0x1483,0x1062,0x0800,
    0x0C00,0x0C00,0x0C00,0x0800,0x1041,0x18C5,0x18E7,0x14A4,0x0820,0x0C00,0x0C00,0x0C00,0x0C00,0x0C00,0x0C00,0x0C00,
    0x0C00,0x0C00,0x0C00,0x0C00,0x0C00,0x0C00,0x0C00,0x0C00,0x0C00,0x0C00,0x0C00,0x0C00,0x0C00,0x0C00,0x0C00,0x0C00,
    0x0C00,0x0C00,0x0C00,0x0C00,0x0C00,0x0C00,0x0C00,0x0C00,0x0C00,0x0C00,0x0C00,0x0C00,0x0C00,0x0C00,0x0C00,0x0C00,
    0x0C00,0x0C00,0x0C00,0x0C00,0x0C00,0x0C00,0x0C00,0x0C00,0x0C00,0x0C00,0x0C00,0x0C00,0x0C00,0x0C00,0x0C00,0x0C00,
    0x0C00,0x0C00,0x0C00,0x0C00,0x0C00,0x0C00,0x0C00,0x0C00,0x0C00,0x0C00,0x0C00,0x0C00,0x0C00,0x0C00,0x0C00,0x0C00,
    0x0C00,0x0C00,0x0C00,0x0C00,0x0C00,0x0C00,0x0C00,0x0C00,0x0C00,0x0C00,0x0C00,0x0C00,0x0C00,0x0C00,0x0C00,0x0C00,
    0x0C00,0x0C00,0x0C00,0x0C00,0x0C00,0x0C00,0x0C00,0x0C00,0x0C00,0x0C00,0x0C00,0x0C00,0x0C00,0x0C00,0x0C00,0x0C00,
    0x0C00,0x0C00,0x0C00,0x0C00,0x0C00,0x0C00,0x0C00,0x0C00,0x0C00,0x0C00,0x0800,0x0C00,0x0C00,0x0C00,0x0C00,0x0C00,
    0x0C00,0x0C00,0x0C00,0x0C00,0x0C00,0x0C00,0x0C00,0x0C00,0x0C00,0x0C00,0x0C00,0x0C00,0x0C00,0x0C00,0x0C00,0x0C00,
    0x0C00,0x0C00,0x0C00,0x0C00,0x0C00,0x0C00,0x0C00,0x0C00,0x0C00,0x0C00,0x0C00,0x0C00,0x0C00,0x0C00,0x0C00,0x0C00,
    0x0C00,0x0C00,0x0C00,0x0C00,0x0C00,0x0C00,0x0C00,0x0C00,0x1061,0x1483,0x1482,0x1062,0x1041,0x0C00,0x0800,0x0C00,
    0x0C00,0x0C00,0x0800,0x1061,0x1483,0x1482,0x1041,0x0800,0x0C00,0x0C00,0x0C00,0x0C00,0x0C00,0x0C00,0x0C00,0x0C00,
    0x0C00,0x0C00,0x0C00,0x0C00,0x0C00,0x0C00,0x0C00,0x0C00,0x0C00,0x0C00,0x0C00,0x0C00,0x0C00,0x0C00,0x0C00,0x0C00,
    0x0C00,0x0C00,0x0C00,0x0C00,0x0C00,0x0C00,0x0C00,0x0C00,0x0C00,0x0C00,0x0C00,0x0C00,0x0C00,0x0C00,0x0C00,0x0C00,
    0x0C00,0x0C00,0x0C00,0x0C00,0x0C00,0x0C00,0x0C00,0x0C00,0x0C00,0x0800,0x0C21,0x1462,0x1083,0x1062,0x0C00,0x0800,
    0x0800,0x0800,0x0C20,0x1062,0x14A4,0x14E7,0x18C6,0x0C20,0x0C00,0x0C00,0x0C00,0x0C00,0x0C00,0x0C00,0x0C00,0x0C00,
    0x0C00,0x0C00,0x0C00,0x0C00,0x0C00,0x0C00,0x0C00,0x0C00,0x0C00,0x0C00,0x0C00,0x0C00,0x0C00,0x0C00,0x0C00,0x0C00,
    0x0C00,0x0C00,0x0C00,0x0C00,0x0C00,0x0C00,0x0C00,0x0C00,0x0C00,0x0C00,0x0C00,0x0C00,0x0C00,0x0C00,0x0C00,0x0C00,
    0x0C00,0x0C00,0x0C00,0x0C00,0x0C00,0x0C00,0x0C00,0x0C00,0x0C00,0x0C00,0x0C00,0x0C00,0x0C00,0x0C00,0x0C00,0x0C00,
    0x0C00,0x0C00,0x0C00,0x0C00,0x0C00,0x0C00,0x0C00,0x0C00,0x0C00,0x0C00,0x0C00,0x0C00,0x0C00,0x0C00,0x0C00,0x0C00,
    0x0C00,0x0C00,0x0C00,0x0C00,0x0C00,0x0C00,0x0C00,0x0C00,0x0C00,0x0C00,0x0C00,0x0C00,0x0C00,0x0C00,0x0C00,0x0C00,
    0x0C00,0x0C00,0x0C00,0x0C00,0x0C00,0x0C00,0x0C00,0x0C00,0x0C00,0x0C00,0x0C00,0x0C00,0x0C00,0x0C00,0x0C00,0x0C00,
    0x0C00,0x0C00,0x0C00,0x0C00,0x0C00,0x0C00,0x0C00,0x0C00,0x0C00,0x0C00,0x0C00,0x0C00,0x0C00,0x0C00,0x0C00,0x0C00,
    0x0C00,0x0C00,0x0C00,0x0C00,0x0C00,0x0C00,0x0C00,0x0C00,0x0C00,0x0C00,0x0C00,0x0C00,0x0C00,0x0C00,0x0C00,0x0C00,
    0x0C00,0x0C00,0x0C00,0x0C00,0x0C00,0x0C00,0x0C00,0x0C00,0x0C00,0x0C00,0x0C00,0x0C00,0x0C00,0x0C00,0x0C00,0x0C00,
    0x0C00,0x0C00,0x0C00,0x0C00,0x0C00,0x0C00,0x0C00,0x0C00,0x0800,0x1062,0x1462,0x1082,0x1483,0x1062,0x1041,0x0800,
    0x0C00,0x0C00,0x0C00,0x0800,0x1062,0x1483,0x1083,0x1062,0x0800,0x0C00,0x0C00,0x0C00,0x0C00,0x0C00,0x0C00,0x0C00,
    0x0C00,0x0C00,0x0C00,0x0C00,0x0C00,0x0C00,0x0C00,0x0C00,0x0C00,0x0C00,0x0C00,0x0C00,0x0C00,0x0C00,0x0C00,0x0C00,
    0x0C00,0x0C00,0x0C00,0x0C00,0x0C00,0x0C00,0x0C00,0x0C00,0x0C00,0x0C00,0x0C00,0x0C00,0x0C00,0x0C00,0x0C00,0x0C00,
    0x0C00,0x0C00,0x0C00,0x0C00,0x0C00,0x0C00,0x0C00,0x0C00,0x0C00,0x1041,0x1083,0x1083,0x1062,0x0C00,0x0800,0x0C20,
    0x0C41,0x1062,0x1462,0x14A4,0x18E7,0x18E7,0x1083,0x0800,0x0C00,0x0C00,0x0C00,0x0C00,0x0C00,0x0C00,0x0C00,0x0C00,
    0x0C00,0x0C00,0x0C00,0x0C00,0x0C00,0x0C00,0x0C00,0x0C00,0x0C00,0x0C00,0x0C00,0x0C00,0x0C00,0x0C00,0x0C00,0x0C00,
    0x0C00,0x0C00,0x0C00,0x0C00,0x0C00,0x0C00,0x0C00,0x0C00,0x0C00,0x0C00,0x0C00,0x0C00,0x0C00,0x0C00,0x0C00,0x0C00,
    0x0C00,0x0C00,0x0C00,0x0C00,0x0C00,0x0C00,0x0C00,0x0C00,0x0C00,0x0C00,0x0C00,0x0C00,0x0C00,0x0C00,0x0C00,0x0C00,
    0x0C00,0x0C00,0x0C00,0x0C00,0x0C00,0x0C00,0x0C00,0x0C00,0x0C00,0x0C00,0x0C00,0x0C00,0x0C00,0x0C00,0x0C00,0x0C00,
    0x0C00,0x0C00,0x0C00,0x0C00,0x0C00,0x0C00,0x0C00,0x0C00,0x0C00,0x0C00,0x0C00,0x0C00,0x0C00,0x0C00,0x0C00,0x0C00,
    0x0C00,0x0C00,0x0C00,0x0C00,0x0C00,0x0C00,0x0C00,0x0800,0x0C00,0x0C00,0x0C00,0x0C00,0x0C00,0x0C00,0x0C00,0x0C00,
    0x0C00,0x0C00,0x0C00,0x0C00,0x0C00,0x0C00,0x0C00,0x0C00,0x0C00,0x0C00,0x0C00,0x0C00,0x0C00,0x0C00,0x0C00,0x0C00,
    0x0C00,0x0C00,0x0C00,0x0C00,0x0C00,0x0C00,0x0C00,0x0C00,0x0C00,0x0C00,0x0C00,0x0C00,0x0C00,0x0C00,0x0C00,0x0C00,
    0x0C00,0x0C00,0x0C00,0x0C00,0x0C00,0x0C00,0x0C00,0x0C00,0x0C00,0x0C00,0x0C00,0x0C00,0x0C00,0x0C00,0x0C00,0x0C00,
    0x0C00,0x0C00,0x0C00,0x0C00,0x0C00,0x0C00,0x0C00,0x0C00,0x0800,0x1041,0x1482,0x1462,0x1482,0x1483,0x1483,0x1041,
    0x0C20,0x0800,0x0C00,0x0C00,0x0800,0x0C21,0x1482,0x1483,0x1061,0x0C00,0x0C00,0x0C00,0x0C00,0x0C00,0x0C00,0x0C00,
    0x0C00,0x0C00,0x0C00,0x0C00,0x0C00,0x0C00,0x0C00,0x0C00,0x0C00,0x0C00,0x0C00,0x0C00,0x0C00,0x0C00,0x0C00,0x0C00,
    0x0C00,0x0C00,0x0C00,0x0C00,0x0C00,0x0C00,0x0C00,0x0C00,0x0C00,0x0C00,0x0C00,0x0C00,0x0C00,0x0C00,0x0C00,0x0C00,
    0x0C00,0x0C00,0x0C00,0x0C00,0x0800,0x0800,0x0C00,0x0800,0x1041,0x1483,0x1483,0x1041,0x0800,0x0C20,0x1061,0x1062,
    0x1483,0x1483,0x1484,0x18E7,0x18E7,0x14C6,0x0820,0x0C00,0x0C00,0x0C00,0x0C00,0x0C00,0x0C00,0x0C00,0x0C00,0x0C00,
    0x0C00,0x0C00,0x0C00,0x0C00,0x0C00,0x0C00,0x0C00,0x0C00,0x0C00,0x0C00,0x0C00,0x0C00,0x0C00,0x0C00,0x0C00,0x0C00,
    0x0C00,0x0C00,0x0C00,0x0C00,0x0C00,0x0C00,0x0C00,0x0C00,0x0C00,0x0C00,0x0C00,0x0C00,0x0C00,0x0C00,0x0C00,0x0C00,
    0x0C00,0x0C00,0x0C00,0x0C00,0x0C00,0x0C00,0x0C00,0x0C00,0x0C00,0x0C00,0x0C00,0x0C00,0x0C00,0x0C00,0x0C00,0x0C00,
    0x0C00,0x0C00,0x0C00,0x0C00,0x0C00,0x0C00,0x0C00,0x0C00,0x0C00,0x0C00,0x0C00,0x0C00,0x0C00,0x0C00,0x0C00,0x0C00,
    0x0C00,0x0C00,0x0C00,0x0C00,0x0C00,0x0C00,0x0C00,0x0C00,0x0C00,0x0C00,0x0C00,0x0C00,0x0C00,0x0C00,0x0C00,0x0C00,
    0x0C00,0x0C00,0x0C00,0x0C00,0x0C00,0x0C00,0x0C00,0x0C00,0x0C00,0x0C00,0x0C00,0x0C00,0x0C00,0x0C00,0x0C00,0x0C00,
    0x0C00,0x0C00,0x0C00,0x0C00,0x0C00,0x0C00,0x0C00,0x0C00,0x0C00,0x0C00,0x0800,0x0C00,0x0C00,0x0C00,0x0C00,0x0C00,
    0x0C00,0x0C00,0x0C00,0x0C00,0x0C00,0x0C00,0x0C00,0x0C00,0x0C00,0x0C00,0x0C00,0x0C00,0x0C00,0x0C00,0x0C00,0x0C00,
    0x0C00,0x0C00,0x0C00,0x0C00,0x0C00,0x0C00,0x0C00,0x0C00,0x0C00,0x0C00,0x0C00,0x0C00,0x0C00,0x0C00,0x0C00,0x0C00,
    0x0C00,0x0C00,0x0C00,0x0C00,0x0C00,0x0C00,0x0C00,0x0C00,0x0C00,0x0C20,0x14A5,0x1083,0x1482,0x1462,0x1462,0x1482,
    0x1062,0x1041,0x0800,0x0C00,0x0C00,0x0800,0x0C20,0x1482,0x1483,0x1041,0x0800,0x0C00,0x0C00,0x0C00,0x0C00,0x0C00,
    0x0C00,0x0800,0x0C00,0x0C00,0x0C00,0x0C00,0x0C00,0x0C00,0x0C00,0x0C00,0x0C00,0x0C00,0x0C00,0x0C00,0x0C00,0x0C00,
    0x0C00,0x0C00,0x0C00,0x0C00,0x0C00,0x0C00,0x0C00,0x0C00,0x0C00,0x0C00,0x0C00,0x0C00,0x0C00,0x0C00,0x0C00,0x0C00,
    0x0C00,0x0C00,0x0C00,0x0800,0x0C20,0x0C20,0x0800,0x0C20,0x1483,0x1062,0x0C20,0x0C20,0x1041,0x1482,0x1482,0x1082,
    0x1062,0x1062,0x14C6,0x14E8,0x1908,0x1083,0x0800,0x0C00,0x0C00,0x0C00,0x0C00,0x0C00,0x0C00,0x0C00,0x0C00,0x0C00,
    0x0C00,0x0C00,0x0C00,0x0C00,0x0C00,0x0C00,0x0C00,0x0C00,0x0C00,0x0C00,0x0C00,0x0C00,0x0C00,0x0C00,0x0C00,0x0C00,
    0x0C00,0x0C00,0x0C00,0x0C00,0x0C00,0x0C00,0x0C00,0x0C00,0x0C00,0x0C00,0x0C00,0x0C00,0x0C00,0x0C00,0x0C00,0x0C00,
    0x0C00,0x0C00,0x0C00,0x0C00,0x0C00,0x0C00,0x0C00,0x0C00,0x0C00,0x0C00,0x0C00,0x0C00,0x0C00,0x0C00,0x0C00,0x0C00,
    0x0C00,0x0C00,0x0C00,0x0C20,0x0C00,0x0C00,0x0C00,0x0C00,0x0C00,0x0C00,0x0C00,0x0C00,0x0C00,0x0C00,0x0C00,0x0C00,
    0x0C00,0x0C00,0x0C00,0x0C00,0x0C00,0x0C00,0x0C00,0x0C00,0x0C00,0x0C00,0x0C00,0x0C00,0x0C00,0x0C00,0x0C00,0x0C00,
    0x0C00,0x0C00,0x0C00,0x0C00,0x0C00,0x0C00,0x0C00,0x0C00,0x0C00,0x0C00,0x0C00,0x0C00,0x0C00,0x0C00,0x0C00,0x0C00,
    0x0C00,0x0C00,0x0C00,0x0C00,0x0C00,0x0C00,0x0C00,0x0C00,0x0C00,0x0C00,0x0C00,0x0C00,0x0C00,0x0C00,0x0C00,0x0C00,
    0x0C00,0x0C00,0x0C00,0x0C00,0x0C00,0x0C00,0x0C00,0x0C00,0x0C00,0x0C00,0x0C00,0x0C00,0x0C00,0x0C00,0x0C00,0x0C00,
    0x0C00,0x0C00,0x0C00,0x0C00,0x0C00,0x0C00,0x0C00,0x0C00,0x0C00,0x0C00,0x0C00,0x0C00,0x0C00,0x0C00,0x0C00,0x0C00,
    0x0C00,0x0C00,0x0C00,0x0C00,0x0C00,0x0C00,0x0C00,0x0C00,0x0C00,0x0800,0x1083,0x18E7,0x1062,0x1082,0x1483,0x1062,
    0x1062,0x1483,0x1061,0x0C00,0x0C00,0x0C00,0x0800,0x0C20,0x1483,0x1462,0x0C00,0x0C00,0x0C00,0x0C00,0x0C00,0x0C00,
    0x0C00,0x0C00,0x0C00,0x0C00,0x0C00,0x0C00,0x0C00,0x0C00,0x0C00,0x0C00,0x0C00,0x0C00,0x0C00,0x0C00,0x0C00,0x0C00,
    0x0C00,0x0C00,0x0C00,0x0C00,0x0C00,0x0C00,0x0C00,0x0C00,0x0C00,0x0C00,0x0C00,0x0C00,0x0C00,0x0C00,0x0C00,0x0C00,
    0x0C00,0x0C00,0x0800,0x0C20,0x1062,0x0800,0x0800,0x0C20,0x1061,0x0C00,0x0C00,0x1462,0x1483,0x1462,0x1482,0x1482,
    0x1062,0x1484,0x14E8,0x18E8,0x14C6,0x0C20,0x0C00,0x0C00,0x0C00,0x0C00,0x0C00,0x0C00,0x0C00,0x0C00,0x0C00,0x0C00,
    0x0C00,0x0C00,0x0C00,0x0C00,0x0C00,0x0C00,0x0C00,0x0C00,0x0C00,0x0C00,0x0C00,0x0C00,0x0C00,0x0C00,0x0C00,0x0C00,
    0x0C00,0x0C00,0x0C00,0x0C00,0x0C00,0x0C00,0x0C00,0x0C00,0x0C00,0x0C00,0x0C00,0x0C00,0x0C00,0x0C00,0x0C00,0x0C00,
    0x0C00,0x0C00,0x0C00,0x0C00,0x0C00,0x0C00,0x0C00,0x0C00,0x0C00,0x0C00,0x0800,0x0C00,0x0C00,0x0C00,0x0C20,0x1041,
    0x1041,0x0C21,0x0C20,0x0C20,0x0C20,0x0C00,0x0C00,0x0C00,0x0C00,0x0C00,0x0C00,0x0C00,0x0C00,0x0C00,0x0C00,0x0C00,
    0x0C00,0x0C00,0x0C00,0x0C00,0x0C00,0x0C00,0x0C00,0x0C00,0x0C00,0x0C00,0x0C00,0x0C00,0x0C00,0x0C00,0x0C00,0x0C00,
    0x0C00,0x0C00,0x0C00,0x0C00,0x0C00,0x0C00,0x0C00,0x0C00,0x0C00,0x0C00,0x0C00,0x0C00,0x0C00,0x0C00,0x0C00,0x0C00,
    0x0C00,0x0C00,0x0C00,0x0C00,0x0800,0x0C00,0x0C00,0x0C00,0x0C00,0x0800,0x0800,0x0800,0x0C00,0x0C00,0x0C00,0x0C00,
    0x0C00,0x0C00,0x0C00,0x0C00,0x0C00,0x0C00,0x0C00,0x0C00,0x0C00,0x0C00,0x0C00,0x0C00,0x0C00,0x0C00,0x0C00,0x0C00,
    0x0C00,0x0C00,0x0C00,0x0C00,0x0C00,0x0C00,0x0C00,0x0C00,0x0C00,0x0C00,0x0C00,0x0C00,0x0C00,0x0C00,0x0C00,0x0C00,
    0x0C00,0x0C00,0x0C00,0x0C00,0x0C00,0x0C00,0x0C00,0x0C00,0x0C00,0x0C00,0x0800,0x18C6,0x14A4,0x1083,0x14A5,0x1062,
    0x1482,0x1082,0x1483,0x1041,0x0C00,0x0C00,0x0C00,0x0800,0x1041,0x1482,0x0C00,0x0C00,0x0C00,0x0C00,0x0C20,0x0C00,
    0x0C00,0x0C00,0x0C00,0x0C00,0x0C00,0x0C00,0x0C00,0x0C00,0x0C00,0x0C00,0x0C00,0x0C00,0x0C00,0x0C00,0x0C00,0x0C00,
    0x0C00,0x0C00,0x0C00,0x0C00,0x0C00,0x0C00,0x0C00,0x0C00,0x0C00,0x0C00,0x0C00,0x0C00,0x0C00,0x0C00,0x0C00,0x0C00,
    0x0C00,0x0800,0x1041,0x1483,0x0C21,0x0800,0x0C00,0x0C00,0x0800,0x0C20,0x1482,0x1482,0x1462,0x1482,0x1482,0x1062,
    0x1083,0x18E7,0x14E8,0x18E7,0x1062,0x0800,0x0C00,0x0C00,0x0C00,0x0C00,0x0C00,0x0C00,0x0C00,0x0C00,0x0C00,0x0C00,
    0x0C00,0x0C00,0x0C00,0x0C00,0x0C00,0x0C00,0x0C00,0x0C00,0x0C00,0x0C00,0x0C00,0x0C00,0x0C00,0x0C00,0x0C00,0x0C00,
    0x0C00,0x0C00,0x0C00,0x0C00,0x0C00,0x0C00,0x0C00,0x0C00,0x0C00,0x0C00,0x0C00,0x0C00,0x0C00,0x0C00,0x0C00,0x0C00,
    0x0C00,0x0C00,0x0C00,0x0C00,0x0800,0x0800,0x0800,0x0C00,0x0C20,0x0C41,0x1041,0x1483,0x1061,0x0C20,0x0C20,0x0C00,
    0x0C20,0x0C20,0x0C00,0x0800,0x0800,0x0C00,0x0C00,0x0C00,0x0C00,0x0C00,0x0C00,0x0C00,0x0C00,0x0C00,0x0C00,0x0C00,
    0x0C00,0x0C00,0x0C00,0x0C00,0x0C00,0x0C00,0x0C00,0x0C00,0x0C00,0x0C00,0x0C00,0x0C00,0x0C00,0x0C00,0x0C00,0x0C00,
    0x0C00,0x0C00,0x0C00,0x0C00,0x0C00,0x0C00,0x0C00,0x0C00,0x0C00,0x0C00,0x0C00,0x0C00,0x0C00,0x0C00,0x0C00,0x0C00,
    0x0C00,0x1041,0x1041,0x1462,0x1482,0x1482,0x1462,0x1062,0x1062,0x1062,0x1062,0x1041,0x0800,0x0800,0x0C00,0x0C00,
    0x0C00,0x0C00,0x0C00,0x0C00,0x0C00,0x0C00,0x0C00,0x0C00,0x0C00,0x0C00,0x0C00,0x0C00,0x0C00,0x0C00,0x0C00,0x0C00,
    0x0C00,0x0C00,0x0C00,0x0C00,0x0C00,0x0C00,0x0C00,0x0C00,0x0C00,0x0C00,0x0C00,0x0C00,0x0C00,0x0C00,0x0C00,0x0C00,
    0x0C00,0x0C00,0x0C00,0x0C00,0x0C00,0x0C00,0x0C00,0x0C00,0x0C00,0x0C00,0x0800,0x1062,0x18E7,0x1062,0x14A4,0x18C6,
    0x1062,0x1482,0x1082,0x1482,0x0C20,0x0800,0x0800,0x0C00,0x0C00,0x1482,0x0C20,0x0800,0x0C00,0x0C00,0x1062,0x0C20,
    0x0C00,0x0C00,0x0C00,0x0C00,0x0C00,0x0C00,0x0C00,0x0C00,0x0C00,0x0C00,0x0C00,0x0C00,0x0C00,0x0C00,0x0C00,0x0C00,
    0x0C00,0x0C00,0x0C00,0x0C00,0x0C00,0x0C00,0x0C00,0x0C00,0x0C00,0x0C00,0x0C00,0x0C00,0x0C00,0x0C00,0x0C00,0x0C00,
    0x0C00,0x0C20,0x1483,0x1483,0x0C20,0x0800,0x0C00,0x0800,0x0C00,0x1062,0x1482,0x1462,0x1482,0x1482,0x1482,0x1062,
    0x1084,0x14E8,0x1908,0x14A5,0x0800,0x0C00,0x0C00,0x0C00,0x0C00,0x0C00,0x0C00,0x0C00,0x0C00,0x0C00,0x0C00,0x0C00,
    0x0C00,0x0C00,0x0C00,0x0C00,0x0C00,0x0C00,0x0C00,0x0C00,0x0C00,0x0C00,0x0C00,0x0C00,0x0C00,0x0C00,0x0C00,0x0C00,
    0x0C00,0x0C00,0x0C00,0x0C00,0x0C00,0x0C00,0x0C00,0x0C00,0x0C00,0x0C00,0x0C00,0x0C00,0x0C00,0x0C00,0x0C00,0x0C00,
    0x0C00,0x0C00,0x0800,0x0C20,0x0C20,0x0C20,0x0C20,0x1062,0x1482,0x1061,0x0C41,0x0C20,0x0800,0x0800,0x0C00,0x0C00,
    0x0C00,0x0C00,0x0C00,0x0C00,0x0C00,0x0C00,0x0C00,0x0C00,0x0C00,0x0C00,0x0C00,0x0C00,0x0C00,0x0C00,0x0C00,0x0C00,
    0x0C00,0x0C00,0x0C00,0x0C00,0x0C00,0x0C00,0x0C00,0x0C00,0x0C00,0x0C00,0x0C00,0x0C00,0x0C00,0x0C00,0x0C00,0x0C00,
    0x0C00,0x0C00,0x0C00,0x0C00,0x0C00,0x0C00,0x0C00,0x0C00,0x0C00,0x0C00,0x0C00,0x0C00,0x0C00,0x0C00,0x0C00,0x0C00,
    0x0C00,0x0C00,0x0800,0x0C00,0x0C00,0x0C41,0x1062,0x1482,0x1482,0x1482,0x1082,0x1083,0x1062,0x0C20,0x0C00,0x0C00,
    0x0C00,0x0C00,0x0C00,0x0C00,0x0C00,0x0C00,0x0C00,0x0C00,0x0C00,0x0C00,0x0C00,0x0C00,0x0C00,0x0C00,0x0C00,0x0C00,
    0x0C00,0x0C00,0x0C00,0x0C00,0x0C00,0x0C00,0x0C00,0x0C00,0x0C00,0x0C00,0x0C00,0x0C00,0x0C00,0x0C00,0x0C00,0x0C00,
    0x0C00,0x0C00,0x0C00,0x0C00,0x0C00,0x0C00,0x0C00,0x0C00,0x0C00,0x0C00,0x0C00,0x0800,0x14A5,0x14C6,0x1062,0x14C6,
    0x14C5,0x1082,0x1062,0x1062,0x1483,0x1061,0x0800,0x0800,0x0800,0x1062,0x1062,0x0C00,0x0C00,0x0C00,0x1062,0x1062,
    0x0800,0x0C00,0x0C00,0x0C00,0x0C00,0x0C00,0x0C00,0x0C00,0x0C00,0x0C00,0x0C00,0x0800,0x0C00,0x0C00,0x0C00,0x0C00,
    0x0C00,0x0C00,0x0C00,0x0C00,0x0C00,0x0C00,0x0C00,0x0C00,0x0C00,0x0C00,0x0C00,0x0C00,0x0C00,0x0C00,0x0C00,0x0C00,
    0x0C00,0x1462,0x1483,0x1062,0x0C00,0x0C00,0x0C00,0x0800,0x1041,0x1482,0x1462,0x1482,0x1482,0x1062,0x1062,0x1063,
    0x14C6,0x18E8,0x1908,0x1062,0x0800,0x0C00,0x0C00,0x0C00,0x0C00,0x0C00,0x0C00,0x0C00,0x0C00,0x0C00,0x0C00,0x0C00,
    0x0C00,0x0C00,0x0C00,0x0C00,0x0C00,0x0C00,0x0C00,0x0C00,0x0C00,0x0C00,0x0C00,0x0C00,0x0C00,0x0C00,0x0C00,0x0C00,
    0x0C00,0x0C00,0x0C00,0x0C00,0x0C00,0x0C00,0x0C00,0x0C00,0x0C00,0x0C00,0x0C00,0x0C00,0x0C00,0x0800,0x0C00,0x0C20,
    0x0C20,0x1041,0x1061,0x1482,0x1483,0x1483,0x1482,0x1041,0x0C20,0x0800,0x0800,0x0C00,0x0C00,0x0C00,0x0C00,0x0C00,
    0x0C00,0x0C00,0x0C00,0x0C00,0x0C00,0x0C00,0x0C00,0x0C00,0x0C00,0x0C00,0x0C00,0x0C00,0x0C00,0x0C00,0x0C00,0x0C00,
    0x0C00,0x0C00,0x0C00,0x0C00,0x0C00,0x0C00,0x0C00,0x0C00,0x0C00,0x0C00,0x0800,0x0C00,0x0800,0x0800,0x0C00,0x0C00,
    0x0C00,0x0C00,0x0C00,0x0C00,0x0C00,0x0C00,0x0C00,0x0C00,0x0C00,0x0C00,0x0C00,0x0C00,0x0C00,0x0C00,0x0C00,0x0C00,
    0x0C00,0x0C00,0x0C00,0x0C00,0x0C00,0x0C00,0x0C00,0x0C20,0x0C20,0x1041,0x1462,0x1482,0x1083,0x1483,0x1041,0x0C00,
    0x0800,0x0800,0x0C00,0x0C00,0x0C00,0x0C00,0x0C00,0x0C00,0x0800,0x0C00,0x0C00,0x0C00,0x0C00,0x0C00,0x0C00,0x0C00,
    0x0C00,0x0C00,0x0C00,0x0C00,0x0C00,0x0C00,0x0C00,0x0C00,0x0C00,0x0C00,0x0C00,0x0C00,0x0C00,0x0C00,0x0C00,0x0C00,
    0x0C00,0x0C00,0x0C00,0x0C00,0x0C00,0x0C00,0x0C00,0x0C00,0x0C00,0x0C00,0x0C00,0x0800,0x0C41,0x1908,0x14A5,0x14A5,
    0x1908,0x14A4,0x1462,0x1482,0x1062,0x1082,0x1062,0x0C20,0x0800,0x0C41,0x1483,0x0C20,0x0C00,0x0800,0x1062,0x1483,
    0x0C00,0x0C00,0x0C00,0x0C00,0x0C00,0x0C00,0x0C00,0x0C00,0x0C00,0x0C00,0x0C00,0x0C00,0x0C00,0x0C00,0x0C00,0x0C00,
    0x0C00,0x0C00,0x0C00,0x0C00,0x0C00,0x0C00,0x0C00,0x0C00,0x0C00,0x0C00,0x0C00,0x0C00,0x0C00,0x0C00,0x0C00,0x0C00,
    0x0C20,0x1483,0x1083,0x1041,0x0C00,0x0C00,0x0C00,0x0C20,0x1482,0x1462,0x1062,0x1062,0x1062,0x1062,0x1083,0x14C6,
    0x1908,0x1908,0x14C5,0x0800,0x0C00,0x0C00,0x0C00,0x0C00,0x0C00,0x0C00,0x0C00,0x0C00,0x0C00,0x0C00,0x0C00,0x0C00,
    0x0C00,0x0C00,0x0C00,0x0C00,0x0C00,0x0C00,0x0C00,0x0C00,0x0C00,0x0C00,0x0C00,0x0C00,0x0C00,0x0C00,0x0C00,0x0C00,
    0x0C00,0x0C00,0x0C00,0x0C00,0x0C00,0x0C00,0x0C00,0x0C00,0x0800,0x0800,0x0C20,0x0C20,0x0C20,0x1041,0x1061,0x1462,
    0x1082,0x1483,0x1482,0x1062,0x1041,0x0C20,0x0C21,0x0C20,0x0800,0x0C00,0x0C00,0x0C00,0x0C00,0x0C00,0x0C00,0x0C00,
    0x0C00,0x0C00,0x0C00,0x0C00,0x0C00,0x0C00,0x0C00,0x0C00,0x0C00,0x0800,0x0C00,0x0C00,0x0C00,0x0800,0x0800,0x0800,
    0x0800,0x0800,0x0800,0x0800,0x0800,0x0800,0x0800,0x0C00,0x0C20,0x0C20,0x0C20,0x0C20,0x0C20,0x0C20,0x0C20,0x0C20,
    0x0800,0x0800,0x0800,0x0800,0x0800,0x0800,0x0C00,0x0C00,0x0800,0x0C00,0x0C00,0x0C00,0x0C00,0x0C00,0x0C00,0x0C00,
    0x0C00,0x0C00,0x0C00,0x0C00,0x0C00,0x0C00,0x0C00,0x0C00,0x0C00,0x0C00,0x0C00,0x0C20,0x1062,0x1062,0x1483,0x1062,
    0x1041,0x1041,0x0C20,0x0C00,0x0800,0x0C00,0x0C00,0x0C00,0x0C00,0x0C00,0x0C00,0x0C00,0x0C00,0x0C00,0x0C00,0x0C00,
    0x0C00,0x0C00,0x0C00,0x0C00,0x0C00,0x0C00,0x0C00,0x0C00,0x0C00,0x0C00,0x0C00,0x0C00,0x0C00,0x0C00,0x0C00,0x0C00,
    0x0C00,0x0C00,0x0C00,0x0C00,0x0C00,0x0C00,0x0C00,0x0C00,0x0C00,0x0C00,0x0C00,0x0C00,0x0800,0x1084,0x1909,0x1908,
    0x1908,0x1484,0x1062,0x1482,0x1062,0x1062,0x1482,0x1062,0x0C00,0x0C00,0x0C20,0x0C00,0x0C00,0x0800,0x0C20,0x1483,
    0x0C41,0x0800,0x0C00,0x0C00,0x0C00,0x0C00,0x0C00,0x0C00,0x0C00,0x0C00,0x0C00,0x0C00,0x0C00,0x0C00,0x0C00,0x0C00,
    0x0C00,0x0C00,0x0C00,0x0C00,0x0C00,0x0C00,0x0C00,0x0C00,0x0C00,0x0C00,0x0C00,0x0C00,0x0C00,0x0C00,0x0C00,0x0C00,
    0x1062,0x1483,0x1082,0x0800,0x0C00,0x0C00,0x0C00,0x1062,0x1483,0x1462,0x1062,0x1484,0x14C5,0x14C6,0x18E7,0x1908,
    0x14E8,0x1908,0x1062,0x0800,0x0C00,0x0C00,0x0C00,0x0C00,0x0C00,0x0C00,0x0C00,0x0C00,0x0C00,0x0C00,0x0C00,0x0C00,
    0x0C00,0x0C00,0x0C00,0x0C00,0x0C00,0x0C00,0x0C00,0x0C00,0x0C00,0x0C00,0x0C00,0x0C00,0x0C00,0x0C00,0x0C00,0x0C00,
    0x0C00,0x0C00,0x0C00,0x0C00,0x0800,0x0C00,0x0C00,0x0C00,0x0C20,0x1041,0x1062,0x1482,0x1462,0x1462,0x1483,0x14A4,
    0x14A4,0x1041,0x0C21,0x0C21,0x1061,0x1483,0x1041,0x0800,0x0C00,0x0C00,0x0C00,0x0C00,0x0C00,0x0C00,0x0C00,0x0C00,
    0x0C00,0x0C00,0x0C00,0x0C00,0x0C00,0x0C00,0x0C00,0x0800,0x0800,0x0C00,0x0C00,0x0C00,0x0C20,0x1041,0x1041,0x1041,
    0x1041,0x1041,0x1041,0x1041,0x1041,0x1041,0x1041,0x1061,0x1482,0x1462,0x1462,0x1462,0x1462,0x1462,0x1462,0x1482,
    0x1041,0x1041,0x1041,0x1041,0x1041,0x1041,0x0C21,0x0C20,0x0C20,0x0C20,0x0C00,0x0C00,0x0C00,0x0C00,0x0800,0x0800,
    0x0C00,0x0C00,0x0C00,0x0C00,0x0C00,0x0C00,0x0C00,0x0C00,0x0C00,0x0C00,0x0C00,0x0C00,0x0800,0x0C20,0x0C41,0x1462,
    0x1483,0x1483,0x1483,0x1062,0x1041,0x0C20,0x0C00,0x0800,0x0C00,0x0C00,0x0C00,0x0C00,0x0C00,0x0C00,0x0C00,0x0C00,
    0x0C00,0x0C00,0x0C00,0x0C00,0x0C00,0x0C00,0x0C00,0x0C00,0x0C00,0x0C00,0x0C00,0x0C00,0x0C00,0x0C00,0x0C00,0x0C00,
    0x0C00,0x0C00,0x0C00,0x0C00,0x0C00,0x0C00,0x0C00,0x0C00,0x0C00,0x0C00,0x0C00,0x0C00,0x0C00,0x0821,0x1D4B,0x1908,
    0x18E8,0x18C6,0x1062,0x1062,0x1062,0x1062,0x1062,0x1482,0x1062,0x0C00,0x0C00,0x0C00,0x0C00,0x0800,0x0C20,0x1083,
    0x1062,0x0800,0x0C00,0x0C00,0x0C00,0x0C00,0x0C00,0x0C00,0x0C00,0x0C00,0x0C00,0x0C00,0x0C00,0x0C00,0x0C00,0x0C00,
    0x0C00,0x0C00,0x0C00,0x0C00,0x0C00,0x0C00,0x0C00,0x0C00,0x0C00,0x0C00,0x0C00,0x0C00,0x0C00,0x0C00,0x0C00,0x0C20,
    0x1483,0x1083,0x1062,0x0800,0x0800,0x0800,0x1041,0x1483,0x1482,0x1083,0x14C6,0x18C6,0x14A4,0x1483,0x1484,0x18E7,
    0x1908,0x14C6,0x0800,0x0C00,0x0C00,0x0C00,0x0C00,0x0C00,0x0C00,0x0C00,0x0C00,0x0C00,0x0C00,0x0C00,0x0C00,0x0C00,
    0x0C00,0x0C00,0x0C00,0x0C00,0x0C00,0x0C00,0x0C00,0x0C00,0x0C00,0x0C00,0x0C00,0x0C00,0x0C00,0x0C00,0x0C00,0x0800,
    0x0C00,0x0800,0x0C20,0x1041,0x1041,0x1062,0x1462,0x1462,0x1482,0x1482,0x1062,0x1062,0x1083,0x14A4,0x14A4,0x1063,
    0x0820,0x0C20,0x1062,0x1483,0x1062,0x0C20,0x0800,0x0800,0x0C00,0x0C00,0x0C00,0x0C00,0x0C00,0x0C00,0x0C00,0x0C00,
    0x0C00,0x0C00,0x0C00,0x0C20,0x0C20,0x0C21,0x0C21,0x0C21,0x0C20,0x1062,0x1462,0x1062,0x1462,0x1482,0x1483,0x1483,
    0x1483,0x1483,0x1483,0x1482,0x1482,0x1482,0x1483,0x1482,0x1482,0x1482,0x1482,0x1482,0x1482,0x1482,0x1482,0x1482,
    0x1482,0x1482,0x1482,0x1483,0x1482,0x1482,0x1482,0x1041,0x0C21,0x1061,0x1062,0x1062,0x1482,0x1482,0x1041,0x1041,
    0x1041,0x0C00,0x0C00,0x0C00,0x0C00,0x0C00,0x0C00,0x0C00,0x0C00,0x0C00,0x0C00,0x0C00,0x0C00,0x0C00,0x0C00,0x0C00,
    0x1041,0x1062,0x1483,0x1083,0x1483,0x1482,0x1062,0x1041,0x0C00,0x0C00,0x0C00,0x0C00,0x0C00,0x0800,0x0C00,0x0C00,
    0x0C00,0x0C00,0x0C00,0x0C00,0x0C00,0x0C00,0x0C00,0x0C00,0x0C00,0x0C00,0x0C00,0x0C00,0x0C00,0x0C00,0x0C00,0x0C00,
    0x0C00,0x0C00,0x0C00,0x0C00,0x0C00,0x0C00,0x0C00,0x0C00,0x0C00,0x0C00,0x0C00,0x0C00,0x0C00,0x0800,0x14C6,0x1D4B,
    0x14E7,0x1908,0x14C6,0x1083,0x1062,0x1482,0x1482,0x1062,0x1483,0x0C21,0x0800,0x0C00,0x0C00,0x0800,0x0C20,0x1062,
    0x1062,0x0800,0x0C00,0x0C00,0x0C00,0x0C00,0x0C00,0x0C00,0x0800,0x0C00,0x0C00,0x0C00,0x0C00,0x0C00,0x0C00,0x0C00,
    0x0C00,0x0C00,0x0C00,0x0C00,0x0C00,0x0C00,0x0C00,0x0C00,0x0C00,0x0C00,0x0C00,0x0C00,0x0C00,0x0C00,0x0800,0x0C21,
    0x1483,0x1482,0x1062,0x0800,0x0C00,0x0800,0x1062,0x1483,0x1083,0x18C5,0x14A4,0x1062,0x1062,0x1062,0x14A5,0x1908,
    0x14A5,0x0C21,0x0800,0x0C00,0x0C00,0x0C00,0x0C00,0x0C00,0x0C00,0x0C00,0x0C00,0x0C00,0x0C00,0x0C00,0x0C00,0x0C00,
    0x0C00,0x0C00,0x0C00,0x0C00,0x0C00,0x0C00,0x0C00,0x0C00,0x0C00,0x0C00,0x0C00,0x0800,0x0800,0x0800,0x0C20,0x0C21,
    0x1062,0x1062,0x1082,0x1482,0x1482,0x1482,0x1482,0x1062,0x1062,0x1062,0x1483,0x18C6,0x18C6,0x1062,0x0800,0x0800,
    0x0C41,0x1062,0x14A4,0x1062,0x0800,0x0800,0x0800,0x0800,0x0C00,0x0C00,0x0800,0x0800,0x0C00,0x0C00,0x0C20,0x1041,
    0x1062,0x1062,0x1062,0x1462,0x1462,0x1482,0x1482,0x1483,0x1482,0x1482,0x1482,0x1482,0x1482,0x1462,0x1062,0x1062,
    0x1462,0x1482,0x1082,0x1482,0x1482,0x1482,0x1482,0x1482,0x1482,0x1482,0x1482,0x1462,0x1482,0x1482,0x1482,0x1482,
    0x1482,0x1482,0x1482,0x1482,0x1482,0x1482,0x1062,0x1062,0x1062,0x1062,0x0C41,0x0C21,0x1041,0x0C41,0x1062,0x1482,
    0x1483,0x1482,0x1062,0x0C21,0x0800,0x0C00,0x0800,0x0C00,0x0C00,0x0C00,0x0C00,0x0C00,0x0C00,0x0C00,0x0C00,0x0C00,
    0x0C00,0x0C00,0x0C20,0x1062,0x1483,0x1462,0x1483,0x1483,0x1462,0x0800,0x0800,0x0C20,0x1061,0x1041,0x0C20,0x0800,
    0x0800,0x0800,0x0800,0x0C00,0x0C00,0x0C00,0x0C00,0x0C00,0x0C00,0x0C00,0x0C00,0x0C00,0x0C00,0x0C00,0x0C00,0x0C00,
    0x0C00,0x0C00,0x0C00,0x0C00,0x0C00,0x0C00,0x0C00,0x0C00,0x0C00,0x0C00,0x0C00,0x0C00,0x0C00,0x0800,0x0400,0x14C7,
    0x190A,0x14E7,0x1908,0x18E8,0x1484,0x1462,0x1462,0x1063,0x1082,0x1062,0x0800,0x0800,0x0800,0x0C00,0x0800,0x1061,
    0x1483,0x0C41,0x0800,0x0C00,0x0C00,0x0C20,0x0C20,0x0800,0x0C00,0x0C00,0x0C00,0x0C00,0x0C00,0x0C00,0x0C00,0x0C00,
    0x0C00,0x0C00,0x0C00,0x0C00,0x0C00,0x0C00,0x0C00,0x0C00,0x0C00,0x0C00,0x0C00,0x0C00,0x0C00,0x0C00,0x0C00,0x1062,
    0x1483,0x1482,0x1062,0x0800,0x0800,0x0C41,0x1482,0x1483,0x1083,0x1083,0x1062,0x1462,0x1083,0x18E7,0x1908,0x1084,
    0x1083,0x0C00,0x0C00,0x0C00,0x0C00,0x0C00,0x0C00,0x0C00,0x0C00,0x0C00,0x0C00,0x0C00,0x0C00,0x0C00,0x0C00,0x0C00,
    0x0C00,0x0C00,0x0C00,0x0C00,0x0C00,0x0C00,0x0C00,0x0C00,0x0C00,0x0C00,0x0C00,0x0C20,0x0C20,0x1041,0x1462,0x1483,
    0x1482,0x1482,0x1062,0x1462,0x1062,0x1062,0x1062,0x1083,0x1484,0x18C5,0x18E7,0x1083,0x0C20,0x0800,0x0C20,0x1062,
    0x1062,0x18C5,0x1484,0x0800,0x0C00,0x0C00,0x0800,0x0800,0x0800,0x0800,0x0C20,0x0C41,0x1041,0x1462,0x1482,0x1483,
    0x1482,0x1462,0x1083,0x14A4,0x14A4,0x1062,0x1062,0x1462,0x1062,0x1462,0x1482,0x1462,0x1462,0x1462,0x1462,0x1462,
    0x1482,0x1482,0x1482,0x1482,0x1482,0x1482,0x1482,0x1482,0x1482,0x1482,0x1482,0x1462,0x1462,0x1482,0x1482,0x1482,
    0x1482,0x1482,0x1482,0x1482,0x1482,0x1482,0x1062,0x1482,0x1482,0x1482,0x1482,0x1482,0x1062,0x1041,0x0C21,0x0C20,
    0x0C21,0x1062,0x1483,0x1482,0x1062,0x1062,0x0C21,0x0800,0x0800,0x0C00,0x0C00,0x0C00,0x0C00,0x0C00,0x0C00,0x0C00,
    0x0C00,0x0C00,0x0C00,0x0800,0x1062,0x14A4,0x1062,0x1082,0x1482,0x1062,0x0800,0x0800,0x0C41,0x1483,0x1462,0x1062,
    0x1062,0x0C21,0x0C20,0x0C00,0x0800,0x0C00,0x0C00,0x0C00,0x0C00,0x0800,0x0C00,0x0C00,0x0C00,0x0C00,0x0C00,0x0C00,
    0x0C00,0x0C00,0x0C00,0x0C00,0x0C00,0x0C00,0x0C00,0x0C00,0x0C00,0x0C00,0x0C00,0x0C00,0x0C00,0x0C00,0x0800,0x1062,
    0x10A5,0x1909,0x1908,0x1908,0x1908,0x14C6,0x1484,0x1062,0x1062,0x1082,0x1041,0x0800,0x0C00,0x0C00,0x0800,0x1062,
    0x1483,0x1062,0x0C00,0x0800,0x0C00,0x0C00,0x1041,0x0800,0x0C00,0x0C00,0x0C00,0x0C00,0x0C00,0x0C00,0x0C00,0x0C00,
    0x0C00,0x0C00,0x0C00,0x0C00,0x0C00,0x0C00,0x0C00,0x0C00,0x0C00,0x0C00,0x0C00,0x0C00,0x0C00,0x0800,0x0C20,0x1483,
    0x1482,0x14A4,0x1062,0x0800,0x0C20,0x1082,0x1062,0x1482,0x1483,0x1482,0x1482,0x1484,0x18E8,0x14C7,0x1062,0x0C41,
    0x14C6,0x0C00,0x0C00,0x0C00,0x0C00,0x0C00,0x0C00,0x0C00,0x0C00,0x0C00,0x0C00,0x0C00,0x0C00,0x0C00,0x0C00,0x0C00,
    0x0C00,0x0C00,0x0C00,0x0C00,0x0C00,0x0C00,0x0C00,0x0C00,0x0C20,0x1061,0x1062,0x1462,0x1483,0x1483,0x1462,0x1062,
    0x1462,0x1462,0x1062,0x1062,0x1483,0x14A4,0x14C6,0x18C6,0x18E7,0x14A4,0x0C20,0x0800,0x0800,0x0C20,0x1062,0x1082,
    0x14A4,0x1083,0x0C00,0x0800,0x0800,0x0800,0x0C00,0x0C20,0x0C21,0x1062,0x1062,0x1482,0x1482,0x1482,0x1482,0x1462,
    0x1082,0x1083,0x18C6,0x18E7,0x18C6,0x14A4,0x1062,0x1062,0x1062,0x1062,0x1062,0x1483,0x1483,0x1483,0x1483,0x1062,
    0x1482,0x1082,0x1082,0x1062,0x1062,0x1062,0x1062,0x1062,0x1462,0x1482,0x1482,0x1482,0x1482,0x1482,0x1483,0x1482,
    0x1482,0x1462,0x1062,0x1462,0x1482,0x1482,0x1482,0x1482,0x1462,0x1462,0x1462,0x1462,0x1482,0x1483,0x1483,0x1062,
    0x0C21,0x0C20,0x1061,0x1462,0x1483,0x1482,0x1482,0x1062,0x0C20,0x0800,0x0800,0x0800,0x0C00,0x0C00,0x0C00,0x0C00,
    0x0C00,0x0C00,0x0C00,0x0C00,0x0800,0x14A5,0x14A4,0x1062,0x1482,0x1482,0x1062,0x0800,0x0800,0x1041,0x1483,0x1482,
    0x1483,0x1483,0x1483,0x1062,0x1061,0x0C00,0x0800,0x0C00,0x0C00,0x0C00,0x0C00,0x0C00,0x0C00,0x0C00,0x0C00,0x0C00,
    0x0C00,0x0C00,0x0C00,0x0C00,0x0C00,0x0C00,0x0C00,0x0C00,0x0C00,0x0C00,0x0C00,0x0C00,0x0800,0x0C00,0x0C00,0x14C5,
    0x0842,0x0C64,0x1D4B,0x1D4B,0x1909,0x1908,0x1908,0x1083,0x1062,0x1062,0x1062,0x0C00,0x0800,0x0C00,0x0C00,0x1062,
    0x1483,0x1482,0x0C20,0x0C00,0x0C00,0x0800,0x1062,0x0C20,0x0800,0x0C00,0x0C00,0x0C00,0x0C00,0x0C00,0x0C00,0x0C00,
    0x0C00,0x0C00,0x0C00,0x0C00,0x0C00,0x0C00,0x0C00,0x0800,0x0C20,0x0C20,0x0800,0x0C00,0x0C00,0x0800,0x0C20,0x1483,
    0x1462,0x18C6,0x1083,0x0800,0x1062,0x1062,0x1082,0x1062,0x1062,0x1062,0x14A5,0x1909,0x18E7,0x0820,0x1041,0x14A4,
    0x1084,0x0800,0x0C00,0x0C00,0x0C00,0x0C00,0x0C00,0x0C00,0x0C00,0x0C00,0x0C00,0x0C00,0x0C00,0x0C00,0x0C00,0x0C00,
    0x0C00,0x0C00,0x0C00,0x0C00,0x0C00,0x0C00,0x0C00,0x0C00,0x1062,0x1482,0x1482,0x1483,0x1062,0x1062,0x1082,0x1483,
    0x14A4,0x18C6,0x14A4,0x18C5,0x18E7,0x18E7,0x18E7,0x14A4,0x0C41,0x0800,0x0800,0x0800,0x0C20,0x1483,0x1061,0x14A5,
    0x1484,0x0400,0x0800,0x0C20,0x0C41,0x1061,0x1462,0x1482,0x1482,0x1482,0x1062,0x1062,0x1062,0x1062,0x1083,0x14A5,
    0x18C5,0x18C6,0x18C6,0x18E7,0x18E7,0x18E7,0x14C5,0x14A5,0x18C5,0x18C5,0x18C5,0x18C6,0x14A4,0x1483,0x1062,0x1062,
    0x1062,0x1062,0x1062,0x1483,0x14A5,0x18E7,0x18C5,0x14A4,0x1083,0x1082,0x1462,0x1462,0x1462,0x1462,0x1462,0x1462,
    0x1462,0x1483,0x1483,0x1482,0x1482,0x1482,0x1482,0x1462,0x1462,0x1462,0x1462,0x1462,0x1462,0x1462,0x1462,0x1482,
    0x1483,0x1062,0x0C21,0x0800,0x0C21,0x1462,0x1482,0x1482,0x1482,0x1062,0x1041,0x0C20,0x0C00,0x0800,0x0C00,0x0C00,
    0x0C00,0x0C00,0x0C00,0x0C00,0x0C00,0x0C00,0x14A4,0x14A4,0x1062,0x1462,0x1482,0x1062,0x0800,0x0800,0x1062,0x1483,
    0x1482,0x1482,0x1482,0x1482,0x1482,0x1482,0x1041,0x0800,0x0800,0x0C00,0x0C00,0x0C00,0x0C00,0x0C00,0x0C00,0x0C00,
    0x0C00,0x0C00,0x0C00,0x0C00,0x0C00,0x0C00,0x0C00,0x0C00,0x0C00,0x0C00,0x0C00,0x0C00,0x0C00,0x0C00,0x0800,0x1083,
    0x1908,0x1061,0x0C21,0x14C7,0x18E8,0x18E7,0x14C6,0x18E7,0x14A5,0x1062,0x1062,0x0C20,0x0800,0x0C00,0x0C00,0x1041,
    0x1062,0x1483,0x1061,0x0800,0x0C00,0x0800,0x0C20,0x1062,0x0800,0x0C00,0x0C00,0x0C00,0x0C00,0x0C00,0x0C00,0x0C00,
    0x0C00,0x0C00,0x0C00,0x0800,0x0C00,0x0C00,0x0C00,0x0C21,0x1062,0x0800,0x0C00,0x0C00,0x0C00,0x0C00,0x1062,0x1482,
    0x1083,0x18E8,0x1062,0x0C20,0x1083,0x1082,0x1083,0x14A5,0x14C6,0x18E7,0x1908,0x14A5,0x0820,0x0C21,0x1483,0x18E7,
    0x1084,0x0800,0x0C00,0x0C00,0x0C00,0x0C00,0x0C00,0x0C00,0x0C00,0x0C00,0x0C00,0x0C00,0x0C00,0x0C00,0x0C00,0x0C00,
    0x0C00,0x0C00,0x0C00,0x0C00,0x0C00,0x0800,0x0800,0x1062,0x1482,0x1062,0x1482,0x1062,0x1062,0x1483,0x18C6,0x18E7,
    0x18E7,0x18C6,0x18E7,0x18E7,0x18C6,0x14A4,0x0C21,0x0800,0x0800,0x0C00,0x0C00,0x0800,0x1062,0x18C5,0x1062,0x18E7,
    0x0C41,0x0C20,0x1041,0x1062,0x1082,0x1082,0x1082,0x1082,0x1062,0x1462,0x1062,0x1062,0x14A4,0x18C6,0x14C6,0x18C6,
    0x1908,0x1908,0x1908,0x18E7,0x1908,0x18E7,0x18E7,0x14A4,0x1062,0x1083,0x1083,0x1082,0x1062,0x1062,0x1062,0x1062,
    0x1083,0x14A5,0x18C5,0x18C5,0x18C5,0x18C5,0x18C5,0x18C6,0x18E7,0x18C6,0x1083,0x1083,0x1083,0x1083,0x1083,0x1083,
    0x1483,0x14A4,0x1483,0x1062,0x1482,0x1482,0x1482,0x1462,0x1462,0x1482,0x1482,0x1482,0x1462,0x1482,0x1482,0x1482,
    0x1062,0x1483,0x1483,0x1062,0x0C20,0x0C20,0x0C21,0x1482,0x1482,0x1062,0x1462,0x1482,0x1062,0x0C41,0x0C20,0x0C00,
    0x0C00,0x0C00,0x0C00,0x0C00,0x0C00,0x0C00,0x0800,0x14A5,0x14A4,0x1062,0x1062,0x1483,0x1062,0x0C20,0x0800,0x0C41,
    0x1482,0x1482,0x1482,0x1062,0x1062,0x1482,0x1482,0x1062,0x0C20,0x0800,0x0C00,0x0C00,0x0C00,0x0C00,0x0C00,0x0C00,
    0x0C00,0x0C00,0x0C00,0x0C00,0x0C00,0x0C00,0x0C00,0x0C00,0x0C00,0x0C00,0x0C00,0x0C00,0x0C00,0x0C00,0x0C00,0x1062,
    0x1908,0x18C6,0x1061,0x0800,0x0C41,0x1062,0x0C00,0x1062,0x18E7,0x18E7,0x14A4,0x1062,0x0C00,0x0C00,0x0800,0x1063,
    0x1083,0x1062,0x1082,0x0C20,0x0C00,0x0C00,0x0800,0x1061,0x1041,0x0800,0x0C00,0x0C00,0x0C00,0x0C00,0x0C00,0x0C00,
    0x0C00,0x0C00,0x0C00,0x0C00,0x0C00,0x0C00,0x0C00,0x1062,0x1062,0x0C00,0x0C00,0x0C00,0x0C00,0x0C20,0x1483,0x1062,
    0x14A5,0x1908,0x0C20,0x1061,0x1482,0x1083,0x18E8,0x14E8,0x14E7,0x1084,0x0C41,0x0C20,0x0C20,0x1062,0x1083,0x1908,
    0x0820,0x0C00,0x0C00,0x0C00,0x0C00,0x0C00,0x0C00,0x0C00,0x0C00,0x0C00,0x0C00,0x0C00,0x0C00,0x0C00,0x0C00,0x0C00,
    0x0C00,0x0C00,0x0C00,0x0C00,0x0C00,0x0800,0x1061,0x1483,0x1483,0x1483,0x1482,0x1483,0x18C6,0x18E7,0x18E7,0x18E7,
    0x18E7,0x18E7,0x18E7,0x14A4,0x0C20,0x0800,0x0800,0x0C00,0x0C00,0x0C00,0x0C00,0x0800,0x1483,0x18C5,0x14A4,0x14C6,
    0x0C20,0x1482,0x1062,0x1062,0x1462,0x1062,0x1462,0x1062,0x1062,0x1062,0x1062,0x14A4,0x18E7,0x18E8,0x1908,0x1909,
    0x1D4B,0x1909,0x14A4,0x1083,0x1062,0x1082,0x1083,0x1062,0x1062,0x1062,0x1061,0x1061,0x1083,0x1083,0x14A4,0x14A5,
    0x18C6,0x14A4,0x1083,0x1062,0x1062,0x1062,0x1062,0x1062,0x1083,0x18C6,0x18E7,0x18E7,0x18E7,0x18E7,0x18E7,0x18E7,
    0x18E7,0x14C6,0x14A4,0x1483,0x1062,0x1462,0x1082,0x1082,0x1082,0x1082,0x1083,0x1083,0x1482,0x1483,0x1482,0x1483,
    0x1483,0x18C6,0x18C6,0x18E7,0x18C5,0x1083,0x0C20,0x0800,0x1062,0x14A4,0x14A4,0x14A4,0x1483,0x1482,0x1462,0x0C20,
    0x0800,0x0800,0x0C00,0x0C00,0x0C00,0x0C00,0x0C00,0x0C20,0x18E7,0x14A5,0x1483,0x1062,0x1462,0x1462,0x0C20,0x0C00,
    0x0C20,0x1482,0x14A4,0x18C5,0x14A4,0x1483,0x1482,0x1483,0x1483,0x1062,0x0C20,0x0C00,0x0C00,0x0800,0x0C00,0x0C00,
    0x0C00,0x0800,0x0C00,0x0C00,0x0C00,0x0C00,0x0C00,0x0C00,0x0C00,0x0C00,0x0C00,0x0C00,0x0C00,0x0C00,0x0C00,0x0800,
    0x14C7,0x14E7,0x1062,0x1483,0x1062,0x1061,0x0C21,0x0800,0x0C21,0x1062,0x1062,0x1483,0x0800,0x0C00,0x0800,0x14A4,
    0x1083,0x1062,0x1082,0x1061,0x0800,0x0C00,0x0C00,0x0C21,0x1061,0x0C00,0x0C00,0x0800,0x0C00,0x0C00,0x0C00,0x0C00,
    0x0C00,0x0C00,0x0C00,0x0C00,0x0C00,0x0800,0x0C20,0x1483,0x0C20,0x0C00,0x0C00,0x0800,0x0C00,0x1462,0x1082,0x1083,
    0x18E8,0x14A4,0x0800,0x1062,0x14A4,0x18E7,0x1084,0x0821,0x0800,0x0C00,0x0C20,0x0C21,0x1041,0x1083,0x14C5,0x1D2A,
    0x0820,0x0C00,0x0C00,0x0C00,0x0C00,0x0C00,0x0C00,0x0C00,0x0C00,0x0C00,0x0C00,0x0C00,0x0C00,0x0C00,0x0C00,0x0C00,
    0x0C00,0x0C00,0x0C00,0x0C00,0x0800,0x0800,0x0C20,0x0C20,0x0C20,0x0C20,0x1062,0x14A4,0x14A4,0x1084,0x1084,0x14A4,
    0x1062,0x0C20,0x0400,0x0400,0x0800,0x0C20,0x0C20,0x0C00,0x0C00,0x0C20,0x0C20,0x0C20,0x18C5,0x18C5,0x18E7,0x1084,
    0x1062,0x1483,0x1483,0x1482,0x1482,0x1482,0x1483,0x1482,0x1482,0x14A4,0x18E7,0x1908,0x1D4B,0x216C,0x1D4C,0x1909,
    0x1484,0x1062,0x1062,0x1483,0x1483,0x1483,0x1483,0x1483,0x1083,0x1483,0x14A4,0x14A5,0x18C5,0x18C6,0x18C6,0x1483,
    0x1062,0x1062,0x1483,0x1483,0x1483,0x1483,0x1082,0x1082,0x1062,0x1062,0x1083,0x14A4,0x14A5,0x18E7,0x18E7,0x18E7,
    0x18E7,0x1908,0x1908,0x18E7,0x18C6,0x14A4,0x1483,0x1483,0x1483,0x1483,0x1483,0x1483,0x1483,0x1482,0x1482,0x1082,
    0x14A4,0x18C6,0x18E7,0x18E7,0x18C6,0x18C6,0x14A4,0x1041,0x0C20,0x14A4,0x18E7,0x18E7,0x18E7,0x18C6,0x14A4,0x1483,
    0x1482,0x0C41,0x0C00,0x0C00,0x0800,0x0C00,0x0C00,0x0C00,0x0C41,0x18E7,0x18E7,0x14A5,0x1483,0x1061,0x0800,0x0400,
    0x0400,0x0400,0x1062,0x0C63,0x0842,0x0C41,0x0400,0x0C20,0x1041,0x1061,0x1061,0x0C20,0x0C00,0x0C00,0x0C00,0x0C00,
    0x0C00,0x0C00,0x0C00,0x0C00,0x0C00,0x0C00,0x0C00,0x0C00,0x0C00,0x0800,0x0C00,0x0C00,0x0C00,0x0C00,0x0C00,0x0800,
    0x1D2A,0x14C6,0x1062,0x1062,0x1082,0x1483,0x1483,0x1482,0x1061,0x0800,0x0800,0x1061,0x0C41,0x0800,0x0800,0x1062,
    0x14A4,0x1062,0x1082,0x1082,0x0C20,0x0800,0x0C00,0x0C20,0x1041,0x0C00,0x0C00,0x0C00,0x0C00,0x0C00,0x0C00,0x0C00,
    0x0C00,0x0C00,0x0C00,0x0C00,0x0C00,0x0C00,0x1462,0x1062,0x0800,0x0C00,0x0C00,0x0800,0x1062,0x1483,0x1462,0x14A4,
    0x1908,0x1062,0x0C00,0x14A4,0x18E7,0x1083,0x0800,0x0C20,0x1041,0x0C21,0x0C21,0x0C21,0x1482,0x1083,0x1908,0x14E7,
    0x0800,0x0C00,0x0C00,0x0C00,0x0C00,0x0C00,0x0C00,0x0C00,0x0C00,0x0C00,0x0C00,0x0C00,0x0C00,0x0C00,0x0C00,0x0C00,
    0x0C00,0x0C00,0x0C00,0x0400,0x0423,0x190A,0x14E9,0x1909,0x190A,0x1909,0x190A,0x190A,0x190A,0x190A,0x190A,0x190A,
    0x1909,0x14E9,0x190A,0x14C8,0x0400,0x0400,0x0C00,0x1041,0x1483,0x0800,0x0400,0x0400,0x1062,0x1083,0x1062,0x0400,
    0x0C20,0x0C20,0x0C20,0x1061,0x1061,0x0C20,0x0C20,0x0C41,0x1062,0x1084,0x14A4,0x14C7,0x14E8,0x14C7,0x0C42,0x0800,
    0x0800,0x0C20,0x0C20,0x0C20,0x0C20,0x0C20,0x14A5,0x18C5,0x1062,0x1084,0x1062,0x0C41,0x0800,0x0800,0x0800,0x0800,
    0x0C20,0x0C20,0x0C20,0x0C20,0x0C20,0x1041,0x1462,0x1483,0x1482,0x1082,0x1462,0x1462,0x1061,0x0C20,0x0820,0x0C20,
    0x0C41,0x1062,0x1084,0x0C84,0x1084,0x1084,0x0C41,0x0C20,0x0C20,0x0C20,0x0C20,0x0C20,0x1062,0x1483,0x1483,0x1462,
    0x1462,0x1062,0x1484,0x18C6,0x18C6,0x14C6,0x18E7,0x1484,0x0C20,0x0400,0x0C20,0x1062,0x1084,0x1084,0x1084,0x1062,
    0x1061,0x0C20,0x0800,0x0C20,0x1041,0x0C20,0x0C00,0x0C00,0x0C00,0x0C20,0x18C5,0x14C6,0x0821,0x0C65,0x194D,0x25F4,
    0x25D1,0x25D1,0x21B1,0x21B1,0x21B1,0x25F4,0x1D6F,0x14C7,0x14C8,0x14E9,0x0C63,0x0800,0x0C20,0x0C00,0x0C00,0x0C00,
    0x0C00,0x0C00,0x0C00,0x0C00,0x0C00,0x0C00,0x0C00,0x0C00,0x0C00,0x0C00,0x0C00,0x0C00,0x0C00,0x0C00,0x0C00,0x0400,
    0x14E8,0x1909,0x1084,0x1062,0x1062,0x1082,0x1062,0x1062,0x1483,0x1082,0x0C20,0x0C00,0x0C20,0x0800,0x0C00,0x0820,
    0x18E7,0x1083,0x1062,0x1083,0x1061,0x0800,0x0C00,0x0C00,0x1041,0x0C20,0x0C00,0x0C00,0x0C00,0x0C00,0x0C00,0x0C00,
    0x0C00,0x0800,0x0C00,0x0C00,0x0C00,0x0C20,0x1483,0x1041,0x0800,0x0800,0x0800,0x1041,0x1483,0x1482,0x1082,0x18E7,
    0x1908,0x1083,0x0800,0x1484,0x0C41,0x0800,0x0C20,0x0C21,0x0C21,0x0C21,0x1041,0x1062,0x1482,0x14A5,0x1D2B,0x0C84,
    0x0800,0x0C00,0x0C00,0x0C00,0x0C00,0x0C00,0x0C00,0x0C00,0x0C00,0x0C00,0x0C00,0x0C00,0x0800,0x0C20,0x0C00,0x0C00,
    0x0C00,0x0C00,0x0000,0x14C9,0x3297,0x21B1,0x2190,0x21B0,0x21B0,0x21B1,0x21B0,0x21B0,0x21B0,0x21B0,0x21B0,0x21B0,
    0x21B1,0x25D1,0x21B1,0x25F4,0x2637,0x21B1,0x0423,0x0400,0x0821,0x192B,0x1D6D,0x194D,0x1D4D,0x1D4D,0x1D4D,0x194D,
    0x1D4D,0x1D6E,0x1D6F,0x14C7,0x0C85,0x216E,0x1D4D,0x1D4D,0x1D6D,0x1D6D,0x1D6D,0x1D6E,0x216E,0x1D6E,0x1D4D,0x1D6D,
    0x1D6D,0x1D6D,0x1D4D,0x1D6D,0x1D6E,0x216E,0x0842,0x14C7,0x218E,0x1D4D,0x1D4C,0x1D4C,0x1D4D,0x1D6D,0x1D6D,0x1D6D,
    0x1D6E,0x1D6E,0x1D6D,0x1D4D,0x1D4D,0x10A6,0x0C42,0x0C20,0x1061,0x1483,0x1482,0x1041,0x0800,0x192C,0x1D4D,0x1D4D,
    0x1D4D,0x1D4D,0x1D6D,0x1D6E,0x1D6E,0x1D6E,0x1D6E,0x1D4D,0x1D4D,0x194D,0x1D4D,0x190A,0x0C63,0x0C20,0x1041,0x1483,
    0x1482,0x1462,0x1062,0x1083,0x14A5,0x18C6,0x0C21,0x10A7,0x1D6F,0x1D6E,0x1D4D,0x1D4D,0x1D6E,0x1D6E,0x1D6E,0x1D6E,
    0x1D4D,0x1D4D,0x1D4D,0x0842,0x1041,0x1483,0x1061,0x0C20,0x0C00,0x0C00,0x0400,0x0423,0x1D6E,0x2637,0x25F4,0x194D,
    0x14E9,0x14C9,0x14C8,0x14C8,0x14E9,0x150C,0x21B0,0x25F4,0x25F4,0x25F4,0x3297,0x0C86,0x0400,0x0C00,0x0C00,0x0C00,
    0x0C00,0x0C00,0x0C00,0x0C00,0x0C00,0x0C00,0x0C00,0x0C00,0x0C00,0x0C00,0x0C00,0x0C00,0x0C00,0x0C00,0x0C00,0x0800,
    0x0423,0x216C,0x14C6,0x1062,0x1462,0x1062,0x1062,0x1062,0x1462,0x1482,0x1062,0x0C00,0x0800,0x0C00,0x0C00,0x0800,
    0x14C6,0x18E7,0x1062,0x1082,0x1062,0x0C00,0x0C00,0x0800,0x0C20,0x0C20,0x0C00,0x0C00,0x0C00,0x0C00,0x0C00,0x0C00,
    0x0C00,0x0C00,0x0C00,0x0C00,0x0C00,0x1062,0x1483,0x0C00,0x0C00,0x0800,0x0C20,0x1483,0x1482,0x1462,0x14A4,0x1908,
    0x14E8,0x0C20,0x0800,0x0800,0x0800,0x0C21,0x0C21,0x0C21,0x1041,0x1062,0x1082,0x1483,0x1083,0x14E7,0x216C,0x14C6,
    0x0800,0x0C00,0x0C00,0x0C00,0x0C00,0x0C00,0x0C00,0x0C00,0x0C00,0x0C00,0x0C00,0x0800,0x0C20,0x1061,0x0C00,0x0C00,
    0x0C00,0x0800,0x0C86,0x3297,0x14C9,0x0422,0x0401,0x0401,0x0401,0x0401,0x0401,0x0401,0x0401,0x0401,0x0401,0x0401,
    0x0401,0x0401,0x0401,0x0844,0x10A7,0x21B1,0x3297,0x1D4D,0x25F4,0x25D1,0x1D2C,0x194D,0x192C,0x192C,0x192C,0x192C,
    0x194D,0x1D4D,0x1D6E,0x25F4,0x2637,0x216E,0x1D4D,0x194D,0x1D2C,0x1D2C,0x1D2C,0x194D,0x194D,0x194D,0x1D4D,0x194D,
    0x194D,0x194D,0x194D,0x194D,0x1D2C,0x1D4D,0x2637,0x21B1,0x192C,0x1D2C,0x1D2C,0x194D,0x194D,0x194D,0x194D,0x194D,
    0x194D,0x194D,0x194D,0x1D2C,0x150C,0x25F4,0x25F4,0x2190,0x0C64,0x0800,0x0C20,0x0423,0x25F4,0x2190,0x192C,0x1D2C,
    0x194D,0x194D,0x194D,0x194D,0x194D,0x194D,0x1D2C,0x1D2C,0x1D2C,0x192C,0x192C,0x25F4,0x2637,0x21B1,0x0C86,0x0800,
    0x1482,0x1062,0x1462,0x1062,0x1482,0x0820,0x150C,0x3297,0x1D6E,0x194D,0x194D,0x194D,0x192C,0x194D,0x194D,0x194D,
    0x194D,0x194D,0x1D6E,0x2637,0x10A7,0x0C20,0x1483,0x1482,0x0C21,0x0400,0x0C86,0x2637,0x1D6E,0x0C65,0x0422,0x0422,
    0x0C85,0x0844,0x0844,0x0844,0x0C65,0x0422,0x0422,0x0844,0x0401,0x0401,0x10A7,0x2637,0x0C86,0x0C00,0x0C00,0x0800,
    0x0C00,0x0C00,0x0C00,0x0C00,0x0C00,0x0C00,0x0C00,0x0C00,0x0C00,0x0C00,0x0C00,0x0C00,0x0C00,0x0C00,0x0C00,0x0800,
    0x0C84,0x218E,0x14E8,0x1484,0x1062,0x1062,0x1062,0x1482,0x1462,0x1462,0x1482,0x0C41,0x0800,0x0C00,0x0C00,0x0800,
    0x1084,0x1908,0x1083,0x1062,0x1083,0x0C20,0x0800,0x0C00,0x0C20,0x0C20,0x0C00,0x0C00,0x0C00,0x0C00,0x0C00,0x0C00,
    0x0C00,0x0C00,0x0C00,0x0C00,0x0800,0x1062,0x1462,0x0800,0x0C00,0x0C00,0x1062,0x1483,0x1482,0x1082,0x14C6,0x1909,
    0x14C7,0x0800,0x0800,0x0800,0x0C21,0x0C21,0x0C20,0x1061,0x1483,0x1083,0x1483,0x1062,0x14C5,0x1909,0x1D2B,0x0800,
    0x0C00,0x0C00,0x0C00,0x0C00,0x0C00,0x0C00,0x0C00,0x0C00,0x0C00,0x0800,0x1041,0x0C21,0x1041,0x0C00,0x0C00,0x0C00,
    0x0C20,0x0400,0x1D6E,0x2190,0x0423,0x190A,0x3231,0x3231,0x3231,0x3231,0x3231,0x3231,0x3231,0x3231,0x3231,0x3231,
    0x3231,0x3231,0x25D1,0x10A6,0x0423,0x0C65,0x10A7,0x25F4,0x194D,0x0844,0x0423,0x0422,0x0422,0x0422,0x0422,0x0422,
    0x0422,0x0422,0x0423,0x0C86,0x0C86,0x0844,0x0423,0x0423,0x0423,0x0422,0x0422,0x0422,0x0422,0x0422,0x0422,0x0423,
    0x0423,0x0423,0x0423,0x0422,0x0422,0x0844,0x0C86,0x0C86,0x0401,0x0422,0x0423,0x0422,0x0422,0x0423,0x0422,0x0422,
    0x0422,0x0422,0x0422,0x0422,0x0844,0x0C86,0x10A7,0x1D6E,0x2637,0x1D6F,0x0000,0x25F4,0x192C,0x0423,0x0422,0x0422,
    0x0422,0x0422,0x0422,0x0422,0x0422,0x0422,0x0422,0x0422,0x0422,0x0422,0x0423,0x0844,0x0C86,0x192C,0x3297,0x150C,
    0x0400,0x1483,0x1062,0x1483,0x1061,0x0C86,0x3297,0x10A7,0x0844,0x0422,0x0423,0x0422,0x0401,0x0401,0x0422,0x0422,
    0x0423,0x0423,0x0844,0x14EA,0x2637,0x0842,0x1062,0x1482,0x0800,0x10A7,0x2637,0x10A7,0x0422,0x0844,0x216C,0x3297,
    0x3BBF,0x439A,0x439A,0x439A,0x439A,0x3231,0x1909,0x0423,0x25AD,0x1909,0x0422,0x192C,0x25F4,0x0820,0x1062,0x0C20,
    0x0800,0x0C00,0x0C00,0x0C00,0x0C00,0x0C00,0x0C00,0x0C00,0x0C00,0x0C00,0x0C00,0x0C00,0x0C00,0x0C00,0x0C00,0x0800,
    0x0C63,0x216E,0x1909,0x14A5,0x1062,0x14A4,0x14A4,0x1462,0x1462,0x1462,0x1462,0x1482,0x1041,0x0800,0x0C00,0x0800,
    0x0C42,0x14E8,0x14C5,0x1062,0x1083,0x1041,0x0800,0x0C00,0x0C00,0x1041,0x0C00,0x0C00,0x0C00,0x0C00,0x0C00,0x0C00,
    0x0C00,0x0C00,0x0C00,0x0C00,0x0800,0x1482,0x0C41,0x0800,0x0C00,0x0C20,0x1483,0x1482,0x1462,0x1083,0x14E8,0x1908,
    0x14C6,0x0800,0x0C00,0x0C00,0x1041,0x0C21,0x1062,0x1482,0x1082,0x1482,0x1062,0x1484,0x18E7,0x1D2B,0x192B,0x0400,
    0x0C00,0x0C00,0x0C00,0x0C00,0x0C00,0x0C00,0x0C00,0x0C00,0x0800,0x0C41,0x1483,0x0C20,0x0800,0x0C00,0x0C00,0x0C00,
    0x0C20,0x0400,0x1D6E,0x2190,0x0844,0x1D6D,0x4BFF,0x4BFF,0x4BFF,0x4BFF,0x4BFF,0x4BFF,0x4BFF,0x3FFF,0x4BFF,0x4BFF,
    0x4BFF,0x4BFF,0x4BFF,0x3BBF,0x3231,0x0844,0x0C65,0x0423,0x0C65,0x0C65,0x3231,0x3231,0x3231,0x3231,0x3231,0x3231,
    0x3231,0x3297,0x216C,0x0C65,0x0C86,0x1909,0x3297,0x3231,0x3231,0x3231,0x3231,0x3231,0x3231,0x3231,0x3231,0x3231,
    0x3231,0x3231,0x3231,0x3231,0x3231,0x0C85,0x10A7,0x0844,0x216C,0x3297,0x3231,0x3231,0x3231,0x3231,0x3231,0x3231,
    0x3231,0x3231,0x3231,0x3231,0x1D4C,0x14C7,0x0423,0x0423,0x0C86,0x25D1,0x3297,0x2637,0x0423,0x0C85,0x3231,0x3297,
    0x3231,0x3231,0x3231,0x3231,0x3231,0x3231,0x3231,0x3231,0x3231,0x3231,0x3231,0x1908,0x0C64,0x0423,0x0C65,0x2637,
    0x150C,0x0400,0x1483,0x1483,0x0C20,0x2190,0x2190,0x0844,0x14E8,0x3297,0x3231,0x3231,0x3231,0x3231,0x3231,0x3231,
    0x3231,0x3231,0x14C7,0x0C65,0x1DB3,0x1909,0x1484,0x1062,0x0844,0x3297,0x14C9,0x0423,0x0C85,0x3297,0x4BFF,0x4BFF,
    0x3FFF,0x3FFF,0x3FFF,0x3FFF,0x3FFF,0x4BFF,0x3BBF,0x3297,0x4BFF,0x3297,0x0423,0x14EA,0x2637,0x0800,0x1482,0x1462,
    0x0C20,0x0C00,0x0C00,0x0C00,0x0C00,0x0C00,0x0C00,0x0C00,0x0C00,0x0C00,0x0C00,0x0C00,0x0C00,0x0C00,0x0C00,0x0C00,
    0x0400,0x190A,0x190A,0x18E7,0x1062,0x14A5,0x18E7,0x1062,0x1482,0x1482,0x1482,0x1482,0x1482,0x0C20,0x0800,0x0C00,
    0x0800,0x14C7,0x18E8,0x1083,0x1062,0x1062,0x0800,0x0C00,0x0C00,0x0C00,0x0C20,0x0C00,0x0C00,0x0C00,0x0C00,0x0C00,
    0x0C00,0x0C00,0x0C00,0x0C00,0x0C20,0x1482,0x0C20,0x0800,0x0800,0x1061,0x1483,0x1482,0x1062,0x14A5,0x14E8,0x14E8,
    0x0C21,0x0800,0x0C00,0x0C20,0x0C21,0x1041,0x1483,0x1062,0x1082,0x1082,0x1083,0x14E8,0x1908,0x1D6D,0x192B,0x0400,
    0x0C00,0x0C00,0x0C00,0x0C00,0x0C00,0x0C00,0x0C00,0x0800,0x0C20,0x1483,0x1062,0x0800,0x0800,0x0C00,0x0C00,0x0C00,
    0x0C20,0x0800,0x192C,0x25F4,0x0C86,0x0000,0x14E8,0x3FFF,0x3BBF,0x3BBF,0x3BBF,0x3BBF,0x3FFF,0x4BFF,0x4BFF,0x4BFF,
    0x4BFF,0x3BBF,0x3BBF,0x3FFF,0x4BFF,0x439A,0x0844,0x10A6,0x14C8,0x0423,0x3297,0x4BFF,0x4BFF,0x4BFF,0x4BFF,0x4BFF,
    0x4BFF,0x4BFF,0x25AD,0x0844,0x0C86,0x1D2A,0x4BFF,0x4BFF,0x4BFF,0x4BFF,0x4BFF,0x4BFF,0x4BFF,0x4BFF,0x4BFF,0x4BFF,
    0x4BFF,0x4BFF,0x4BFF,0x4BFF,0x4BFF,0x0C85,0x14C8,0x0844,0x21B0,0x4BFF,0x4BFF,0x4BFF,0x4BFF,0x4BFF,0x4BFF,0x4BFF,
    0x4BFF,0x4BFF,0x4BFF,0x4BFF,0x4BFF,0x4BFF,0x3297,0x1909,0x0844,0x0423,0x1D92,0x2637,0x0844,0x0844,0x439A,0x4BFF,
    0x4BFF,0x4BFF,0x4BFF,0x4BFF,0x4BFF,0x4BFF,0x4BFF,0x4BFF,0x4BFF,0x4BFF,0x4BFF,0x4BFF,0x439A,0x14C7,0x0422,0x0C65,
    0x3297,0x10A7,0x0C20,0x14A4,0x0C20,0x2190,0x1D6F,0x0844,0x1908,0x4BFF,0x4BFF,0x4BFF,0x4BFF,0x4BFF,0x4BFF,0x4BFF,
    0x4BFF,0x4BFF,0x10A6,0x0C85,0x21B1,0x14EA,0x14A5,0x0842,0x25F4,0x194D,0x0C65,0x0C65,0x439A,0x3FFF,0x3BBF,0x379F,
    0x3FFF,0x4BFF,0x4BFF,0x4BFF,0x4BFF,0x3FFF,0x3BBF,0x3FFF,0x3FFF,0x3297,0x0423,0x14EA,0x25F4,0x0800,0x1462,0x1482,
    0x1482,0x0C20,0x0800,0x0C00,0x1041,0x0C00,0x0800,0x0C00,0x0C00,0x0C00,0x0C00,0x0C00,0x0C00,0x0C00,0x0C00,0x0C00,
    0x0400,0x192B,0x1909,0x18E8,0x14A4,0x1083,0x18E7,0x14C5,0x1062,0x1062,0x1062,0x1462,0x1062,0x1061,0x0C20,0x0800,
    0x0800,0x14C6,0x1908,0x14C7,0x1083,0x1062,0x0C00,0x0C00,0x0C00,0x0C00,0x0C00,0x0C00,0x0C00,0x0C00,0x0C00,0x0C00,
    0x0C00,0x0C00,0x0C00,0x0C00,0x0C20,0x1041,0x0800,0x0800,0x0C20,0x1483,0x1483,0x1482,0x1083,0x18E7,0x1908,0x1084,
    0x0800,0x0C00,0x0C00,0x0C20,0x1062,0x1062,0x1082,0x1082,0x1082,0x1082,0x14C6,0x1908,0x1908,0x2190,0x192B,0x0400,
    0x0C00,0x0C00,0x0C00,0x0C00,0x0C00,0x0C00,0x0800,0x0C20,0x1482,0x1482,0x0C00,0x0800,0x0C21,0x0C20,0x0C00,0x0C00,
    0x1061,0x1062,0x0000,0x2637,0x1D6E,0x0C65,0x0000,0x439A,0x3FFF,0x3BBF,0x3BBF,0x3FFF,0x439A,0x216C,0x25AD,0x216C,
    0x3297,0x4BFF,0x3BBF,0x3BBF,0x379F,0x3FFF,0x3297,0x0422,0x14C9,0x0C65,0x0000,0x3297,0x3FFF,0x379F,0x3BBF,0x3BBF,
    0x4BFF,0x1D4C,0x0000,0x10A7,0x14C8,0x0000,0x10A6,0x3FFF,0x3BBF,0x3BBF,0x3BBF,0x3BBF,0x3FFF,0x3BBF,0x3BBF,0x3BBF,
    0x3BBF,0x3FFF,0x3FFF,0x379F,0x3FFF,0x0C85,0x14C8,0x14C8,0x0000,0x1D4C,0x4BFF,0x379F,0x3BBF,0x3BBF,0x3BBF,0x3BBF,
    0x3BBF,0x3BBF,0x3FFF,0x3BBF,0x3BBF,0x3BBF,0x3FFF,0x4BFF,0x21B0,0x0422,0x0C86,0x0C86,0x10A7,0x0C86,0x0000,0x3297,
    0x3FFF,0x379F,0x3BBF,0x3BBF,0x3BBF,0x3BBF,0x4BFF,0x4BFF,0x4BFF,0x3BBF,0x379F,0x3BBF,0x3BBF,0x3FFF,0x1909,0x0844,
    0x14C9,0x3297,0x0842,0x1483,0x0C20,0x14C9,0x25F4,0x0C86,0x0000,0x1D4C,0x3FFF,0x379F,0x3BBF,0x3BBF,0x3BBF,0x379F,
    0x4BFF,0x218E,0x0000,0x10A7,0x25F4,0x0C85,0x1083,0x10A6,0x2637,0x0C86,0x0844,0x3297,0x3FFF,0x3BBF,0x3BBF,0x3BBF,
    0x3BBF,0x1D2A,0x0423,0x0423,0x1D4B,0x439A,0x3FFF,0x3BBF,0x4BFF,0x3297,0x0423,0x14EA,0x25F4,0x0800,0x1462,0x1482,
    0x1482,0x1482,0x0C41,0x0800,0x0C20,0x1062,0x0800,0x0C00,0x0C00,0x0C00,0x0C00,0x0C00,0x0C00,0x0C00,0x0C00,0x0C00,
    0x0400,0x1D2B,0x1D2B,0x14E8,0x1908,0x1082,0x18C6,0x14C6,0x14A5,0x1062,0x1062,0x1062,0x1462,0x1062,0x0C41,0x0800,
    0x0C00,0x0C41,0x18E8,0x1908,0x14C6,0x1062,0x0C20,0x0C00,0x0C00,0x0C00,0x0C00,0x0C00,0x0C00,0x0C00,0x0C00,0x0C00,
    0x0C00,0x0C00,0x0C00,0x0C00,0x0C20,0x0C21,0x0C00,0x0800,0x0C41,0x1483,0x1482,0x1062,0x14A4,0x1908,0x14A5,0x0800,
    0x0800,0x0C00,0x0800,0x1041,0x1483,0x1482,0x1483,0x1062,0x1082,0x1062,0x18E7,0x14E8,0x192B,0x2190,0x192B,0x0400,
    0x0C00,0x0C00,0x0C00,0x0C00,0x0C00,0x0C00,0x0C00,0x1462,0x1483,0x1061,0x0800,0x0C41,0x1483,0x0C20,0x0800,0x0C00,
    0x1482,0x1483,0x0400,0x0C65,0x25F4,0x10A6,0x0423,0x3297,0x3FFF,0x3BBF,0x3BBF,0x3FFF,0x3231,0x0000,0x0422,0x0401,
    0x0000,0x3231,0x4BFF,0x379F,0x3BBF,0x379F,0x3FFF,0x14E8,0x0C65,0x14EA,0x0422,0x216C,0x4BFF,0x379F,0x3BBF,0x3BBF,
    0x4BFF,0x0423,0x10A6,0x14C9,0x14C8,0x10A7,0x0401,0x439A,0x3FFF,0x3BBF,0x3BBF,0x4BFF,0x2190,0x0422,0x0844,0x0423,
    0x0401,0x14C7,0x3297,0x3FFF,0x3FFF,0x10A6,0x14C8,0x14E9,0x0C86,0x0844,0x4BFF,0x3BBF,0x3BBF,0x379F,0x3FFF,0x216C,
    0x0422,0x0842,0x1D2B,0x3297,0x4BFF,0x3BBF,0x3BBF,0x3BBF,0x3FFF,0x21B0,0x0423,0x14C8,0x14C9,0x14EA,0x0401,0x216C,
    0x4BFF,0x379F,0x3BBF,0x3BBF,0x3BBF,0x0842,0x0842,0x0842,0x192B,0x439A,0x3FFF,0x3BBF,0x3BBF,0x3FFF,0x439A,0x10A6,
    0x0844,0x2637,0x150C,0x0C20,0x1041,0x0C65,0x25F4,0x0C65,0x0423,0x3297,0x4BFF,0x3BBF,0x3BBF,0x3BBF,0x3BBF,0x3BBF,
    0x3FFF,0x3297,0x0400,0x0C85,0x1DB3,0x0C86,0x0C20,0x192C,0x25D1,0x0844,0x14E8,0x4BFF,0x3BBF,0x3BBF,0x3BBF,0x4BFF,
    0x14C7,0x0000,0x0844,0x0844,0x0000,0x0000,0x3297,0x4BFF,0x3FFF,0x3297,0x0423,0x14EA,0x25F4,0x0800,0x1482,0x1482,
    0x1062,0x1082,0x1482,0x0800,0x0800,0x1462,0x0C41,0x0C00,0x0C00,0x0C00,0x0C00,0x0C00,0x0C00,0x0C00,0x0C00,0x0C00,
    0x0400,0x1D2B,0x1D4C,0x14E8,0x1909,0x14A5,0x14A5,0x14C6,0x14C5,0x14A4,0x1062,0x1482,0x1062,0x1041,0x1062,0x0C20,
    0x0C00,0x0800,0x14A4,0x1908,0x14E8,0x14A4,0x0C20,0x0800,0x0C00,0x0C00,0x0C00,0x0C00,0x0C00,0x0C00,0x0C00,0x0C00,
    0x0C00,0x0C00,0x0C00,0x0C00,0x1041,0x0800,0x0C00,0x0800,0x1062,0x1083,0x1482,0x1063,0x18E7,0x18E7,0x0800,0x0800,
    0x0C00,0x0800,0x0C20,0x1482,0x1483,0x1482,0x1062,0x1484,0x14A4,0x1484,0x1908,0x14E8,0x1D4D,0x2190,0x1D2B,0x0400,
    0x0C00,0x0C00,0x0C00,0x0C00,0x0C00,0x0800,0x1061,0x1482,0x1062,0x0800,0x0800,0x1462,0x1482,0x0C20,0x0800,0x1041,
    0x1482,0x1462,0x1062,0x0423,0x25D1,0x10A7,0x0423,0x3297,0x3FFF,0x3BBF,0x3BBF,0x3FFF,0x3231,0x0844,0x150C,0x14EA,
    0x0C86,0x0000,0x439A,0x3BBF,0x3BBF,0x3BBF,0x3FFF,0x3297,0x0844,0x14EA,0x0C65,0x25AD,0x4BFF,0x3BBF,0x3BBF,0x3BBF,
    0x4BFF,0x0C85,0x14C8,0x14C9,0x14C8,0x14C9,0x0C64,0x439A,0x3FFF,0x3BBF,0x3BBF,0x3FFF,0x216C,0x0423,0x10A7,0x0C86,
    0x10A7,0x0423,0x0000,0x439A,0x4BFF,0x10A6,0x14C8,0x14C8,0x14C8,0x10A6,0x3BBF,0x3BBF,0x3BBF,0x379F,0x4BFF,0x1D4C,
    0x0423,0x0C86,0x0000,0x0000,0x3231,0x3FFF,0x3BBF,0x3BBF,0x3BBF,0x4BFF,0x14E8,0x10A6,0x14C9,0x14E9,0x0C65,0x25AD,
    0x4BFF,0x379F,0x3BBF,0x3FFF,0x439A,0x0423,0x10A7,0x10A6,0x0000,0x0C84,0x3BBF,0x3BBF,0x3BBF,0x3BBF,0x4BFF,0x2190,
    0x0423,0x194D,0x25D1,0x0800,0x0800,0x194D,0x1D6F,0x0423,0x10A5,0x4BFF,0x3BBF,0x3BBF,0x4BFF,0x4BFF,0x3BBF,0x3BBF,
    0x3BBF,0x4BFF,0x10A6,0x0842,0x194D,0x25D1,0x0400,0x2190,0x21B1,0x0844,0x1D2A,0x4BFF,0x3BBF,0x3BBF,0x3BBF,0x3FFF,
    0x0C84,0x10A7,0x14C9,0x14C8,0x14E9,0x0844,0x0000,0x439A,0x4BFF,0x3297,0x0423,0x14EA,0x25F4,0x0800,0x1482,0x1062,
    0x1082,0x1062,0x1482,0x0C20,0x0800,0x0C41,0x1482,0x0800,0x0C00,0x0C00,0x0C00,0x0C00,0x0C00,0x0C00,0x0C00,0x0C00,
    0x0400,0x1D4C,0x1D4D,0x14E8,0x1908,0x1908,0x1083,0x18E7,0x1083,0x14C5,0x1063,0x1462,0x1462,0x0C41,0x1483,0x0C21,
    0x0C00,0x0C00,0x0821,0x14C6,0x1908,0x14C6,0x1062,0x0C20,0x0C00,0x0C00,0x0C00,0x0C00,0x0C00,0x0C00,0x0C00,0x0C00,
    0x0C00,0x0C00,0x0C00,0x0C00,0x0C20,0x0C00,0x0C00,0x0C20,0x1483,0x1482,0x1062,0x14A4,0x1909,0x1062,0x0800,0x0C00,
    0x0C00,0x0800,0x0C41,0x1482,0x1462,0x1062,0x1083,0x1908,0x14A4,0x18E7,0x1908,0x14E8,0x1D6D,0x218E,0x14E8,0x0400,
    0x0C00,0x0C00,0x0C00,0x0C00,0x0C00,0x1061,0x1482,0x1061,0x0C00,0x0800,0x1041,0x1483,0x1061,0x0800,0x0C41,0x1483,
    0x1062,0x1062,0x18C5,0x0C85,0x25D1,0x10A7,0x0423,0x3297,0x3FFF,0x3BBF,0x3BBF,0x3FFF,0x3231,0x0423,0x14E9,0x14C8,
    0x14C9,0x0401,0x3297,0x3BBF,0x3BBF,0x3BBF,0x3FFF,0x3297,0x0844,0x14EA,0x0C65,0x216E,0x4BFF,0x379F,0x3BBF,0x3BBF,
    0x4BFF,0x0C84,0x10A7,0x14C9,0x14C9,0x14C9,0x0844,0x439A,0x3FFF,0x3BBF,0x3BBF,0x3FFF,0x216C,0x0C65,0x14EA,0x14C8,
    0x0844,0x0C86,0x0000,0x14C7,0x3297,0x0844,0x14C8,0x14C8,0x10A7,0x0C85,0x3BBF,0x3BBF,0x3BBF,0x379F,0x4BFF,0x216C,
    0x0C86,0x14EA,0x14EA,0x0C65,0x0000,0x3297,0x3FFF,0x3BBF,0x3BBF,0x3FFF,0x3297,0x0401,0x14C9,0x14E9,0x0844,0x25AD,
    0x4BFF,0x379F,0x3BBF,0x3FFF,0x439A,0x0423,0x14C8,0x14C8,0x14C8,0x0400,0x439A,0x3FFF,0x3BBF,0x3BBF,0x4BFF,0x3231,
    0x0422,0x14C8,0x2637,0x0C21,0x0800,0x25F4,0x14EA,0x0423,0x216C,0x4BFF,0x379F,0x3FFF,0x21B0,0x3297,0x3FFF,0x3BBF,
    0x379F,0x3FFF,0x25AD,0x0844,0x10A7,0x2637,0x0000,0x25F4,0x14EA,0x0C86,0x1909,0x4BFF,0x3BBF,0x3BBF,0x3BBF,0x3FFF,
    0x216C,0x0401,0x14E9,0x14C9,0x14C8,0x14EA,0x0000,0x1909,0x4BFF,0x3297,0x0422,0x14EA,0x25F4,0x0400,0x1462,0x1482,
    0x1482,0x1482,0x1482,0x1462,0x0800,0x0800,0x1062,0x1041,0x0C00,0x0C00,0x0C00,0x0C00,0x0C00,0x0C00,0x0C00,0x0C00,
    0x0400,0x1909,0x218E,0x1908,0x14E8,0x1908,0x14A5,0x18E7,0x14A5,0x1062,0x1063,0x1482,0x1482,0x0C41,0x1483,0x1062,
    0x0800,0x0C00,0x0800,0x0C21,0x14C7,0x18E8,0x14A5,0x0C41,0x0800,0x0C00,0x0C00,0x0C00,0x0C00,0x0C00,0x0C00,0x0C00,
    0x0C00,0x0C00,0x0C00,0x0C00,0x0C00,0x0C00,0x0800,0x1041,0x1483,0x1482,0x1062,0x14C6,0x18E7,0x0C00,0x0C00,0x0C00,
    0x0C00,0x0800,0x1041,0x1482,0x1083,0x14A4,0x1908,0x14A5,0x1083,0x1908,0x1908,0x1909,0x216E,0x216E,0x0423,0x0800,
    0x0C00,0x0C00,0x0C00,0x0C00,0x0C00,0x1062,0x0C41,0x0800,0x0800,0x0C20,0x1062,0x1062,0x1041,0x0800,0x1462,0x1482,
    0x1062,0x1083,0x18E7,0x0C65,0x25D1,0x10A7,0x0423,0x3297,0x3FFF,0x3BBF,0x3BBF,0x3FFF,0x3231,0x0422,0x14E9,0x14C8,
    0x14C9,0x0423,0x2EFD,0x3FFF,0x3BBF,0x3BBF,0x3FFF,0x3297,0x0844,0x14EA,0x0C65,0x25AD,0x4BFF,0x379F,0x3BBF,0x3BBF,
    0x3FFF,0x0C84,0x10A7,0x14C9,0x14C8,0x14C9,0x0C64,0x439A,0x3FFF,0x3BBF,0x3BBF,0x3FFF,0x1D2B,0x0844,0x14EA,0x0401,
    0x3231,0x3297,0x0401,0x0401,0x0000,0x0844,0x14C9,0x14C8,0x10A7,0x0C85,0x3BBF,0x3BBF,0x3BBF,0x379F,0x4BFF,0x216C,
    0x0C65,0x14C9,0x14C8,0x14E9,0x0401,0x1D4C,0x4BFF,0x3BBF,0x3BBF,0x3BBF,0x3BBF,0x0423,0x14C8,0x14E9,0x0C65,0x25AD,
    0x3FFF,0x379F,0x3BBF,0x3FFF,0x439A,0x0423,0x14C8,0x14C8,0x14C8,0x0423,0x439A,0x3FFF,0x3BBF,0x379F,0x4BFF,0x3231,
    0x0423,0x0C86,0x25D1,0x0423,0x0C86,0x25F4,0x10A7,0x0423,0x3297,0x3FFF,0x3BBF,0x4BFF,0x0C64,0x192B,0x4BFF,0x3BBF,
    0x3BBF,0x3FFF,0x3297,0x0423,0x10A6,0x25D1,0x2190,0x25D1,0x0C65,0x10A7,0x14E8,0x4BFF,0x3BBF,0x3BBF,0x3BBF,0x3BBF,
    0x3FFF,0x216C,0x0401,0x0C86,0x14E9,0x14C9,0x10A7,0x0000,0x218E,0x1D4B,0x0844,0x14C8,0x2637,0x0000,0x0C20,0x1482,
    0x1082,0x1482,0x1482,0x1482,0x1041,0x0800,0x1041,0x1062,0x0C00,0x0C00,0x0C00,0x0C00,0x0C00,0x0C00,0x0C00,0x0C00,
    0x0800,0x0842,0x218E,0x1909,0x18E8,0x18E7,0x1908,0x1908,0x14C6,0x1062,0x1083,0x1082,0x1482,0x1041,0x1083,0x1083,
    0x1041,0x0C00,0x0C00,0x0800,0x0C42,0x1908,0x18E7,0x1062,0x0C00,0x0C00,0x0C00,0x0C00,0x0C00,0x0C00,0x0C00,0x0C00,
    0x0C00,0x0C00,0x0C00,0x0C00,0x0C00,0x0C00,0x0C00,0x1482,0x1483,0x1062,0x1083,0x1908,0x0C21,0x0800,0x0C00,0x0C00,
    0x0C00,0x0C20,0x1482,0x1083,0x18E7,0x18E8,0x14A5,0x1084,0x14E8,0x1908,0x14E8,0x192B,0x1D6F,0x1D6D,0x0423,0x0800,
    0x0C00,0x0C00,0x0C00,0x0C00,0x0C00,0x0800,0x0800,0x0C00,0x0C20,0x1462,0x0800,0x1062,0x1062,0x0C20,0x1483,0x1482,
    0x1083,0x18C6,0x18C5,0x0844,0x25D1,0x10A6,0x0423,0x2EFD,0x3FFF,0x3BBF,0x3BBF,0x3FFF,0x3231,0x0422,0x14C9,0x14C8,
    0x14E9,0x0401,0x2EFD,0x3FFF,0x3BBF,0x3BBF,0x3FFF,0x3297,0x0423,0x14EA,0x0C65,0x25AD,0x4BFF,0x3BBF,0x3BBF,0x3BBF,
    0x4BFF,0x0C84,0x10A7,0x14C9,0x14C8,0x14C9,0x0C64,0x439A,0x3FFF,0x3BBF,0x3BBF,0x3FFF,0x218E,0x0C84,0x10A5,0x192B,
    0x4BFF,0x3BBF,0x0423,0x14E9,0x14E9,0x14C9,0x14C8,0x14C8,0x10A7,0x0C85,0x3BBF,0x3BBF,0x3BBF,0x3BBF,0x4BFF,0x216C,
    0x0C65,0x14C9,0x14C8,0x14C9,0x10A7,0x0844,0x379F,0x3FFF,0x3BBF,0x3BBF,0x4BFF,0x1D2A,0x0844,0x14EA,0x0844,0x25AD,
    0x4BFF,0x3BBF,0x3BBF,0x3FFF,0x439A,0x0401,0x10A7,0x10A7,0x0401,0x216C,0x4BFF,0x3BBF,0x3BBF,0x3BBF,0x4BFF,0x1909,
    0x0844,0x0C65,0x25F4,0x10A7,0x194D,0x25D1,0x0844,0x10A7,0x3FFF,0x3FFF,0x3FFF,0x2EFD,0x0000,0x0423,0x3BBF,0x3FFF,
    0x3FFF,0x3FFF,0x4BFF,0x14E7,0x0C86,0x14EA,0x2637,0x10A7,0x0C86,0x14C8,0x0000,0x3297,0x3FFF,0x3BBF,0x3BBF,0x3BBF,
    0x3FFF,0x4BFF,0x3297,0x1909,0x0422,0x0C86,0x14C9,0x0C85,0x0000,0x0422,0x0C65,0x25D1,0x1DB3,0x0000,0x0C00,0x1041,
    0x14A4,0x1483,0x1062,0x1482,0x1062,0x0800,0x0C20,0x1482,0x0C20,0x0800,0x0C00,0x0C00,0x0C00,0x0C00,0x0C00,0x0C00,
    0x0800,0x0423,0x2190,0x192B,0x14E7,0x14A5,0x18E8,0x1908,0x18E7,0x1082,0x1083,0x1083,0x1483,0x1061,0x1083,0x1483,
    0x1462,0x0800,0x0C00,0x0C00,0x0800,0x0C21,0x18E7,0x1484,0x0C20,0x0C00,0x0C00,0x0C00,0x0C00,0x0C00,0x0C00,0x0C00,
    0x0C00,0x0C00,0x0C00,0x0C00,0x0C00,0x0C00,0x0C20,0x1482,0x1483,0x1062,0x18C6,0x1084,0x0800,0x0C00,0x0C00,0x0C00,
    0x0800,0x0C20,0x1083,0x18E7,0x18E7,0x1083,0x1062,0x18E7,0x1908,0x18E7,0x1909,0x1D6D,0x2190,0x14E9,0x0400,0x0C00,
    0x0C00,0x0C00,0x0C00,0x0C00,0x0C00,0x1041,0x0C20,0x0800,0x1482,0x1041,0x0400,0x14A4,0x1083,0x1041,0x1483,0x1482,
    0x1083,0x18E7,0x1083,0x0844,0x21B1,0x0C86,0x0422,0x3297,0x3BBF,0x379F,0x379F,0x3FFF,0x3231,0x0844,0x14E9,0x14C9,
    0x0844,0x10A6,0x3FFF,0x379F,0x379F,0x379F,0x3BBF,0x192B,0x0844,0x14EA,0x0844,0x25AD,0x3FFF,0x379F,0x379F,0x379F,
    0x3FFF,0x0C84,0x14C8,0x14C9,0x14C8,0x14C9,0x0C64,0x439A,0x379F,0x379F,0x379F,0x379F,0x379F,0x379F,0x2EFD,0x379F,
    0x379F,0x439A,0x0423,0x14C8,0x14C8,0x14C8,0x14C8,0x14C9,0x14C8,0x0C85,0x3BBF,0x379F,0x379F,0x379F,0x3FFF,0x216C,
    0x0C65,0x14C9,0x14C9,0x14C8,0x14C9,0x0401,0x3297,0x379F,0x379F,0x379F,0x3FFF,0x3231,0x0401,0x14EA,0x0C65,0x216E,
    0x3FFF,0x379F,0x379F,0x379F,0x4BFF,0x14C6,0x18E8,0x18E7,0x25AD,0x3BBF,0x379F,0x379F,0x2EFD,0x3BBF,0x3297,0x0000,
    0x14C8,0x10A7,0x14C9,0x25F4,0x2637,0x14C8,0x0844,0x21B0,0x3FFF,0x379F,0x3BBF,0x2190,0x0401,0x0423,0x3297,0x3FFF,
    0x379F,0x379F,0x4BFF,0x3231,0x0844,0x10A7,0x0844,0x10A7,0x14C8,0x14C8,0x0422,0x0C85,0x3BBF,0x379F,0x379F,0x379F,
    0x379F,0x379F,0x3BBF,0x3FFF,0x3297,0x14C7,0x0401,0x14C8,0x14EA,0x0C86,0x2637,0x21F7,0x0000,0x0C41,0x0C20,0x0C00,
    0x1062,0x18C6,0x14A5,0x1062,0x1482,0x1062,0x0800,0x1061,0x1041,0x0800,0x0C00,0x0C00,0x0C00,0x0C00,0x0C00,0x0800,
    0x0C00,0x0400,0x190A,0x1D6D,0x14E8,0x14A4,0x14C6,0x1909,0x1908,0x14A4,0x1082,0x1083,0x1482,0x0800,0x1063,0x1083,
    0x1482,0x1041,0x0C00,0x0C00,0x0C00,0x0800,0x0C42,0x18E7,0x1484,0x0C20,0x0800,0x0C00,0x0C00,0x0C00,0x0C00,0x0C00,
    0x0C00,0x0C00,0x0C00,0x0C00,0x0C00,0x0C00,0x0C20,0x1482,0x1483,0x1483,0x1483,0x0800,0x0C00,0x0C00,0x0C00,0x0C00,
    0x0800,0x1041,0x1483,0x14A5,0x1483,0x1462,0x1062,0x1084,0x18E8,0x1909,0x1D6D,0x216E,0x2190,0x14E8,0x0400,0x0C00,
    0x0C00,0x0C00,0x0C00,0x0800,0x1062,0x1041,0x0800,0x0C20,0x1041,0x0800,0x1061,0x18E7,0x1062,0x1041,0x1483,0x1082,
    0x18C6,0x18C6,0x1062,0x0C64,0x1D92,0x10A6,0x0423,0x3297,0x2EFD,0x2EFD,0x2EFD,0x379F,0x25F4,0x0400,0x10A6,0x0844,
    0x10A6,0x3297,0x379F,0x2EFD,0x2EFD,0x2EFD,0x2EFD,0x0423,0x10A7,0x14E9,0x0844,0x216C,0x379F,0x2EFD,0x2EFD,0x2EFD,
    0x379F,0x0C85,0x14C8,0x14C9,0x14C8,0x14C8,0x0844,0x2EFD,0x2EFD,0x2EFD,0x2EFD,0x2EFD,0x2EFD,0x379F,0x2EFD,0x2EFD,
    0x2EFD,0x2EFD,0x0423,0x14C8,0x14C8,0x14C9,0x14C9,0x14C9,0x14C8,0x10A6,0x379F,0x2EFD,0x2EFD,0x2EFD,0x3BBF,0x216C,
    0x0C86,0x14C9,0x14C8,0x14C8,0x14C9,0x0844,0x3297,0x379F,0x2EFD,0x2EFD,0x379F,0x25D1,0x0422,0x14EA,0x0C65,0x216E,
    0x379F,0x26BC,0x26BC,0x2EFD,0x3BBF,0x3FFF,0x3BBF,0x4BFF,0x3FFF,0x2EFD,0x2EFD,0x26BC,0x379F,0x3297,0x0000,0x0C65,
    0x14EA,0x14C9,0x0C86,0x194D,0x1D6E,0x10A7,0x0844,0x3297,0x379F,0x2EFD,0x379F,0x10A7,0x0C85,0x0C64,0x1D4C,0x3BBF,
    0x2EFD,0x2EFD,0x379F,0x2EFD,0x0844,0x14C8,0x14C9,0x14C9,0x14C8,0x14C8,0x14C8,0x0000,0x14C8,0x379F,0x2EFD,0x2EFD,
    0x2EFD,0x2EFD,0x26BC,0x2EFD,0x379F,0x2EFD,0x25F4,0x0C65,0x0844,0x0C86,0x25F4,0x25F4,0x0000,0x1061,0x1061,0x0C00,
    0x0C00,0x14A4,0x18E7,0x14C6,0x1083,0x1482,0x0C21,0x0C21,0x1061,0x0800,0x0C00,0x0C00,0x0C00,0x0C00,0x0C00,0x0C00,
    0x0C00,0x0800,0x10A6,0x2190,0x1909,0x14C6,0x1063,0x1908,0x1909,0x14A4,0x1082,0x1083,0x1462,0x0800,0x1484,0x18C6,
    0x1062,0x1483,0x1041,0x0800,0x0C00,0x0C00,0x0800,0x1084,0x1908,0x1484,0x0800,0x0C00,0x0C00,0x0C00,0x0C00,0x0C00,
    0x0C00,0x0C00,0x0C00,0x0C00,0x0C00,0x0C00,0x1041,0x1483,0x1083,0x1062,0x0C00,0x0C00,0x0C00,0x0C00,0x0C00,0x0C00,
    0x0C00,0x1061,0x1083,0x14A5,0x1483,0x1483,0x1482,0x1083,0x18E7,0x192B,0x216E,0x1D6E,0x216E,0x0842,0x0800,0x0C00,
    0x0C00,0x0C00,0x0800,0x1041,0x1483,0x0800,0x0800,0x0C21,0x0800,0x0C20,0x18C5,0x18E7,0x0C20,0x1482,0x1482,0x1483,
    0x14A4,0x1483,0x1482,0x0C64,0x1D92,0x10A6,0x0423,0x2637,0x26BC,0x227B,0x227B,0x26BC,0x2EFD,0x3297,0x3297,0x3297,
    0x2EFD,0x26BC,0x227B,0x227B,0x227B,0x379F,0x1D2C,0x0401,0x14C8,0x14C8,0x0C65,0x1D4C,0x2EFD,0x227B,0x227B,0x227B,
    0x2EFD,0x0C85,0x14C8,0x14C9,0x14C8,0x14C8,0x0C64,0x26BC,0x227B,0x227B,0x227B,0x26BC,0x2EFD,0x3297,0x3297,0x3297,
    0x2EFD,0x26BC,0x0423,0x14C8,0x14C9,0x14C9,0x14C9,0x14C9,0x14C8,0x0C85,0x2EFD,0x227B,0x227B,0x227B,0x2EFD,0x1D4C,
    0x0C86,0x14C9,0x14C8,0x14C8,0x14C9,0x0844,0x3297,0x26BC,0x227B,0x227B,0x2EFD,0x21B1,0x0422,0x14EA,0x0C65,0x1D4D,
    0x2EFD,0x225A,0x227B,0x227B,0x26BC,0x2EFD,0x2EFD,0x227B,0x227B,0x227B,0x227B,0x379F,0x2190,0x0000,0x0844,0x14E9,
    0x14C9,0x14C8,0x14C9,0x0C86,0x0C86,0x10A7,0x14C7,0x2EFD,0x227B,0x26BC,0x3297,0x0423,0x10A6,0x0844,0x10A6,0x2EFD,
    0x227B,0x227B,0x225A,0x2EFD,0x190A,0x0C65,0x14C9,0x14C9,0x14C9,0x14C8,0x14C8,0x14C8,0x0000,0x0C86,0x2EFD,0x379F,
    0x26BC,0x227B,0x227B,0x227B,0x227B,0x227B,0x2EFD,0x2EFD,0x14E9,0x0C65,0x0844,0x25D1,0x2190,0x0400,0x1482,0x1061,
    0x0C00,0x0800,0x1484,0x18E7,0x14C6,0x1484,0x1062,0x1062,0x1061,0x0800,0x1061,0x0C00,0x0800,0x0C00,0x0C00,0x0C00,
    0x0C00,0x0C00,0x0400,0x1D2C,0x1D6D,0x1908,0x1484,0x14A4,0x1909,0x14C5,0x1083,0x1083,0x1482,0x0400,0x14A5,0x1908,
    0x1062,0x1063,0x1482,0x0C20,0x0800,0x0C00,0x0C00,0x0800,0x14C6,0x18E8,0x0C20,0x0800,0x0C00,0x0C00,0x0C00,0x0C00,
    0x0C00,0x0C00,0x0C00,0x0C00,0x0800,0x0C00,0x1062,0x1483,0x1061,0x0C00,0x0C00,0x0C00,0x0C00,0x0C00,0x0C00,0x0C00,
    0x0C20,0x1083,0x14C5,0x1083,0x1062,0x1083,0x1482,0x14A4,0x1909,0x216E,0x216E,0x218E,0x10A6,0x0400,0x0C00,0x0C00,
    0x0C00,0x0C00,0x0800,0x1062,0x0C41,0x0800,0x0C00,0x0800,0x0C21,0x1084,0x1908,0x1062,0x0C21,0x1483,0x1482,0x1482,
    0x1482,0x1483,0x1462,0x0C64,0x21B1,0x10A6,0x0844,0x2637,0x26BC,0x227B,0x227B,0x227B,0x26BC,0x26BC,0x26BC,0x26BC,
    0x227B,0x225A,0x227B,0x26BC,0x2EFD,0x1D4C,0x0401,0x10A7,0x1D6E,0x14EA,0x0C65,0x1D4C,0x2EFD,0x225A,0x227B,0x227B,
    0x2EFD,0x0C85,0x14C8,0x14C9,0x14C8,0x14C9,0x0C64,0x227B,0x227B,0x227B,0x225A,0x2EFD,0x1D4C,0x0000,0x0000,0x0401,
    0x2EFD,0x379F,0x0423,0x14C9,0x14C9,0x14C9,0x14C9,0x14C9,0x14C8,0x0C85,0x26BC,0x227B,0x227B,0x227B,0x2EFD,0x1D4C,
    0x0C86,0x14C9,0x14C8,0x14C8,0x14C8,0x0422,0x2637,0x227B,0x227B,0x227B,0x2EFD,0x25D1,0x0423,0x14EA,0x0C64,0x1D4C,
    0x26BC,0x225A,0x227B,0x227B,0x2EFD,0x25D1,0x3231,0x2EFD,0x227B,0x227B,0x225A,0x2EFD,0x1D4D,0x0401,0x150C,0x14C8,
    0x14C8,0x14C8,0x14C8,0x14C9,0x14EA,0x0844,0x1D6F,0x26BC,0x227B,0x227B,0x26BC,0x26BC,0x26BC,0x26BC,0x26BC,0x26BC,
    0x227B,0x227B,0x227B,0x26BC,0x25F4,0x0422,0x14EA,0x14C8,0x14C9,0x14C9,0x14C9,0x14EA,0x14C9,0x0422,0x0401,0x216E,
    0x2EFD,0x26BC,0x227B,0x227B,0x227B,0x227B,0x227B,0x26BC,0x2EFD,0x14C8,0x0C85,0x0C65,0x2637,0x0423,0x1061,0x1483,
    0x1041,0x0800,0x0C20,0x14C6,0x14E7,0x18E7,0x1083,0x1062,0x1062,0x0800,0x1061,0x0C20,0x0800,0x0C00,0x0C00,0x0C00,
    0x0C00,0x0C00,0x0400,0x14E9,0x21B0,0x1909,0x18E7,0x1062,0x14C6,0x1908,0x1083,0x1083,0x1483,0x0800,0x1041,0x1908,
    0x1484,0x1062,0x1082,0x1062,0x0800,0x0C00,0x0C00,0x0C00,0x0800,0x1084,0x0C20,0x0C00,0x0C00,0x0C00,0x0C00,0x0C00,
    0x0C00,0x0C00,0x0C00,0x0C00,0x0800,0x0C20,0x1483,0x1041,0x0800,0x0C00,0x0C00,0x0C00,0x0C00,0x0C00,0x0C00,0x0C00,
    0x1063,0x18E7,0x1083,0x1062,0x1462,0x1482,0x1482,0x14A5,0x1D2B,0x1D6F,0x216E,0x2190,0x0C63,0x0800,0x0C00,0x0C00,
    0x0C00,0x0800,0x0C21,0x1062,0x0800,0x0C00,0x0800,0x1041,0x14A4,0x18E7,0x14A5,0x0C20,0x1482,0x1483,0x1482,0x1482,
    0x14A4,0x1482,0x14A4,0x0C85,0x1D92,0x10A7,0x0844,0x2637,0x26BC,0x227B,0x227B,0x227B,0x26BC,0x26BC,0x26BC,0x26BC,
    0x26BC,0x2EFD,0x26BC,0x25F4,0x0C64,0x0000,0x0423,0x150C,0x2EFD,0x14EA,0x0C64,0x1D6D,0x2EFD,0x225A,0x227B,0x227B,
    0x2EFD,0x0C85,0x14C8,0x14C9,0x14C8,0x14C9,0x0C64,0x3297,0x26BC,0x227B,0x225A,0x26BC,0x194D,0x0C65,0x14E9,0x0401,
    0x14C8,0x21B0,0x0423,0x14EA,0x0C86,0x10A6,0x14C9,0x14C9,0x14C8,0x0C85,0x26BC,0x227B,0x227B,0x227B,0x2EFD,0x1D4C,
    0x0C86,0x14E9,0x14C8,0x14E9,0x0C65,0x10A7,0x2EFD,0x225A,0x227B,0x227B,0x26BC,0x0C65,0x0C65,0x14EA,0x0C64,0x1D4C,
    0x2EFD,0x227B,0x227B,0x227B,0x26BC,0x0000,0x0000,0x21B1,0x2EFD,0x227B,0x227B,0x227B,0x2EFD,0x10A6,0x0C86,0x14C9,
    0x14C8,0x14C8,0x14C8,0x14C8,0x14C8,0x0423,0x225A,0x227B,0x227B,0x227B,0x26BC,0x26BC,0x26BC,0x26BC,0x227B,0x227B,
    0x227B,0x227B,0x227B,0x227B,0x26BC,0x0844,0x14C8,0x14C9,0x14C8,0x14C9,0x10A7,0x0C65,0x14C8,0x14E9,0x0C86,0x0000,
    0x0401,0x1D6F,0x26BC,0x2EFD,0x227B,0x26BC,0x26BC,0x227B,0x227B,0x26BC,0x0844,0x0844,0x1D6E,0x150C,0x0800,0x1483,
    0x1483,0x0C20,0x0C00,0x1062,0x18E7,0x18E7,0x14A5,0x0C20,0x1482,0x0C41,0x0C00,0x1041,0x0800,0x0C00,0x0C00,0x0C00,
    0x0C00,0x0C00,0x0800,0x0C85,0x21B1,0x192B,0x1908,0x18E7,0x1083,0x18E8,0x1083,0x1083,0x1083,0x0C00,0x0800,0x1908,
    0x14A5,0x1062,0x1062,0x1083,0x0C20,0x0800,0x0C00,0x0C00,0x0C00,0x0C00,0x0C00,0x0C00,0x0C00,0x0C00,0x0C00,0x0C00,
    0x0C00,0x0C00,0x0C00,0x0C00,0x0800,0x1061,0x1061,0x0800,0x0C00,0x0C00,0x0C00,0x0C00,0x0C00,0x0C00,0x0C20,0x1062,
    0x18C5,0x1484,0x1062,0x1082,0x1082,0x1062,0x1062,0x1909,0x1D6D,0x216E,0x218E,0x14E8,0x0400,0x0C00,0x0C00,0x0C00,
    0x0C00,0x0C00,0x1062,0x0800,0x0800,0x0800,0x0C20,0x18C6,0x18E7,0x1062,0x0800,0x1062,0x1082,0x1482,0x1462,0x1483,
    0x1483,0x1483,0x18E7,0x10A6,0x1D92,0x10A7,0x0844,0x2637,0x227B,0x225A,0x21F7,0x225A,0x2637,0x150C,0x194D,0x194D,
    0x194D,0x194D,0x0844,0x0000,0x0400,0x0844,0x1D6F,0x1DB3,0x1DB3,0x150C,0x0C65,0x1D6D,0x26BC,0x225A,0x225A,0x225A,
    0x2EFD,0x0C85,0x14C8,0x14C8,0x14C8,0x14C9,0x0C64,0x225A,0x227B,0x227B,0x225A,0x26BC,0x192C,0x0C65,0x14C9,0x14C8,
    0x0401,0x0000,0x10A6,0x0423,0x1D4C,0x14E9,0x0C65,0x14C9,0x14C8,0x0C86,0x26BC,0x225A,0x225A,0x21F7,0x2EFD,0x1D2B,
    0x0C86,0x14C9,0x14C9,0x14EA,0x0401,0x21B1,0x26BC,0x225A,0x225A,0x227B,0x2637,0x0423,0x14C9,0x14EA,0x0C85,0x194D,
    0x26BC,0x225A,0x225A,0x225A,0x26BC,0x0C64,0x0C85,0x0401,0x227B,0x227B,0x227B,0x227B,0x26BC,0x1DB3,0x0401,0x14C9,
    0x14C8,0x14C8,0x14C8,0x14C9,0x0C86,0x10A7,0x2EFD,0x227B,0x227B,0x225A,0x2637,0x2637,0x25F4,0x25F4,0x25F4,0x2637,
    0x26BC,0x227B,0x227B,0x227B,0x2EFD,0x14E9,0x0C65,0x14E9,0x14C8,0x14C8,0x0C65,0x25D1,0x0844,0x0C65,0x14C9,0x14C8,
    0x0C65,0x0000,0x0401,0x25D1,0x2EFD,0x225A,0x21F7,0x21F7,0x19B6,0x225A,0x150C,0x0C65,0x14C8,0x25F4,0x0800,0x1483,
    0x1483,0x1462,0x0C20,0x0C00,0x0C41,0x14C6,0x18E8,0x1062,0x0C20,0x1082,0x0C20,0x1062,0x0800,0x0C00,0x0C00,0x0C00,
    0x0C00,0x0C00,0x0C00,0x0400,0x192B,0x216E,0x14E8,0x1908,0x14C6,0x14C6,0x1484,0x1083,0x1482,0x0800,0x0C20,0x14A5,
    0x1D4B,0x1083,0x1062,0x1082,0x1061,0x0C00,0x0C00,0x0C00,0x0C00,0x0C00,0x0C00,0x0C00,0x0C00,0x0800,0x0C00,0x0C00,
    0x0C00,0x0C00,0x0C00,0x0C00,0x0C20,0x1062,0x0800,0x0C00,0x0C00,0x0C00,0x0C00,0x0C00,0x0800,0x0C20,0x1062,0x1082,
    0x1083,0x1062,0x1482,0x1062,0x1062,0x14A4,0x0C84,0x1D4C,0x216E,0x1D2B,0x14A5,0x0800,0x0C00,0x0C00,0x0C00,0x0C00,
    0x0C00,0x0C00,0x0800,0x0800,0x0C20,0x0800,0x1083,0x18C6,0x1062,0x0800,0x1041,0x1483,0x1062,0x1482,0x1482,0x14A4,
    0x1062,0x14A4,0x1D2A,0x10A6,0x1D92,0x10A7,0x0C65,0x2637,0x225A,0x19B6,0x19B6,0x21F7,0x1D6E,0x0000,0x0401,0x0400,
    0x0400,0x0400,0x0423,0x0C85,0x192C,0x25F4,0x1D92,0x0000,0x1D6E,0x192C,0x0C65,0x1D4D,0x225A,0x19B6,0x19B6,0x19B6,
    0x225A,0x0C64,0x10A7,0x14C9,0x14C8,0x14C9,0x0C65,0x2637,0x21F7,0x21F7,0x19B6,0x225A,0x192C,0x0C86,0x14EA,0x14E9,
    0x14EA,0x192B,0x0C65,0x0C85,0x379F,0x2190,0x0844,0x14EA,0x14C8,0x10A6,0x3297,0x19B6,0x19B6,0x19B6,0x225A,0x192B,
    0x0C86,0x14E9,0x14C8,0x0422,0x14EA,0x227B,0x21F7,0x21F7,0x19B6,0x225A,0x14EA,0x0401,0x14E9,0x14E9,0x0C85,0x1D4D,
    0x225A,0x19B6,0x19B6,0x19B6,0x2637,0x0423,0x14E9,0x0000,0x2190,0x227B,0x21F7,0x21F7,0x19B6,0x26BC,0x0C86,0x0C85,
    0x14C9,0x14C8,0x14C8,0x14C9,0x0423,0x1D6E,0x26BC,0x19B6,0x225A,0x25D1,0x0000,0x0000,0x0000,0x0000,0x0000,0x0000,
    0x2637,0x227B,0x21F7,0x21F7,0x225A,0x1D92,0x0401,0x14E9,0x14C9,0x10A7,0x14C8,0x379F,0x1DB3,0x0401,0x14C9,0x14C8,
    0x14C9,0x14E9,0x0C65,0x0000,0x194D,0x225A,0x19B6,0x19B6,0x1DB3,0x19B6,0x2637,0x0C86,0x14C8,0x25F4,0x0C42,0x1482,
    0x1082,0x1483,0x1061,0x0C20,0x0C00,0x0821,0x1909,0x14C6,0x0C20,0x1062,0x1061,0x0C00,0x0C00,0x0C00,0x0C00,0x0C00,
    0x0C00,0x0C00,0x0C00,0x0800,0x0C63,0x2190,0x1909,0x18E8,0x1908,0x1908,0x1084,0x1083,0x1482,0x0C20,0x1062,0x0C42,
    0x1D2C,0x14C6,0x1061,0x1082,0x1083,0x0C20,0x0C00,0x0C00,0x0C00,0x0C00,0x0C00,0x0C00,0x0C00,0x0C00,0x0C00,0x0C00,
    0x0C00,0x0C00,0x0C00,0x0800,0x1062,0x0C21,0x0800,0x0C00,0x0C00,0x0C00,0x0C00,0x0800,0x0C21,0x1482,0x1082,0x1462,
    0x1482,0x1462,0x1062,0x1062,0x14C5,0x1908,0x1909,0x1D6D,0x14E8,0x1084,0x18C5,0x0C20,0x0C00,0x0C00,0x0C00,0x0C00,
    0x0C00,0x0C00,0x0C20,0x1482,0x1061,0x1061,0x1083,0x0C20,0x0800,0x0C20,0x1483,0x1482,0x1482,0x1462,0x1083,0x14C6,
    0x1483,0x14A5,0x1D4B,0x10A6,0x2190,0x10A7,0x0C65,0x25F4,0x21F7,0x19B6,0x19B6,0x19B6,0x1D6E,0x0C84,0x10A7,0x1909,
    0x1D4D,0x1D4D,0x2190,0x2637,0x2637,0x14C8,0x0000,0x0000,0x25F4,0x14EA,0x0C65,0x194D,0x225A,0x19B6,0x19B6,0x19B6,
    0x2637,0x0C65,0x14C8,0x14C8,0x14C8,0x14C9,0x0C65,0x21F7,0x19B6,0x19B6,0x1D92,0x21F7,0x150C,0x0842,0x10A7,0x10A6,
    0x10A6,0x0844,0x0423,0x25F4,0x225A,0x192C,0x0C65,0x14EA,0x14C8,0x0C85,0x2637,0x19B6,0x19B6,0x19B6,0x2637,0x14EA,
    0x0422,0x0C64,0x0C65,0x1D6E,0x225A,0x19B6,0x19B6,0x19B6,0x21F7,0x2637,0x0000,0x10A7,0x14C9,0x14E9,0x10A6,0x194D,
    0x225A,0x19B6,0x19B6,0x19B6,0x2637,0x0844,0x14E9,0x0C85,0x0423,0x225A,0x19B6,0x19B6,0x1D92,0x19B6,0x25F4,0x0422,
    0x14E9,0x14C8,0x14C8,0x14C9,0x0423,0x25F4,0x19B6,0x19B6,0x21F7,0x14C8,0x0C86,0x14E9,0x14C8,0x14C8,0x14E9,0x0422,
    0x150C,0x225A,0x1D92,0x19B6,0x19B6,0x21F7,0x0844,0x14C8,0x14E9,0x10A7,0x14C8,0x21F7,0x225A,0x14EA,0x0423,0x14EA,
    0x14C9,0x14C9,0x14EA,0x10A7,0x0000,0x25D1,0x21F7,0x1DB3,0x19B6,0x21F7,0x21F7,0x0C86,0x14C8,0x1DB3,0x0C64,0x14A4,
    0x1062,0x1062,0x1483,0x1041,0x0C00,0x0800,0x14C7,0x1908,0x1083,0x0800,0x1462,0x1062,0x0C00,0x0C00,0x0C00,0x0C00,
    0x0C00,0x0C00,0x0C00,0x0C00,0x0400,0x14E8,0x218E,0x14E8,0x18E8,0x18E7,0x1083,0x1083,0x1062,0x0820,0x14A4,0x0C20,
    0x192B,0x1908,0x1062,0x1062,0x1083,0x0C20,0x0C00,0x0C00,0x0C00,0x0C00,0x0C00,0x0C00,0x0C00,0x0C00,0x0C00,0x0C00,
    0x0C00,0x0C00,0x0C00,0x0C20,0x1041,0x0800,0x0C00,0x0C00,0x0C00,0x0C00,0x0800,0x1062,0x1482,0x1062,0x1082,0x1482,
    0x1062,0x1484,0x18E8,0x14C6,0x1908,0x1908,0x14E8,0x1084,0x1061,0x18C5,0x14C6,0x0C00,0x0C00,0x0C00,0x0C00,0x0C00,
    0x0C00,0x0C00,0x1062,0x1062,0x0C00,0x0C00,0x0800,0x0800,0x0C00,0x1061,0x1482,0x1082,0x1482,0x1083,0x1908,0x18E7,
    0x14A5,0x1908,0x1908,0x0423,0x1DB3,0x10A7,0x0C65,0x25F4,0x21F7,0x19B6,0x19B6,0x21F7,0x1D6F,0x0844,0x14C8,0x2637,
    0x194D,0x1D6F,0x2190,0x0C86,0x0000,0x0000,0x0400,0x14EA,0x25F4,0x0C85,0x0422,0x194D,0x225A,0x19B6,0x19B6,0x19B6,
    0x225A,0x0C65,0x0C86,0x14C9,0x14C8,0x10A6,0x0423,0x2637,0x19B6,0x19B6,0x19B6,0x21F7,0x25F4,0x194D,0x216E,0x1D6E,
    0x1D6E,0x1D6E,0x2637,0x21F7,0x21F7,0x192C,0x0844,0x14EA,0x0C85,0x0C85,0x2637,0x19B6,0x19B6,0x19B6,0x19B6,0x2637,
    0x25F4,0x25F4,0x2637,0x21F7,0x19B6,0x19B6,0x19B6,0x225A,0x2637,0x0401,0x0844,0x10A6,0x10A7,0x14C9,0x0401,0x194D,
    0x21F7,0x19B6,0x19B6,0x19B6,0x2637,0x0844,0x10A6,0x14EA,0x0401,0x1DB3,0x21F7,0x1D92,0x19B6,0x1D92,0x225A,0x150C,
    0x0422,0x14C9,0x14E9,0x0844,0x14EA,0x225A,0x19B6,0x19B6,0x21F7,0x0844,0x0C65,0x14E9,0x14C8,0x14C9,0x14EA,0x0C65,
    0x0C86,0x2637,0x19B6,0x19B6,0x19B6,0x225A,0x194D,0x0423,0x14EA,0x10A7,0x10A7,0x2637,0x1D92,0x21F7,0x0C65,0x0C65,
    0x14EA,0x14EA,0x14C9,0x14EA,0x0401,0x14EA,0x21F7,0x1DB3,0x19B6,0x21F7,0x2637,0x0C86,0x10A7,0x1DB3,0x0C63,0x1D2A,
    0x1484,0x1062,0x1483,0x1482,0x0C20,0x0800,0x0C21,0x18E7,0x18E7,0x0C21,0x0C00,0x1483,0x0C20,0x0C00,0x0C00,0x0C00,
    0x0C00,0x0C00,0x0C00,0x0C00,0x0C00,0x0400,0x14E8,0x1D4C,0x1908,0x18E7,0x1083,0x1483,0x1061,0x0821,0x18E7,0x0C41,
    0x14E8,0x1D2B,0x1083,0x1062,0x1083,0x0C20,0x0C00,0x0C00,0x0C00,0x0C00,0x0C00,0x0C00,0x0C00,0x0C00,0x0C00,0x0C00,
    0x0C00,0x0C00,0x0C00,0x0C00,0x0800,0x0C00,0x0C00,0x0C00,0x0C00,0x0800,0x1062,0x1483,0x1082,0x1082,0x1062,0x1083,
    0x14C5,0x1D2A,0x1D4C,0x1D2A,0x1083,0x1062,0x0C20,0x1062,0x1082,0x1909,0x14C6,0x0800,0x0C00,0x0C00,0x0C00,0x0C00,
    0x0C00,0x0C00,0x0C00,0x0800,0x0C00,0x0C00,0x0C20,0x0C20,0x0800,0x1061,0x1482,0x1482,0x1083,0x18E7,0x216C,0x1D2A,
    0x18C6,0x1D4B,0x0C63,0x150C,0x2190,0x10A6,0x0844,0x1DB3,0x19B6,0x19B6,0x19B6,0x21F7,0x1D6E,0x0C86,0x10A7,0x25F4,
    0x0C86,0x0000,0x0000,0x0000,0x0800,0x1462,0x0C64,0x2637,0x0C86,0x0C63,0x14E9,0x21F7,0x19B6,0x19B6,0x19B6,0x19B6,
    0x19B6,0x25F4,0x0C86,0x14C8,0x10A7,0x0423,0x1D92,0x19B6,0x1D92,0x19B6,0x19B6,0x1D92,0x21F7,0x21F7,0x21F7,0x21F7,
    0x21F7,0x21F7,0x19B6,0x19B6,0x21F7,0x192C,0x0C65,0x10A7,0x0844,0x1DB3,0x19B6,0x1D92,0x19B6,0x19B6,0x19B6,0x19B6,
    0x19B6,0x19B6,0x19B6,0x1D92,0x19B6,0x21F7,0x2637,0x25D1,0x0423,0x0423,0x14C9,0x150C,0x0C85,0x0C64,0x14C8,0x21F7,
    0x19B6,0x19B6,0x19B6,0x19B6,0x21F7,0x25F4,0x0C65,0x14C8,0x0C65,0x0C86,0x225A,0x1D92,0x19B6,0x1D92,0x1D92,0x2637,
    0x14EA,0x0C65,0x10A6,0x10A7,0x21F7,0x19B6,0x19B6,0x1D92,0x19B6,0x1DB3,0x0844,0x10A7,0x14C9,0x14C9,0x14C8,0x0C65,
    0x1D92,0x19B6,0x1D92,0x19B6,0x19B6,0x19B6,0x2637,0x14EA,0x0844,0x10A7,0x10A7,0x2637,0x1D92,0x19B6,0x2637,0x14C8,
    0x0C65,0x10A6,0x10A6,0x0C65,0x0423,0x2190,0x19B6,0x19B6,0x19B6,0x21F7,0x1D6E,0x0C85,0x14C8,0x1DB3,0x0422,0x1909,
    0x1908,0x1062,0x1082,0x1483,0x1041,0x1041,0x0C00,0x1061,0x14C6,0x18E7,0x1061,0x0C20,0x0800,0x0C00,0x0C00,0x0C00,
    0x0C00,0x0C00,0x0C00,0x0C00,0x0C00,0x0C00,0x0400,0x14C6,0x190A,0x14E8,0x14C6,0x1062,0x0C20,0x0C42,0x1908,0x1061,
    0x0C63,0x1D4C,0x14C6,0x1062,0x1083,0x0C20,0x0C00,0x0C00,0x0C00,0x0C00,0x0C00,0x0C00,0x0C00,0x0C00,0x0C00,0x0C00,
    0x0C00,0x0C00,0x0C00,0x0C00,0x0C00,0x0C00,0x0C00,0x0C00,0x0800,0x0C20,0x1483,0x1082,0x1482,0x1462,0x1062,0x14C6,
    0x1909,0x1D2A,0x1908,0x1084,0x0800,0x0C20,0x1483,0x1062,0x1484,0x1D2A,0x1084,0x0C20,0x0800,0x0C00,0x0C00,0x0C00,
    0x0C00,0x0C00,0x0C00,0x0C00,0x0C00,0x0C00,0x1041,0x0C41,0x0800,0x1062,0x14C5,0x18C6,0x18E7,0x1D4B,0x216E,0x1908,
    0x1908,0x1D2A,0x10A7,0x2637,0x0C86,0x0C63,0x0423,0x21F7,0x19B6,0x19B6,0x19B6,0x19B6,0x2637,0x0844,0x0C65,0x14C8,
    0x25F4,0x0844,0x0400,0x1062,0x1483,0x1462,0x0C85,0x1DB3,0x0C85,0x0C64,0x2637,0x225A,0x21F7,0x2637,0x2637,0x225A,
    0x2637,0x2EFD,0x2190,0x0C65,0x0C86,0x150C,0x26BC,0x21F7,0x2637,0x2637,0x2637,0x2637,0x2637,0x21F7,0x21F7,0x21F7,
    0x21F7,0x21F7,0x2637,0x2637,0x225A,0x150C,0x0C86,0x0C86,0x1D6E,0x227B,0x21F7,0x2637,0x2637,0x2637,0x2637,0x225A,
    0x225A,0x225A,0x2637,0x2637,0x1DB3,0x1D6E,0x0844,0x0000,0x0422,0x14C8,0x3297,0x2637,0x0C65,0x0844,0x2637,0x225A,
    0x21F7,0x2637,0x225A,0x225A,0x21F7,0x2EFD,0x1D6E,0x0844,0x14EA,0x0000,0x25F4,0x225A,0x21F7,0x21F7,0x21F7,0x225A,
    0x2EFD,0x14C9,0x0423,0x2637,0x225A,0x21F7,0x21F7,0x21F7,0x21F7,0x26BC,0x2190,0x0C85,0x14EA,0x14EA,0x0844,0x2190,
    0x227B,0x21F7,0x2637,0x225A,0x225A,0x2637,0x21F7,0x2637,0x0844,0x10A6,0x10A7,0x225A,0x19B6,0x19B6,0x19B6,0x225A,
    0x25F4,0x150C,0x150C,0x192C,0x2637,0x19B6,0x19B6,0x19B6,0x19B6,0x2637,0x0844,0x0844,0x194D,0x150C,0x0000,0x14A4,
    0x216C,0x14C5,0x1062,0x1482,0x1483,0x1483,0x0C20,0x0C42,0x14C6,0x14C6,0x18C6,0x1062,0x0C20,0x0C00,0x0C00,0x0C00,
    0x0C00,0x0C00,0x0C00,0x0C00,0x0C00,0x0C00,0x0C00,0x0400,0x14C6,0x1909,0x18E8,0x1083,0x0C20,0x0C21,0x1909,0x14A4,
    0x0C41,0x190A,0x190A,0x1062,0x1082,0x1062,0x0C00,0x0C00,0x0C00,0x0C00,0x0C00,0x0C00,0x0C00,0x0C00,0x0C00,0x0C00,
    0x0C00,0x0C00,0x0C00,0x0C00,0x0C00,0x0C00,0x0C00,0x0800,0x0C20,0x1482,0x1062,0x1082,0x1083,0x1083,0x14C6,0x1908,
    0x1908,0x14A4,0x1062,0x0800,0x0C20,0x1083,0x1062,0x1083,0x192B,0x1909,0x0C21,0x0C20,0x0C00,0x0C00,0x0C00,0x0C00,
    0x0C00,0x0C00,0x0C00,0x0C00,0x0C00,0x0C00,0x0C20,0x0C20,0x0C00,0x14C5,0x18C6,0x14C6,0x14C6,0x1909,0x1D4C,0x18E7,
    0x216C,0x14C6,0x194D,0x194D,0x0C84,0x0C86,0x25F4,0x19B6,0x1D92,0x19B6,0x19B6,0x1D92,0x19B6,0x1DB3,0x10A7,0x0C65,
    0x1D6F,0x194D,0x0400,0x1483,0x1062,0x1482,0x0C84,0x25F4,0x0C65,0x0844,0x0423,0x0C86,0x0C65,0x0C86,0x0C86,0x0C86,
    0x0C86,0x0C86,0x0422,0x0844,0x0C86,0x0401,0x0C86,0x0C86,0x0C86,0x0C86,0x0C86,0x0C86,0x0C86,0x0C86,0x0C86,0x0C86,
    0x0C86,0x0C86,0x0C86,0x0C86,0x0C86,0x0401,0x0C86,0x10A6,0x0422,0x0C86,0x0C65,0x0C85,0x0C86,0x0C86,0x0C86,0x0C86,
    0x0C86,0x0C86,0x0C86,0x0C86,0x0000,0x0000,0x0401,0x0C64,0x150C,0x2637,0x1D92,0x25D1,0x0C65,0x0844,0x0844,0x0C86,
    0x0C86,0x0C85,0x0C86,0x0C86,0x0C86,0x0C86,0x0401,0x0844,0x0C86,0x0844,0x0401,0x0C86,0x0C86,0x0C86,0x0C86,0x0C86,
    0x0C86,0x0844,0x0844,0x0844,0x10A7,0x0C86,0x0C86,0x0C86,0x0C86,0x0C86,0x0423,0x0C86,0x0C86,0x0C86,0x0C65,0x0423,
    0x10A7,0x10A7,0x10A7,0x10A7,0x10A7,0x10A7,0x0C86,0x0C65,0x0422,0x10A6,0x10A7,0x225A,0x19B6,0x21F7,0x19B6,0x1D92,
    0x19B6,0x21F7,0x21F7,0x21F7,0x19B6,0x19B6,0x19B6,0x19B6,0x225A,0x14EA,0x0401,0x0C65,0x25F4,0x0844,0x0800,0x1483,
    0x1D4C,0x190A,0x1062,0x1483,0x1483,0x1483,0x1062,0x0C64,0x14C6,0x0C20,0x14C6,0x14A5,0x0C00,0x0C00,0x0C00,0x0C00,
    0x0C00,0x0C00,0x0C00,0x0C00,0x0800,0x0C20,0x1062,0x0800,0x0800,0x14C7,0x1909,0x14C5,0x0800,0x0C21,0x1909,0x14A4,
    0x1061,0x1084,0x1D4C,0x14A5,0x1062,0x1062,0x0C00,0x0C00,0x0C00,0x0C00,0x0C00,0x0C00,0x0C00,0x0C00,0x0C00,0x0C00,
    0x0C00,0x0C00,0x0C00,0x0C00,0x0C00,0x0C00,0x0C00,0x0800,0x0C21,0x1483,0x1062,0x14A5,0x14A5,0x14E8,0x1908,0x18E7,
    0x1084,0x0C00,0x0800,0x0C20,0x1083,0x1063,0x1063,0x1908,0x1D6D,0x10A5,0x0C20,0x0C20,0x0800,0x0C00,0x0C00,0x0C00,
    0x0C00,0x0C00,0x0C00,0x0C00,0x0C00,0x0C00,0x0C00,0x0C00,0x0C20,0x14A4,0x14A4,0x14A4,0x14A5,0x1D4B,0x1D4B,0x14C6,
    0x216C,0x0C84,0x150C,0x194D,0x0844,0x1D6E,0x227B,0x19B6,0x21F7,0x21F7,0x21F7,0x21F7,0x19B6,0x26BC,0x192C,0x0844,
    0x1D6E,0x194D,0x0800,0x1483,0x1062,0x14A4,0x0400,0x2190,0x192C,0x0842,0x0422,0x0422,0x0401,0x0401,0x0401,0x0401,
    0x0401,0x0422,0x0422,0x14C8,0x14C8,0x0422,0x0401,0x0401,0x0401,0x0401,0x0401,0x0401,0x0401,0x0401,0x0401,0x0401,
    0x0401,0x0401,0x0401,0x0401,0x0401,0x0422,0x10A7,0x14C8,0x0422,0x0401,0x0401,0x0401,0x0401,0x0401,0x0401,0x0401,
    0x0401,0x0401,0x0422,0x0422,0x0C65,0x10A6,0x14E9,0x2190,0x1DB3,0x0C86,0x0000,0x1D6E,0x194D,0x0844,0x0422,0x0401,
    0x0401,0x0401,0x0800,0x0401,0x0401,0x0401,0x0401,0x10A6,0x1D6F,0x0C86,0x0401,0x0401,0x0401,0x0422,0x0401,0x0401,
    0x0401,0x0423,0x0C65,0x0401,0x0401,0x0401,0x0400,0x0400,0x0400,0x0800,0x0401,0x0C65,0x1DB3,0x2190,0x0C86,0x0423,
    0x0401,0x0401,0x0800,0x0800,0x0401,0x0800,0x0401,0x0400,0x0844,0x10A7,0x10A7,0x2EFD,0x21F7,0x25F4,0x25F4,0x2637,
    0x19B6,0x19B6,0x19B6,0x19B6,0x21F7,0x21F7,0x225A,0x2637,0x10A7,0x0000,0x0842,0x1D92,0x1D92,0x0000,0x1483,0x1061,
    0x18E7,0x218E,0x14A4,0x1062,0x1483,0x1483,0x1062,0x0C63,0x1908,0x0C20,0x14A5,0x14A4,0x0800,0x0C00,0x0C00,0x0C00,
    0x0C00,0x0C00,0x0C00,0x0C00,0x0800,0x14A4,0x14A4,0x0C41,0x0800,0x0C21,0x18E8,0x18E7,0x0800,0x14C7,0x1908,0x1083,
    0x1483,0x0C41,0x14C7,0x1909,0x1062,0x1062,0x0800,0x0C00,0x0C00,0x0C00,0x0C00,0x0C00,0x0C00,0x0C00,0x0C00,0x0C00,
    0x0C00,0x0C00,0x0C00,0x0C00,0x0C00,0x0C00,0x0C00,0x0800,0x0C21,0x1483,0x1062,0x14A4,0x14C6,0x18E8,0x1084,0x1061,
    0x0C20,0x0800,0x0800,0x1062,0x1062,0x1062,0x14C6,0x1D6D,0x190A,0x0800,0x18C5,0x0C21,0x0800,0x0C00,0x0C00,0x0C00,
    0x0C00,0x0C00,0x0C00,0x0C00,0x0C00,0x0C00,0x0C00,0x0800,0x1062,0x18C5,0x14A5,0x14C5,0x14E7,0x216C,0x1909,0x18E7,
    0x25AD,0x0800,0x194D,0x194D,0x0C85,0x0844,0x10A7,0x10A7,0x10A7,0x10A7,0x10A7,0x10A6,0x10A7,0x10A6,0x0423,0x0C65,
    0x1D6F,0x1D6E,0x0C20,0x1483,0x1062,0x1482,0x0800,0x0401,0x1DB3,0x2190,0x1D6F,0x1D6F,0x1D6E,0x1D6E,0x1D4D,0x1D6E,
    0x1D6E,0x1D6E,0x1D6E,0x25F4,0x25F4,0x1D6F,0x2190,0x2190,0x1D6F,0x1D6F,0x1D6F,0x1D6F,0x1D6F,0x1D6F,0x1D6F,0x1D6F,
    0x1D6E,0x1D6F,0x1D6F,0x1D6F,0x1D6F,0x1D6F,0x25F4,0x1DB3,0x2190,0x2190,0x2190,0x1D6F,0x1D6F,0x1D6F,0x1D6F,0x1D6F,
    0x1D6F,0x1D6F,0x2190,0x2190,0x21B1,0x25F4,0x25F4,0x14EA,0x0000,0x0000,0x0000,0x0422,0x1D92,0x2190,0x1D6F,0x1D6F,
    0x1D6F,0x1D6F,0x1D6F,0x1D6F,0x1D6F,0x1D6E,0x1D6E,0x25F4,0x25F4,0x1D92,0x216E,0x1D6F,0x1D6F,0x1D6F,0x1D6F,0x1D6F,
    0x1D6E,0x194D,0x194D,0x1D6E,0x1D4D,0x1D6E,0x1D6E,0x1D6E,0x1D6E,0x1D6E,0x1D6D,0x25F4,0x194D,0x1DB3,0x1DB3,0x1D6E,
    0x1D6E,0x1D4D,0x194D,0x194D,0x1D6E,0x1D6E,0x194D,0x1D6E,0x14EA,0x0C65,0x0844,0x14C8,0x0C86,0x0000,0x0000,0x10A7,
    0x21B1,0x1DB3,0x25D1,0x1DB3,0x25D1,0x1DB3,0x14EA,0x0401,0x0401,0x0C64,0x2190,0x1DB3,0x0000,0x0C84,0x18C6,0x1062,
    0x1483,0x1D4B,0x1908,0x1062,0x1482,0x1483,0x1061,0x0C63,0x1D2A,0x1061,0x14A4,0x1063,0x0800,0x0C00,0x0C00,0x0C00,
    0x0C00,0x0C00,0x0C00,0x0800,0x0821,0x1D2A,0x1083,0x1062,0x0C00,0x0800,0x0C42,0x1908,0x0821,0x1D4C,0x1908,0x1082,
    0x1482,0x1062,0x1062,0x1909,0x1083,0x1462,0x0C21,0x0800,0x0800,0x0C20,0x0C20,0x0800,0x0C00,0x0800,0x0C00,0x0C00,
    0x0C00,0x0C00,0x0C00,0x0800,0x0C00,0x0C00,0x0C00,0x0800,0x1062,0x1062,0x14A4,0x18E8,0x14C6,0x1083,0x0800,0x0800,
    0x0C00,0x0C00,0x0800,0x1062,0x1062,0x14C6,0x14E8,0x1D6D,0x1909,0x0C20,0x18E7,0x0820,0x0800,0x0C00,0x0C00,0x0C00,
    0x0C00,0x0C00,0x0C00,0x0C21,0x0C00,0x0C00,0x0C00,0x0800,0x1061,0x1083,0x1082,0x1063,0x18E8,0x216E,0x1909,0x1908,
    0x1909,0x0400,0x0C65,0x25F4,0x14C8,0x0844,0x0422,0x0422,0x0401,0x0401,0x0401,0x0401,0x0401,0x0401,0x0422,0x10A6,
    0x2637,0x0C86,0x0C41,0x1483,0x1482,0x1062,0x1483,0x0400,0x0000,0x150C,0x150C,0x150C,0x150C,0x150C,0x150C,0x150C,
    0x150C,0x150C,0x194D,0x0844,0x0422,0x194D,0x150C,0x150C,0x150C,0x150C,0x150C,0x150C,0x150C,0x150C,0x150C,0x150C,
    0x150C,0x150C,0x150C,0x150C,0x14EA,0x150C,0x0423,0x0423,0x194D,0x150C,0x150C,0x150C,0x150C,0x150C,0x150C,0x150C,
    0x14EA,0x14EA,0x14EA,0x14EA,0x150C,0x0423,0x0000,0x0000,0x0400,0x0800,0x0800,0x0000,0x0000,0x14EA,0x150C,0x150C,
    0x150C,0x150C,0x150C,0x150C,0x14EA,0x14EA,0x150C,0x0C65,0x0000,0x0C86,0x194D,0x150C,0x150C,0x150C,0x150C,0x150C,
    0x150C,0x150C,0x194D,0x194D,0x194D,0x194D,0x194D,0x194D,0x194D,0x194D,0x1D6E,0x10A7,0x0000,0x0000,0x150C,0x1D6E,
    0x194D,0x194D,0x194D,0x150C,0x150C,0x150C,0x150C,0x150C,0x21F7,0x150C,0x0844,0x0401,0x0401,0x0C65,0x0844,0x0401,
    0x0000,0x0000,0x0000,0x0000,0x0000,0x0000,0x0401,0x0844,0x14E9,0x25F4,0x1DB3,0x0000,0x0C63,0x1909,0x14A5,0x1482,
    0x1062,0x14C6,0x192B,0x1083,0x1062,0x1483,0x1062,0x0C63,0x1D2A,0x0C42,0x1484,0x1041,0x0800,0x0800,0x0C00,0x0C00,
    0x0C00,0x0C00,0x0C00,0x0C00,0x0800,0x1909,0x1484,0x1083,0x1062,0x0C00,0x0800,0x1062,0x0800,0x1D2B,0x18E8,0x1062,
    0x1462,0x1483,0x0C20,0x10A5,0x14C6,0x1082,0x0C21,0x0800,0x0800,0x0C20,0x1041,0x0800,0x0C00,0x0C00,0x0C00,0x0C00,
    0x0C00,0x0C00,0x0C00,0x0800,0x0C00,0x0C00,0x0C00,0x0800,0x1062,0x14A4,0x18E7,0x1083,0x1062,0x0800,0x0800,0x0C00,
    0x0C00,0x0800,0x0C41,0x1083,0x14C6,0x18E8,0x1909,0x2190,0x14E8,0x0C42,0x1D4C,0x0C63,0x0800,0x0C00,0x0C00,0x0C00,
    0x0C00,0x0C00,0x0C00,0x1041,0x1041,0x0800,0x0C00,0x0800,0x1041,0x1482,0x1062,0x14C6,0x1908,0x216E,0x1D2A,0x1D4B,
    0x10A5,0x0C20,0x0000,0x14EA,0x2637,0x2190,0x1D6F,0x1D6E,0x1D6E,0x1D6E,0x1D6E,0x1D6E,0x1D6E,0x1D6E,0x1D6E,0x25F4,
    0x14C8,0x0000,0x1462,0x1482,0x1482,0x14A4,0x18E7,0x18C6,0x0C42,0x0000,0x0000,0x0000,0x0000,0x0000,0x0000,0x0000,
    0x0000,0x0000,0x0000,0x0000,0x0000,0x0000,0x0000,0x0000,0x0000,0x0000,0x0000,0x0000,0x0000,0x0000,0x0000,0x0000,
    0x0000,0x0000,0x0000,0x0000,0x0000,0x0000,0x0000,0x0000,0x0000,0x0000,0x0000,0x0000,0x0000,0x0000,0x0000,0x0000,
    0x0000,0x0000,0x0000,0x0000,0x0000,0x0000,0x0400,0x0800,0x0C00,0x0C00,0x0C00,0x0800,0x0400,0x0000,0x0000,0x0000,
    0x0000,0x0000,0x0000,0x0000,0x0000,0x0000,0x0000,0x0000,0x0400,0x0000,0x0000,0x0000,0x0000,0x0000,0x0000,0x0000,
    0x0000,0x0000,0x0000,0x0000,0x0000,0x0000,0x0000,0x0000,0x0000,0x0000,0x0000,0x0000,0x0C21,0x0400,0x0000,0x0000,
    0x0000,0x0000,0x0000,0x0000,0x0000,0x0000,0x0000,0x0000,0x0423,0x21F7,0x21B1,0x2190,0x2190,0x2190,0x2190,0x14C8,
    0x14C8,0x10A7,0x10A6,0x10A6,0x10A6,0x10A6,0x10A7,0x25D1,0x25F4,0x194D,0x0000,0x0401,0x21B0,0x1D2A,0x18C5,0x1462,
    0x1062,0x14A5,0x1D4C,0x14C6,0x1062,0x1483,0x1061,0x0C64,0x1D2A,0x0C42,0x14A5,0x14A5,0x0C20,0x0800,0x0C00,0x0C00,
    0x0C00,0x0C00,0x0C00,0x0400,0x0C84,0x1D4C,0x14C6,0x1484,0x14A5,0x0C20,0x0C00,0x0C00,0x0400,0x1D2B,0x18E8,0x1462,
    0x1482,0x1462,0x1482,0x0C20,0x1484,0x1083,0x0C21,0x0800,0x0800,0x0C20,0x1082,0x0800,0x0C00,0x0C00,0x0C00,0x0C00,
    0x0C00,0x0C00,0x0C00,0x0C00,0x0C00,0x0C00,0x0C00,0x0C20,0x1062,0x1483,0x1083,0x1062,0x0C21,0x0800,0x0800,0x0800,
    0x0800,0x1041,0x1062,0x14A4,0x1909,0x14E8,0x192B,0x2190,0x14C6,0x1083,0x218E,0x14C7,0x0800,0x0C00,0x0C00,0x0C00,
    0x0C00,0x0C00,0x0C00,0x1062,0x1482,0x0800,0x0C00,0x0C00,0x1062,0x1062,0x14A5,0x18C6,0x1908,0x216E,0x216C,0x1D4B,
    0x0821,0x1062,0x0C41,0x0000,0x0C86,0x194D,0x150C,0x150C,0x150C,0x194D,0x194D,0x194D,0x194D,0x194D,0x194D,0x10A7,
    0x0000,0x0821,0x1062,0x1062,0x14A5,0x18E7,0x18E7,0x1908,0x14A5,0x0800,0x0800,0x0800,0x1462,0x0C20,0x1041,0x1482,
    0x1062,0x0800,0x0800,0x0C00,0x0C00,0x0800,0x0800,0x0800,0x0800,0x0800,0x0800,0x0800,0x0800,0x0800,0x0800,0x0800,
    0x0800,0x0800,0x0800,0x0800,0x0800,0x0800,0x0C00,0x0C00,0x0800,0x0800,0x0800,0x0800,0x0800,0x0800,0x0C00,0x0800,
    0x0800,0x0800,0x0800,0x0800,0x0800,0x0C00,0x0C00,0x0C00,0x0C00,0x0C00,0x0C00,0x0C00,0x0C00,0x0800,0x0800,0x0800,
    0x0800,0x0800,0x0800,0x0800,0x0800,0x0800,0x0800,0x0C00,0x0C00,0x0800,0x0800,0x0800,0x0800,0x0800,0x0800,0x0800,
    0x0800,0x0800,0x0800,0x0800,0x0800,0x0800,0x0800,0x1062,0x1483,0x1062,0x0C00,0x0C00,0x1482,0x1483,0x0820,0x0C21,
    0x1062,0x1062,0x1062,0x1062,0x0C41,0x18C6,0x18C6,0x18E7,0x0000,0x0422,0x14EA,0x14EA,0x14EA,0x14EA,0x1D92,0x2637,
    0x25F4,0x25F4,0x1DB3,0x1DB3,0x1DB3,0x1DB3,0x25F4,0x2190,0x0422,0x0000,0x0C84,0x1084,0x218E,0x218E,0x14A4,0x1462,
    0x1062,0x1062,0x1D4C,0x14E7,0x1062,0x1483,0x1061,0x0C21,0x1D4B,0x1084,0x14A5,0x18E7,0x1062,0x1041,0x0C00,0x0C00,
    0x0C00,0x0C00,0x0C00,0x0400,0x14E9,0x216E,0x14A5,0x14A5,0x14C5,0x1062,0x0C00,0x0C00,0x0400,0x1D2B,0x14E8,0x1062,
    0x1482,0x1062,0x1482,0x1041,0x0C20,0x1483,0x0C41,0x0800,0x0800,0x0C20,0x1062,0x0800,0x0C00,0x0C00,0x0C00,0x0C00,
    0x0C00,0x0C00,0x0C00,0x0C00,0x0C00,0x0C00,0x0800,0x0C41,0x1483,0x1462,0x0C41,0x0C00,0x0800,0x0800,0x0800,0x0800,
    0x0C41,0x1482,0x1062,0x18E7,0x1908,0x14E8,0x1D4D,0x1D4C,0x0842,0x18C5,0x216C,0x14C7,0x0400,0x0C00,0x0C00,0x0C00,
    0x0C00,0x0C00,0x0C20,0x1482,0x1482,0x0C20,0x0800,0x0C20,0x1482,0x1061,0x14A4,0x14C6,0x190A,0x216E,0x218E,0x1909,
    0x0400,0x1482,0x1462,0x0C21,0x0000,0x0000,0x0000,0x0000,0x0000,0x0000,0x0000,0x0000,0x0000,0x0000,0x0000,0x0000,
    0x0821,0x1062,0x1062,0x14A4,0x18C6,0x18C6,0x18C6,0x1483,0x0C20,0x0C00,0x0C00,0x1061,0x14A4,0x0C21,0x1483,0x1483,
    0x0C20,0x0C00,0x0C00,0x0C00,0x0C00,0x0C20,0x0C00,0x0C00,0x0C00,0x0C00,0x0C00,0x0C00,0x0C00,0x0C00,0x0C00,0x0C00,
    0x0C00,0x0C00,0x0C00,0x0C00,0x0C00,0x0C00,0x0C00,0x0C00,0x0C00,0x0C00,0x0C00,0x0C00,0x0C00,0x0C00,0x0C00,0x0C00,
    0x0C00,0x0C00,0x0C00,0x0C00,0x0C00,0x0C00,0x0C00,0x0C00,0x0C00,0x0C00,0x0C00,0x0C00,0x0C00,0x0C00,0x0C00,0x0C00,
    0x0C00,0x0C00,0x0C00,0x0C00,0x0C00,0x0C00,0x0C00,0x0C00,0x0C00,0x0C00,0x0C00,0x0C00,0x0C00,0x0C00,0x0C00,0x0C00,
    0x0C00,0x0C00,0x0C00,0x0C00,0x0C00,0x0C00,0x0800,0x0C20,0x1482,0x1483,0x1482,0x0800,0x1041,0x1483,0x1482,0x0C20,
    0x1041,0x1483,0x1483,0x1483,0x1062,0x1083,0x1908,0x18E7,0x1084,0x0000,0x0000,0x0000,0x0000,0x0000,0x0000,0x0401,
    0x0000,0x0401,0x0401,0x0401,0x0401,0x0000,0x0000,0x0000,0x0400,0x1062,0x1D4B,0x18E7,0x0C64,0x25D1,0x14A5,0x1061,
    0x1062,0x1062,0x1D4B,0x1D2A,0x1083,0x1482,0x1482,0x0800,0x14E8,0x14A5,0x1062,0x18E7,0x1083,0x1462,0x0C00,0x0C00,
    0x0C00,0x0C00,0x0C00,0x0400,0x14E9,0x1D6D,0x14E7,0x14C6,0x14A4,0x1062,0x0C41,0x0C00,0x0400,0x1D2B,0x14E8,0x1062,
    0x1462,0x1482,0x1062,0x1062,0x1062,0x1062,0x0C20,0x0C00,0x0800,0x0C20,0x1062,0x0800,0x0C00,0x0C00,0x0C00,0x0C00,
    0x0C00,0x0C00,0x0C00,0x0C00,0x0C00,0x0C00,0x0800,0x0C41,0x1462,0x0C20,0x0C00,0x0C00,0x0C00,0x0800,0x0800,0x0C20,
    0x1063,0x1062,0x1484,0x1908,0x18E8,0x1909,0x2190,0x14C7,0x0C00,0x1908,0x216E,0x14C7,0x0800,0x0C00,0x0C00,0x0C00,
    0x0C00,0x0C00,0x0C41,0x1483,0x1482,0x0C41,0x0800,0x0C20,0x1462,0x1083,0x14C6,0x14C7,0x1D6D,0x216E,0x216E,0x1084,
    0x0C20,0x1482,0x1062,0x1462,0x1062,0x1062,0x1061,0x1083,0x1908,0x18E7,0x18E7,0x1D4B,0x1062,0x1062,0x1062,0x1062,
    0x1062,0x1061,0x1062,0x1061,0x1041,0x1062,0x1061,0x1041,0x0C20,0x0C00,0x0C20,0x14A4,0x1062,0x1061,0x1483,0x0C20,
    0x0800,0x0C00,0x0C00,0x0C00,0x0C00,0x1041,0x0800,0x0C00,0x0C00,0x0C00,0x0C00,0x0C00,0x0C00,0x0C00,0x0C00,0x0C00,
    0x0C00,0x0C00,0x0C00,0x0C00,0x0C00,0x0C00,0x0C00,0x0C00,0x0C00,0x0C00,0x0C00,0x0C00,0x0C00,0x0C00,0x0C00,0x0C00,
    0x0C00,0x0C00,0x0C00,0x0C00,0x0C00,0x0C00,0x0C00,0x0C00,0x0C00,0x0C00,0x0C00,0x0C00,0x0C00,0x0C00,0x0C00,0x0C00,
    0x0C00,0x0C00,0x0C00,0x0C00,0x0C00,0x0C00,0x0C00,0x0C00,0x0C00,0x0C00,0x0C00,0x0C00,0x0C00,0x0C00,0x0C00,0x0C00,
    0x0C00,0x0C00,0x0C00,0x0C00,0x0C00,0x0C00,0x0C00,0x0800,0x0800,0x1062,0x1483,0x0C41,0x0C21,0x1483,0x1483,0x1041,
    0x0800,0x1482,0x1483,0x1483,0x1462,0x1062,0x1D2A,0x14C7,0x1482,0x1483,0x18C6,0x1D4B,0x18E7,0x1483,0x0C84,0x0C63,
    0x0842,0x0800,0x0821,0x0C21,0x0C21,0x0842,0x0C64,0x1083,0x1482,0x1482,0x1483,0x18C6,0x0400,0x216E,0x1D2B,0x1061,
    0x1482,0x1062,0x14C6,0x216C,0x1084,0x1062,0x1483,0x0C20,0x0C63,0x18E8,0x0C41,0x14A5,0x1484,0x1462,0x0C21,0x0800,
    0x0C00,0x0C00,0x0C00,0x0400,0x14E9,0x1D6D,0x14E7,0x14C6,0x14A5,0x1062,0x1041,0x0800,0x0400,0x1D2B,0x14E8,0x14A4,
    0x1082,0x1462,0x1462,0x1062,0x1082,0x1061,0x0C20,0x0800,0x0800,0x0C20,0x1062,0x0800,0x0C00,0x0C00,0x0C00,0x0C00,
    0x0C00,0x0C00,0x0C00,0x0C00,0x0C00,0x0C00,0x0800,0x0C20,0x0800,0x0C00,0x0C00,0x0C00,0x0C00,0x0800,0x0C20,0x1482,
    0x1082,0x1062,0x14C6,0x1908,0x14E8,0x1D6D,0x1D4C,0x0821,0x1062,0x1909,0x218E,0x0C42,0x0800,0x0C00,0x0C00,0x0C00,
    0x0C00,0x0C00,0x0C20,0x1483,0x1483,0x1041,0x0800,0x0C20,0x1482,0x1484,0x14C6,0x190A,0x216E,0x18E8,0x1D4B,0x0C21,
    0x1062,0x1062,0x1062,0x1062,0x1462,0x1462,0x1061,0x18E7,0x1D4B,0x18C6,0x216C,0x1908,0x0800,0x1482,0x1062,0x1062,
    0x1483,0x1483,0x1041,0x1041,0x1041,0x1041,0x1483,0x1483,0x1041,0x0C20,0x1483,0x1483,0x1482,0x1483,0x1041,0x0800,
    0x0C00,0x0C00,0x0C00,0x0800,0x1041,0x0C20,0x0C00,0x0C00,0x0C00,0x0C00,0x0C00,0x0C00,0x0C00,0x0C00,0x0C00,0x0C00,
    0x0C00,0x0C00,0x0C00,0x0C00,0x0C00,0x0C00,0x0C00,0x0C00,0x0C00,0x0C00,0x0C00,0x0C00,0x0800,0x0C00,0x0C00,0x0C00,
    0x0C00,0x0C00,0x0C00,0x0C00,0x0C00,0x0C00,0x0C00,0x0C00,0x0C00,0x0C00,0x0C00,0x0C00,0x0C00,0x0C00,0x0C00,0x0C00,
    0x0C00,0x0C00,0x0C00,0x0C00,0x0C00,0x0C00,0x0C00,0x0C00,0x0C00,0x0C00,0x0C00,0x0C00,0x0C00,0x0C00,0x0C00,0x0C00,
    0x0C00,0x0C00,0x0C00,0x0C00,0x0C00,0x0C00,0x0C00,0x0C00,0x0C00,0x0800,0x0820,0x1062,0x0C20,0x1482,0x1483,0x1462,
    0x0800,0x1062,0x1483,0x1483,0x1483,0x0C41,0x14C7,0x1909,0x14A4,0x1482,0x1082,0x1908,0x1484,0x1484,0x1909,0x1D2A,
    0x1D2A,0x18E7,0x18C6,0x1D4B,0x1909,0x1908,0x1908,0x18E7,0x1482,0x1062,0x1462,0x1462,0x0C20,0x14C7,0x218E,0x1062,
    0x1483,0x1483,0x1083,0x1909,0x1909,0x1083,0x1062,0x1061,0x0400,0x18E8,0x1061,0x1062,0x14A4,0x1482,0x1062,0x0800,
    0x0C00,0x0C00,0x0C00,0x0400,0x14C8,0x2190,0x1908,0x14A5,0x18E7,0x1083,0x1062,0x0C00,0x0400,0x1D2B,0x14E7,0x14C5,
    0x1083,0x1482,0x1482,0x1062,0x1483,0x1062,0x0800,0x0C00,0x0C00,0x0C20,0x1483,0x0C20,0x0C00,0x0C00,0x0C00,0x0C00,
    0x0C00,0x0C00,0x0C00,0x0C00,0x0C00,0x0C00,0x0C00,0x0C00,0x0C00,0x0C00,0x0C00,0x0C00,0x0C00,0x0800,0x1062,0x1083,
    0x1062,0x1484,0x1908,0x14E8,0x190A,0x21B0,0x14C8,0x0C20,0x1083,0x1909,0x218E,0x0C42,0x0800,0x0C00,0x0C00,0x0C00,
    0x0C00,0x0C00,0x0C00,0x1482,0x1482,0x1062,0x0C00,0x0C00,0x14A5,0x14C5,0x1909,0x216E,0x14C6,0x18E7,0x1909,0x0820,
    0x1482,0x1062,0x1482,0x1482,0x1062,0x1062,0x1084,0x1908,0x1909,0x1908,0x25AD,0x1084,0x0C20,0x1062,0x1061,0x14A4,
    0x14A5,0x1483,0x1462,0x1062,0x1062,0x14C5,0x18C6,0x1462,0x0800,0x0C21,0x1483,0x1483,0x1483,0x1061,0x0800,0x0C20,
    0x1041,0x0C00,0x0C00,0x0C20,0x1041,0x0C00,0x1041,0x0C00,0x0C00,0x0C00,0x0C00,0x0C00,0x0C00,0x0C00,0x0C00,0x0C00,
    0x0C00,0x0C00,0x0C00,0x0C00,0x0C00,0x0C00,0x0C00,0x0C00,0x0C00,0x0C00,0x0C00,0x0C00,0x0C00,0x0C00,0x0C00,0x0C00,
    0x0C00,0x0C00,0x0C00,0x0C00,0x0C00,0x0C00,0x0C00,0x0C00,0x0C00,0x0C00,0x0C00,0x0C00,0x0C00,0x0C00,0x0C00,0x0C00,
    0x0C00,0x0C00,0x0C00,0x0C00,0x0C00,0x0C00,0x0C00,0x0C00,0x0C00,0x0C00,0x0C00,0x0C00,0x0C00,0x0C00,0x0C00,0x0C00,
    0x0C00,0x0C00,0x0C00,0x0C00,0x0C00,0x0C00,0x0C00,0x0C00,0x0800,0x1062,0x0C20,0x0800,0x0800,0x1482,0x1483,0x1483,
    0x1061,0x0C20,0x1483,0x1483,0x1483,0x0C20,0x1084,0x1909,0x1908,0x14A4,0x1063,0x14C6,0x1084,0x14E8,0x1909,0x1909,
    0x1909,0x14C7,0x14C7,0x25D1,0x21B1,0x21B1,0x190A,0x14C6,0x14C6,0x14A4,0x1062,0x1062,0x0C41,0x14C7,0x25D1,0x14C6,
    0x1908,0x18C6,0x18C6,0x1084,0x1908,0x18E8,0x1083,0x1061,0x0C20,0x14C7,0x1084,0x1041,0x14A4,0x1462,0x1483,0x0C20,
    0x0800,0x0C00,0x0C00,0x0400,0x14C8,0x25D1,0x1D2A,0x1084,0x18C6,0x18E8,0x1083,0x1041,0x0400,0x216E,0x192B,0x14C6,
    0x1083,0x1482,0x1482,0x1462,0x1082,0x1062,0x0C00,0x0C00,0x0800,0x0C20,0x1483,0x0C20,0x0800,0x0C00,0x0C00,0x0C00,
    0x0C00,0x0C00,0x0C00,0x0C00,0x0C00,0x0C00,0x0C00,0x0C00,0x0C00,0x0C00,0x0C00,0x0C00,0x0800,0x0C00,0x1062,0x1082,
    0x1062,0x14C6,0x1908,0x1909,0x216E,0x192B,0x0800,0x1062,0x1083,0x1D2A,0x1D4C,0x0820,0x0C00,0x0C00,0x0C00,0x0C00,
    0x0C00,0x0C00,0x0C20,0x1482,0x1482,0x1462,0x0C00,0x0C00,0x14C5,0x18E7,0x1D4C,0x18E8,0x1083,0x216E,0x14C8,0x0C20,
    0x1482,0x1062,0x1482,0x1482,0x1062,0x14A4,0x14E8,0x1D4B,0x1908,0x1D4B,0x216C,0x0821,0x1041,0x1062,0x14A4,0x14A4,
    0x14A4,0x1082,0x1062,0x1062,0x14A4,0x18E8,0x18C6,0x1062,0x0800,0x1062,0x1483,0x1483,0x1062,0x0800,0x0C20,0x1062,
    0x0C00,0x0C00,0x0C00,0x1041,0x0C21,0x1482,0x0C21,0x0C00,0x0C00,0x0C00,0x0C00,0x0C00,0x0C00,0x0C00,0x0C00,0x0C00,
    0x0C00,0x0C00,0x0C00,0x0C00,0x0C00,0x0C00,0x0C00,0x0C00,0x0C00,0x0C00,0x0C00,0x0C00,0x0C00,0x0C00,0x0C00,0x0C00,
    0x0C00,0x0C00,0x0C00,0x0C00,0x0C00,0x0C00,0x0C00,0x0C00,0x0C00,0x0C00,0x0C00,0x0C00,0x0C00,0x0C00,0x0C00,0x0C00,
    0x0C00,0x0C00,0x0C00,0x0C00,0x0C00,0x0C00,0x0C00,0x0C00,0x0C00,0x0C00,0x0C00,0x0C00,0x0C00,0x0C00,0x0C00,0x0C00,
    0x0C00,0x0C00,0x0C00,0x0C00,0x0C00,0x0C00,0x0C00,0x0C00,0x0800,0x0C21,0x1062,0x0800,0x0800,0x0C41,0x1483,0x1483,
    0x1483,0x0C20,0x1061,0x1483,0x1483,0x1062,0x0C41,0x1908,0x1909,0x1908,0x1084,0x18E7,0x14E8,0x1909,0x1909,0x1909,
    0x1909,0x190A,0x1484,0x10A5,0x192B,0x1D4C,0x2190,0x1D6F,0x194D,0x1909,0x1083,0x14A4,0x0C41,0x0C63,0x25F4,0x192B,
    0x1D2A,0x1D4C,0x1909,0x18E7,0x1062,0x14A5,0x14C6,0x1083,0x1041,0x0C42,0x14C6,0x0C42,0x18C6,0x1062,0x1482,0x1041,
    0x0800,0x0C00,0x0C00,0x0800,0x0842,0x2190,0x192B,0x14C6,0x1062,0x18E7,0x1484,0x0C41,0x0400,0x1D6D,0x1D4C,0x14E7,
    0x1063,0x1482,0x1482,0x1482,0x1062,0x1083,0x0C41,0x0800,0x0800,0x0C20,0x1082,0x1041,0x0800,0x0C00,0x0C00,0x0C00,
    0x0C00,0x0C00,0x0C00,0x0C00,0x0C00,0x0C00,0x0C00,0x0C00,0x0C20,0x0C00,0x0C00,0x0C00,0x0800,0x1041,0x1483,0x1062,
    0x1083,0x14E8,0x14E8,0x192B,0x1909,0x0820,0x0800,0x1062,0x1083,0x1D4C,0x192B,0x0400,0x0C00,0x0C00,0x0C00,0x0C00,
    0x0C00,0x0C00,0x0C00,0x1462,0x1082,0x1482,0x0C20,0x0800,0x14A5,0x1D4B,0x1D4B,0x14A4,0x1D4B,0x216E,0x0401,0x0C41,
    0x1462,0x1482,0x1482,0x1462,0x1483,0x18E8,0x216C,0x216C,0x14C6,0x1D4C,0x1D4C,0x0C21,0x1061,0x1483,0x14A4,0x14A4,
    0x14A4,0x1062,0x1062,0x1062,0x14A4,0x18E8,0x18C5,0x1041,0x0800,0x1482,0x1061,0x1062,0x1061,0x0800,0x1462,0x1061,
    0x0800,0x0C00,0x0C00,0x0C20,0x1062,0x1483,0x0C20,0x0C00,0x0C00,0x0C00,0x0C00,0x0800,0x0C00,0x0C00,0x0C00,0x0C00,
    0x0C00,0x0C00,0x0C00,0x0C00,0x0C00,0x0C00,0x0C00,0x0C00,0x0C00,0x0C00,0x0C00,0x0C00,0x0C00,0x0C00,0x0C00,0x0C00,
    0x0C00,0x0C00,0x0C00,0x0C00,0x0C00,0x0C00,0x0C00,0x0C00,0x0C00,0x0C00,0x0C00,0x0C00,0x0C00,0x0C00,0x0C00,0x0C00,
    0x0C00,0x0C00,0x0C00,0x0C00,0x0C00,0x0C00,0x0C00,0x0C00,0x0C00,0x0C00,0x0800,0x0C00,0x0C00,0x0C00,0x0C00,0x0C00,
    0x0C00,0x0C00,0x0C00,0x0C00,0x0C00,0x0C00,0x0C00,0x0C00,0x0C00,0x0C00,0x1482,0x0C20,0x0C00,0x0800,0x1462,0x1483,
    0x1483,0x1062,0x0C00,0x1462,0x1483,0x1483,0x0C20,0x1084,0x190A,0x1909,0x14A5,0x14E8,0x1909,0x1909,0x190A,0x190A,
    0x1D4C,0x192B,0x14C5,0x1083,0x0C00,0x14A5,0x1D4C,0x1D2B,0x1D6D,0x0C84,0x1908,0x18E7,0x1061,0x0821,0x25D1,0x216E,
    0x10A5,0x1D4C,0x192B,0x1D4C,0x14C6,0x1084,0x14A5,0x14C6,0x1482,0x1041,0x1084,0x1484,0x18E7,0x14C5,0x1062,0x1083,
    0x0C41,0x0800,0x0800,0x0800,0x0400,0x1D6F,0x1D6D,0x14E7,0x1083,0x18E8,0x14A5,0x1061,0x0400,0x216E,0x1D4C,0x14E8,
    0x1484,0x1062,0x1482,0x1482,0x1062,0x1083,0x1041,0x0800,0x0C00,0x0800,0x1062,0x1483,0x0800,0x0C00,0x0C00,0x0C00,
    0x0C00,0x0C00,0x0C00,0x0C00,0x0C00,0x0C00,0x0800,0x0C41,0x14A4,0x0C21,0x0800,0x0C00,0x0C00,0x1482,0x1082,0x1062,
    0x1484,0x1908,0x14E8,0x1908,0x1083,0x0800,0x1041,0x1062,0x14A5,0x218E,0x0C84,0x0800,0x0C00,0x0C00,0x0C00,0x0C00,
    0x0C00,0x0C00,0x0C00,0x0C41,0x1062,0x14A4,0x0C41,0x0800,0x18C6,0x1D4B,0x18E7,0x14C7,0x218E,0x1909,0x0C20,0x1062,
    0x1062,0x1083,0x1062,0x1482,0x14C6,0x1D2B,0x218E,0x1D4B,0x18E7,0x216C,0x1D2B,0x0821,0x1061,0x14A4,0x14A4,0x14A5,
    0x1062,0x0C21,0x1041,0x1482,0x14A4,0x1908,0x18C6,0x0C20,0x0800,0x0C00,0x0C20,0x1482,0x1061,0x0800,0x1062,0x0C21,
    0x0800,0x0C00,0x0C00,0x1041,0x1483,0x1061,0x0800,0x0C00,0x0C00,0x0C00,0x0C00,0x0C00,0x0C00,0x0C00,0x0C00,0x0C00,
    0x0C00,0x0C00,0x0C00,0x0C00,0x0C00,0x0C00,0x0C00,0x0C00,0x0C00,0x0C00,0x0C00,0x0C00,0x0C00,0x0C00,0x0C00,0x0C00,
    0x0C00,0x0C00,0x0C00,0x0C00,0x0C00,0x0C00,0x0C00,0x0C00,0x0C00,0x0C00,0x0C00,0x0C00,0x0C00,0x0C00,0x0C00,0x0C00,
    0x0C00,0x0C00,0x0C00,0x0C00,0x0C00,0x0C00,0x0C00,0x0C00,0x0C00,0x0C00,0x0C00,0x0C00,0x0C00,0x0C00,0x0C00,0x0C00,
    0x0C00,0x0C00,0x0C00,0x0C00,0x0C00,0x0C00,0x0C00,0x0C00,0x0C00,0x0C00,0x1483,0x0C21,0x1041,0x0C20,0x0C20,0x1483,
    0x1483,0x1482,0x0800,0x0C41,0x1483,0x1483,0x1482,0x1061,0x14E8,0x1909,0x14C7,0x1908,0x1909,0x1909,0x1D4D,0x1D6E,
    0x1D6D,0x14C7,0x1084,0x14C5,0x14A4,0x14A5,0x218E,0x1909,0x1908,0x1062,0x216E,0x1D4C,0x1061,0x0820,0x218E,0x2190,
    0x0842,0x1084,0x192B,0x216E,0x1909,0x14C6,0x1084,0x18C5,0x1083,0x1482,0x0C20,0x10A5,0x1484,0x18E7,0x1083,0x1062,
    0x1062,0x0800,0x0800,0x0800,0x0800,0x1D6F,0x218E,0x1908,0x14A5,0x18E7,0x18E7,0x1083,0x0800,0x14C7,0x1D6D,0x14E8,
    0x14A5,0x1062,0x1482,0x1482,0x1062,0x1062,0x1462,0x0C20,0x0C00,0x0800,0x1062,0x1083,0x0C20,0x0C00,0x0C00,0x0C00,
    0x0C00,0x0C00,0x0C00,0x0C00,0x0C00,0x0C00,0x0C21,0x1083,0x14A5,0x1484,0x0800,0x0800,0x0C00,0x1462,0x1483,0x1062,
    0x14C6,0x1909,0x14E8,0x14C6,0x1062,0x0C20,0x1062,0x1083,0x18E8,0x1909,0x0400,0x0C00,0x0C00,0x0C00,0x0C00,0x0C00,
    0x0C00,0x0C00,0x0C00,0x0C21,0x1062,0x18C5,0x1041,0x0800,0x14A4,0x18E7,0x14C6,0x1D2A,0x21B0,0x0C84,0x0C41,0x1061,
    0x1083,0x14A4,0x1061,0x1062,0x1909,0x216E,0x218E,0x1D2A,0x1D2A,0x216E,0x1D2B,0x0821,0x1482,0x14A4,0x14A4,0x14A5,
    0x0C21,0x18E7,0x14A4,0x0C20,0x14A4,0x1908,0x18C6,0x0C00,0x0800,0x0C00,0x1041,0x1482,0x1062,0x0800,0x1041,0x0C00,
    0x0C00,0x0C00,0x0C00,0x1061,0x1483,0x1041,0x0800,0x0C00,0x0C00,0x0C00,0x0C00,0x0C00,0x0C00,0x0C00,0x0C00,0x0C00,
    0x0C00,0x0C00,0x0C00,0x0C00,0x0C00,0x0C00,0x0C00,0x0C00,0x0C00,0x0C00,0x0C00,0x0C00,0x0C00,0x0C00,0x0C00,0x0C00,
    0x0C00,0x0C00,0x0C00,0x0C00,0x0C00,0x0C00,0x0C00,0x0C00,0x0C00,0x0C00,0x0C00,0x0C00,0x0C00,0x0C00,0x0C00,0x0C00,
    0x0C00,0x0C00,0x0C00,0x0C00,0x0C00,0x0C00,0x0C00,0x0C00,0x0C00,0x0C00,0x0C00,0x0C00,0x0C00,0x0C00,0x0C00,0x0C00,
    0x0C00,0x0C00,0x0C00,0x0C00,0x0C00,0x0C00,0x0C00,0x0C00,0x0C00,0x0800,0x1062,0x1061,0x1041,0x0C21,0x0C00,0x1483,
    0x1483,0x1482,0x0C00,0x0C20,0x1482,0x1483,0x1483,0x0C20,0x14C5,0x192B,0x1909,0x1909,0x14E8,0x192C,0x1D6F,0x1D6E,
    0x1D2C,0x1084,0x216E,0x216C,0x18E7,0x1083,0x1D4D,0x1D4D,0x1909,0x18E7,0x14C7,0x21B1,0x1908,0x0C20,0x14E9,0x218E,
    0x1083,0x1061,0x14C6,0x1D2B,0x218E,0x1908,0x14A5,0x1062,0x1483,0x1483,0x1061,0x0842,0x14C5,0x1083,0x18E7,0x1083,
    0x1462,0x0C20,0x0800,0x0800,0x0400,0x2190,0x2190,0x1908,0x14C6,0x18E8,0x1908,0x1083,0x0800,0x0842,0x2190,0x1909,
    0x14A4,0x1062,0x1462,0x1062,0x1063,0x1083,0x1483,0x1041,0x0800,0x0800,0x0C20,0x1083,0x0C41,0x0800,0x0C00,0x0C00,
    0x0C00,0x0C00,0x0C00,0x0C00,0x0C00,0x0C00,0x0C21,0x1083,0x18E7,0x14A5,0x0800,0x0C00,0x0C20,0x1483,0x1062,0x1083,
    0x18E7,0x1484,0x1083,0x1062,0x0C41,0x0C20,0x1483,0x14C5,0x1909,0x0C85,0x0400,0x0C00,0x0C00,0x0C00,0x0C00,0x0C00,
    0x0C00,0x0C00,0x0C00,0x0C20,0x1484,0x18C6,0x1041,0x0400,0x1084,0x14C6,0x14C6,0x216E,0x1D4C,0x0820,0x1482,0x1061,
    0x14C5,0x18C6,0x1041,0x1062,0x1D2A,0x216E,0x216E,0x1908,0x1D4C,0x1D4D,0x1D4C,0x0821,0x1483,0x14A4,0x14A4,0x14A4,
    0x1483,0x1083,0x25AD,0x1041,0x1484,0x1908,0x1484,0x0800,0x0C00,0x0C00,0x0C20,0x1483,0x1062,0x0C20,0x1041,0x0800,
    0x0C00,0x0C00,0x0C20,0x1483,0x1062,0x0C00,0x0C00,0x0C00,0x0C00,0x0C00,0x0C00,0x0C00,0x0C00,0x0C00,0x0C00,0x0C00,
    0x0C00,0x0C00,0x0C00,0x0C00,0x0C00,0x0C00,0x0C00,0x0C00,0x0C00,0x0C00,0x0C00,0x0C00,0x0C00,0x0C00,0x0C00,0x0C00,
    0x0C00,0x0C00,0x0C00,0x0C00,0x0C00,0x0C00,0x0C00,0x0C00,0x0C00,0x0C00,0x0C00,0x0C00,0x0C00,0x0C00,0x0C00,0x0C00,
    0x0C00,0x0C00,0x0C00,0x0C00,0x0C00,0x0C00,0x0C00,0x0C00,0x0C00,0x0C00,0x0C00,0x0C00,0x0C00,0x0C00,0x0C00,0x0C00,
    0x0C00,0x0C00,0x0C00,0x0C00,0x0C00,0x0C00,0x0C00,0x0C00,0x0C00,0x0C00,0x0C20,0x1061,0x1041,0x0C21,0x0C00,0x1483,
    0x1483,0x1483,0x1041,0x0C20,0x1062,0x14A4,0x1483,0x1061,0x14C6,0x1D2B,0x1909,0x1909,0x1909,0x1D4D,0x1D6E,0x1D6F,
    0x1D4D,0x14C5,0x1908,0x1084,0x1908,0x1084,0x1D2B,0x1D6F,0x1909,0x1D2A,0x1484,0x1D6F,0x25D1,0x1083,0x10A6,0x2190,
    0x0C84,0x1061,0x1062,0x192B,0x25D1,0x1908,0x14C6,0x1462,0x1482,0x1482,0x1482,0x0800,0x1084,0x1084,0x14A4,0x1083,
    0x1062,0x0C20,0x0800,0x0800,0x0400,0x150C,0x2190,0x14E8,0x1908,0x1909,0x1908,0x1484,0x0C20,0x0400,0x1D4D,0x1D6D,
    0x14C6,0x1063,0x1062,0x1462,0x1082,0x14A4,0x1083,0x1061,0x0800,0x0C00,0x0800,0x1062,0x1482,0x0800,0x0800,0x0C00,
    0x0C00,0x0C00,0x0C00,0x0C00,0x0C00,0x0800,0x1062,0x14A5,0x1909,0x1484,0x0800,0x0800,0x1041,0x1483,0x1062,0x14A5,
    0x18E7,0x1062,0x1062,0x1482,0x0C41,0x0C00,0x14A4,0x14E8,0x190A,0x10A6,0x0800,0x0C00,0x0C00,0x0C00,0x0C00,0x0C00,
    0x0C00,0x0C00,0x0800,0x1061,0x14A4,0x1908,0x14C6,0x0400,0x1083,0x18E7,0x192B,0x2190,0x0C64,0x0C20,0x1482,0x1483,
    0x18E7,0x14C5,0x1062,0x14A5,0x1D2B,0x216E,0x1D4B,0x1909,0x216E,0x1D6D,0x192B,0x0800,0x1483,0x14A4,0x14A4,0x14A4,
    0x1062,0x14A5,0x18E7,0x1D48,0x14A4,0x1484,0x0820,0x0C00,0x0C00,0x0C00,0x1062,0x1483,0x1041,0x0C20,0x0C20,0x0C00,
    0x0C00,0x0800,0x1061,0x1482,0x0800,0x0800,0x0C00,0x0C00,0x0C00,0x0C00,0x0C00,0x0C00,0x0C00,0x0C00,0x0C00,0x0C00,
    0x0C00,0x0C00,0x0C00,0x0C00,0x0C00,0x0C00,0x0C00,0x0C00,0x0C00,0x0C00,0x0C00,0x0C00,0x0C00,0x0C00,0x0C00,0x0C00,
    0x0C00,0x0C00,0x0C00,0x0C00,0x0C00,0x0C00,0x0C00,0x0C00,0x0C00,0x0C00,0x0C00,0x0C00,0x0C00,0x0C00,0x0C00,0x0C00,
    0x0C00,0x0C00,0x0C00,0x0C00,0x0C00,0x0C00,0x0C00,0x0C00,0x0C00,0x0C00,0x0C00,0x0C00,0x0C00,0x0C00,0x0C00,0x0C00,
    0x0C00,0x0C00,0x0C00,0x0C00,0x0C00,0x0C00,0x0C00,0x0C00,0x0C00,0x0C00,0x0C00,0x0C20,0x1061,0x0C21,0x0800,0x1462,
    0x1483,0x1483,0x1483,0x14C5,0x1041,0x18E7,0x1483,0x1482,0x1083,0x1909,0x1909,0x1909,0x192C,0x1D6E,0x1D6E,0x1D6E,
    0x216E,0x1083,0x1062,0x1062,0x0C21,0x1084,0x1D6E,0x25D1,0x1D4D,0x1909,0x18E8,0x14C7,0x25D1,0x14C6,0x0842,0x25D1,
    0x14C7,0x1062,0x1061,0x14A5,0x21B1,0x192B,0x18E8,0x1484,0x1062,0x1062,0x1062,0x1061,0x0800,0x14C6,0x14A4,0x1484,
    0x1083,0x1061,0x0800,0x0C00,0x0400,0x10A6,0x25D1,0x1909,0x1908,0x1909,0x1908,0x1484,0x1061,0x0400,0x192B,0x21B1,
    0x14E8,0x1063,0x1462,0x1462,0x1062,0x14C6,0x1484,0x1062,0x0C20,0x0800,0x0800,0x1041,0x1483,0x1041,0x0800,0x0C00,
    0x0C00,0x0C00,0x0C00,0x0C00,0x0800,0x1041,0x1083,0x14E8,0x1909,0x14A5,0x0800,0x0C20,0x1062,0x1062,0x1063,0x18E8,
    0x14A5,0x1062,0x1483,0x1462,0x0C21,0x1061,0x1083,0x14E8,0x1909,0x10A6,0x0400,0x0C00,0x0C00,0x0C00,0x0C00,0x0C00,
    0x0C00,0x0C00,0x0C00,0x1062,0x1483,0x14C6,0x1D4C,0x0800,0x1062,0x190A,0x218E,0x0C64,0x0800,0x1482,0x1482,0x1062,
    0x18E7,0x14C6,0x1484,0x14E8,0x216C,0x1D4C,0x14A4,0x1909,0x216E,0x216E,0x10A5,0x0C00,0x14A4,0x14A4,0x1062,0x14A4,
    0x18E5,0x14A5,0x0821,0x18E7,0x18E7,0x0800,0x0800,0x0800,0x0C20,0x1041,0x1483,0x1483,0x0800,0x0C00,0x0C00,0x0C00,
    0x0800,0x0C20,0x1483,0x0C20,0x0800,0x0C00,0x0C00,0x0C00,0x0C00,0x0C00,0x0C00,0x0C00,0x0C00,0x0C00,0x0C00,0x0C00,
    0x0C00,0x0C00,0x0C00,0x0C00,0x0C00,0x0C00,0x0C00,0x0C00,0x0C00,0x0C00,0x0C00,0x0C00,0x0C00,0x0C00,0x0C00,0x0C00,
    0x0C00,0x0C00,0x0C00,0x0C00,0x0C00,0x0C00,0x0C00,0x0C00,0x0C00,0x0C00,0x0C00,0x0C00,0x0C00,0x0C00,0x0C00,0x0C00,
    0x0C00,0x0C00,0x0C00,0x0C00,0x0C00,0x0C00,0x0C00,0x0C00,0x0C00,0x0C00,0x0C00,0x0C00,0x0C00,0x0C00,0x0C00,0x0C00,
    0x0C00,0x0C00,0x0C00,0x0C00,0x0C00,0x0C00,0x0C00,0x0C00,0x0C00,0x0C00,0x0C00,0x0800,0x0C20,0x0C20,0x0800,0x1041,
    0x1483,0x1483,0x1483,0x14C7,0x1062,0x18C6,0x1483,0x14A4,0x1062,0x14A4,0x1909,0x1909,0x1D6E,0x1D6F,0x1D6E,0x2190,
    0x216E,0x1084,0x218E,0x218E,0x1084,0x1484,0x2190,0x1DB3,0x2190,0x192B,0x1D4C,0x10A5,0x218E,0x14E8,0x0423,0x25D1,
    0x192C,0x14C7,0x1083,0x1062,0x14A5,0x1D2A,0x14E8,0x14C6,0x1062,0x1062,0x1062,0x1462,0x0C00,0x0820,0x1084,0x18E7,
    0x14A4,0x1083,0x0C20,0x0C00,0x0800,0x0C63,0x21B0,0x192B,0x1908,0x1908,0x1908,0x1484,0x1462,0x0800,0x0C63,0x25D1,
    0x192B,0x1062,0x1062,0x1062,0x1062,0x14C6,0x14A4,0x1062,0x1062,0x0800,0x0800,0x1041,0x1083,0x1041,0x0800,0x0C00,
    0x0C00,0x0C00,0x0C00,0x0C00,0x0C20,0x1462,0x1083,0x18E8,0x1909,0x14A5,0x0400,0x0C41,0x1483,0x1062,0x14C5,0x14E8,
    0x1063,0x1482,0x1483,0x1062,0x1062,0x1483,0x1083,0x14E8,0x190A,0x10A6,0x0400,0x0C00,0x0C00,0x0C00,0x0C00,0x0C00,
    0x0C00,0x0C00,0x0C21,0x1483,0x1462,0x18C5,0x218E,0x0821,0x1062,0x1D4B,0x14C8,0x0400,0x1482,0x1062,0x1062,0x1062,
    0x18E7,0x18C6,0x1083,0x1D4B,0x216C,0x1084,0x18E7,0x1D2A,0x1D6D,0x216E,0x0C21,0x1062,0x1483,0x1062,0x18E7,0x18E7,
    0x1483,0x14A4,0x1061,0x0C41,0x14A4,0x1041,0x0C00,0x0800,0x1041,0x1483,0x1483,0x1061,0x0C00,0x1041,0x0C00,0x0C00,
    0x0800,0x1041,0x1482,0x0800,0x0C00,0x0C00,0x0C00,0x0C00,0x0C00,0x0C00,0x0C00,0x0C00,0x0C00,0x0C00,0x0C00,0x0C00,
    0x0C00,0x0C00,0x0C00,0x0C00,0x0C00,0x0C00,0x0C00,0x0C00,0x0C00,0x0C00,0x0C00,0x0C00,0x0C00,0x0C00,0x0C00,0x0C00,
    0x0C00,0x0C00,0x0800,0x0C00,0x0C00,0x0C00,0x0C00,0x0C00,0x0C00,0x0C00,0x0C00,0x0C00,0x0C00,0x0C00,0x0C00,0x0C00,
    0x0C00,0x0C00,0x0C00,0x0C00,0x0C00,0x0C00,0x0C00,0x0C00,0x0C00,0x0C00,0x0C00,0x0C00,0x0C00,0x0C00,0x0C00,0x0C00,
    0x0C00,0x0C00,0x0C00,0x0C00,0x0C00,0x0C00,0x0C00,0x0C00,0x0C00,0x0C00,0x0C00,0x0C00,0x0C20,0x0C20,0x0800,0x1041,
    0x1462,0x1061,0x14A4,0x18E8,0x14C6,0x14C6,0x1483,0x18C5,0x1062,0x14C7,0x1909,0x192C,0x1D6F,0x1D6F,0x21B1,0x1DB3,
    0x1909,0x18E7,0x25AD,0x216E,0x1908,0x1908,0x1909,0x1DB3,0x21B1,0x192C,0x1D6D,0x1909,0x192B,0x1908,0x0400,0x1D6E,
    0x25F4,0x190A,0x18E8,0x1062,0x1062,0x1484,0x14E8,0x14E8,0x14C6,0x1062,0x1462,0x1062,0x0800,0x0800,0x0800,0x0C21,
    0x1062,0x1083,0x0C20,0x0C00,0x0C00,0x0400,0x1D4D,0x1D4C,0x1908,0x18E7,0x18E7,0x1484,0x1062,0x0C20,0x0800,0x192C,
    0x2190,0x14A5,0x1062,0x1082,0x1062,0x14A5,0x14A4,0x1062,0x1082,0x0C20,0x0800,0x1041,0x1483,0x1041,0x0800,0x0C00,
    0x0C00,0x0C00,0x0C00,0x0800,0x1041,0x1062,0x14A4,0x1909,0x1909,0x14A5,0x0400,0x1041,0x1483,0x1062,0x14E8,0x14C6,
    0x1062,0x1462,0x1483,0x1061,0x1062,0x1483,0x1083,0x14E8,0x1D4C,0x14C7,0x0400,0x0C00,0x0C00,0x0C00,0x0C00,0x0C00,
    0x0C00,0x0C00,0x1041,0x1082,0x1062,0x1909,0x216C,0x0400,0x18C6,0x1D4B,0x0800,0x1062,0x1062,0x1062,0x1462,0x1062,
    0x18C6,0x18C6,0x14C6,0x218E,0x1D2B,0x0C21,0x1909,0x216E,0x216C,0x18E7,0x0C21,0x1462,0x14A4,0x1D48,0x1062,0x0400,
    0x1084,0x14A5,0x14A5,0x18E5,0x1462,0x0800,0x0C00,0x0800,0x1482,0x1483,0x1483,0x0C20,0x0800,0x1061,0x0C00,0x0C00,
    0x0800,0x1482,0x1041,0x0800,0x0C00,0x0C00,0x0C00,0x0C00,0x0C00,0x0C00,0x0C00,0x0C00,0x0C00,0x0C00,0x0C00,0x0C00,
    0x0C00,0x0C00,0x0C00,0x0C00,0x0C00,0x0C00,0x0C00,0x0C00,0x0C00,0x0C00,0x0C00,0x0C00,0x0C00,0x0C00,0x0C00,0x0C00,
    0x0C00,0x0C00,0x0C00,0x0C00,0x0C00,0x0C00,0x0C00,0x0C00,0x0C00,0x0C00,0x0C00,0x0C00,0x0C00,0x0C00,0x0C00,0x0C00,
    0x0C00,0x0C00,0x0C00,0x0C00,0x0C00,0x0C00,0x0C00,0x0C00,0x0C00,0x0C00,0x0C00,0x0C00,0x0C00,0x0C00,0x0C00,0x0C00,
    0x0C00,0x0C00,0x0C00,0x0C00,0x0C00,0x0C00,0x0C00,0x0C00,0x0C00,0x0C00,0x0C00,0x0C00,0x0C20,0x0C41,0x0800,0x0C20,
    0x1041,0x1041,0x1483,0x14E8,0x1909,0x14C7,0x1484,0x14C5,0x14C6,0x1909,0x1908,0x1D4C,0x1D6F,0x1D6F,0x1DB3,0x1DB3,
    0x1D2B,0x1D4B,0x190A,0x3297,0x190A,0x25AD,0x192C,0x1DB3,0x1DB3,0x1D6E,0x1D4D,0x190A,0x192B,0x1D4B,0x0821,0x14C8,
    0x2637,0x192C,0x190A,0x14C7,0x1062,0x1062,0x1062,0x1084,0x14C6,0x1083,0x1062,0x1462,0x1041,0x0C00,0x0C00,0x0800,
    0x0C20,0x1462,0x0C20,0x0800,0x0C00,0x0400,0x1D6E,0x1D6E,0x14E8,0x18E7,0x14C6,0x14A5,0x1062,0x1062,0x0800,0x14C8,
    0x21B1,0x14C6,0x1061,0x1083,0x1062,0x1083,0x14C6,0x1062,0x1082,0x1041,0x0800,0x0C20,0x1083,0x1062,0x0800,0x0C00,
    0x0C00,0x0C00,0x0C00,0x0C20,0x1482,0x1062,0x14A5,0x1908,0x1909,0x1084,0x0400,0x1041,0x1462,0x1484,0x18E7,0x1083,
    0x1483,0x14A4,0x1482,0x0C41,0x1083,0x1462,0x1083,0x14E8,0x1D4C,0x14C7,0x0400,0x0C00,0x0C00,0x0C00,0x0C00,0x0C00,
    0x0C00,0x0C00,0x1041,0x1483,0x1083,0x216C,0x190A,0x0000,0x1084,0x0842,0x0C20,0x1482,0x1062,0x1062,0x1062,0x0C41,
    0x14C5,0x14C6,0x1D4B,0x21B0,0x14C6,0x1061,0x14A4,0x18E7,0x14C6,0x0821,0x0400,0x1041,0x25AD,0x18C5,0x1041,0x1062,
    0x1084,0x18C6,0x14C6,0x18E7,0x1063,0x0800,0x0C00,0x0C20,0x1483,0x1483,0x1482,0x0800,0x0C21,0x0C21,0x0800,0x0800,
    0x0C20,0x1482,0x0C00,0x0C00,0x0C00,0x0C00,0x0C00,0x0C00,0x0C00,0x0C00,0x0C00,0x0C00,0x0C00,0x0C00,0x0C00,0x0C00,
    0x0C00,0x0C00,0x0C00,0x0C00,0x0C00,0x0C00,0x0C00,0x0C00,0x0C00,0x0C00,0x0C00,0x0C00,0x0C00,0x0C00,0x0C00,0x0C00,
    0x0C00,0x0C00,0x0C00,0x0C00,0x0C00,0x0C00,0x0C00,0x0C00,0x0C00,0x0C00,0x0C00,0x0C00,0x0C00,0x0C00,0x0C00,0x0C00,
    0x0C00,0x0C00,0x0C00,0x0C00,0x0C00,0x0C00,0x0C00,0x0C00,0x0C00,0x0C00,0x0C00,0x0C00,0x0C00,0x0C00,0x0C00,0x0C00,
    0x0C00,0x0C00,0x0C00,0x0C00,0x0C00,0x0C00,0x0C00,0x0C00,0x0C00,0x0C00,0x0C00,0x0C00,0x0C20,0x0C21,0x0C00,0x0C00,
    0x0C21,0x1041,0x1483,0x14A4,0x1909,0x14C7,0x14C7,0x1908,0x1909,0x1909,0x1909,0x1D4D,0x1D6F,0x1D6F,0x25F4,0x1D6E,
    0x218E,0x21B1,0x2EFD,0x3BBF,0x21F7,0x25D1,0x192C,0x1D6F,0x1DB3,0x2190,0x1D6E,0x1D6D,0x14C6,0x1D2A,0x1083,0x0423,
    0x2637,0x1D6F,0x1908,0x190A,0x14C6,0x1062,0x1061,0x1062,0x1083,0x1062,0x1062,0x1062,0x1483,0x1041,0x0800,0x0C00,
    0x0800,0x1062,0x1083,0x0C21,0x0C00,0x0400,0x14E9,0x1D6F,0x1908,0x18E7,0x14C6,0x14A5,0x1061,0x1083,0x0C20,0x0821,
    0x2190,0x14E7,0x1062,0x1062,0x1062,0x1083,0x18C6,0x1083,0x1062,0x1062,0x0800,0x0800,0x1062,0x1083,0x0800,0x0C00,
    0x0C00,0x0C00,0x0800,0x0C41,0x1483,0x1062,0x14A5,0x1909,0x1908,0x0C42,0x0800,0x1062,0x1082,0x18E7,0x14A4,0x1061,
    0x14A4,0x1908,0x1083,0x1041,0x1484,0x1062,0x1484,0x14E8,0x1D4C,0x14C7,0x0400,0x0C00,0x0C00,0x0C00,0x0C00,0x0C00,
    0x0C00,0x0800,0x1041,0x14A4,0x1909,0x1D4B,0x0423,0x0800,0x0800,0x1041,0x1482,0x1062,0x1061,0x1061,0x1041,0x1062,
    0x14C5,0x18E8,0x1D2A,0x18C6,0x18C5,0x14A4,0x14A4,0x18C5,0x0800,0x1062,0x14A4,0x18E7,0x18C5,0x0820,0x18C5,0x18E7,
    0x1483,0x1083,0x14A5,0x18C6,0x1063,0x0800,0x0C20,0x0C20,0x1062,0x1483,0x0C21,0x0800,0x1062,0x0C20,0x0C00,0x0800,
    0x1061,0x1062,0x0800,0x0C00,0x0800,0x0C00,0x0C00,0x0C00,0x0C00,0x0C00,0x0C00,0x0C00,0x0C00,0x0C00,0x0C00,0x0C00,
    0x0C00,0x0C00,0x0C00,0x0C00,0x0C00,0x0C00,0x0C00,0x0C00,0x0C00,0x0C00,0x0C00,0x0C00,0x0C00,0x0C00,0x0C00,0x0C00,
    0x0C00,0x0C00,0x0C00,0x0C00,0x0C00,0x0C00,0x0C00,0x0C00,0x0C00,0x0C00,0x0C00,0x0C00,0x0C00,0x0C00,0x0C00,0x0C00,
    0x0C00,0x0C00,0x0C00,0x0C00,0x0C00,0x0C00,0x0C00,0x0C00,0x0C00,0x0C00,0x0C00,0x0C00,0x0C00,0x0C00,0x0C00,0x0C00,
    0x0C00,0x0C00,0x0C00,0x0C00,0x0C00,0x0C00,0x0C00,0x0C00,0x0C00,0x0C00,0x0C00,0x0C00,0x0C20,0x1061,0x0C00,0x0C00,
    0x1041,0x1041,0x1483,0x1062,0x18E8,0x14E8,0x14C7,0x1D2C,0x216E,0x1909,0x1909,0x1D6E,0x1D6E,0x1D6F,0x25F4,0x192B,
    0x218E,0x21F7,0x4BFF,0x4BFF,0x26BC,0x2190,0x1D4C,0x1D4D,0x1DB3,0x21B1,0x1D6E,0x21B1,0x14A4,0x18E7,0x18E7,0x0820,
    0x21B1,0x25F4,0x14E8,0x1909,0x1909,0x1908,0x14E8,0x1909,0x14A5,0x1062,0x1482,0x1062,0x1082,0x0C20,0x0800,0x0C00,
    0x0C00,0x0C00,0x1062,0x1062,0x0C20,0x0800,0x0423,0x21B1,0x192B,0x18E7,0x14C6,0x1484,0x1062,0x1083,0x1062,0x0821,
    0x218E,0x1909,0x1083,0x1062,0x1062,0x1062,0x14A5,0x1084,0x1062,0x1482,0x0C20,0x0800,0x1062,0x14A4,0x0C20,0x0C00,
    0x0C00,0x0C00,0x0800,0x1061,0x1483,0x1062,0x14A4,0x1909,0x10A5,0x0800,0x0800,0x1061,0x1083,0x18E8,0x1083,0x1062,
    0x14A4,0x14E8,0x1083,0x0C41,0x1484,0x1062,0x1484,0x1908,0x190A,0x1D4B,0x0800,0x0C00,0x0C00,0x0C00,0x0C00,0x0C00,
    0x0C00,0x0C00,0x1061,0x14C6,0x1D2A,0x0821,0x0800,0x1061,0x0800,0x1062,0x1062,0x1062,0x14A5,0x14A4,0x0C41,0x1062,
    0x14A4,0x1083,0x1061,0x0C20,0x18C6,0x14A4,0x1063,0x1908,0x0C00,0x1041,0x1483,0x1062,0x0800,0x1062,0x0C21,0x0C21,
    0x18E7,0x18E7,0x1484,0x18C6,0x1062,0x0800,0x0C21,0x1041,0x1483,0x1483,0x0C20,0x0C00,0x1062,0x0C00,0x0C00,0x0800,
    0x1482,0x0C20,0x0C00,0x0C00,0x0C00,0x0C00,0x0C00,0x0C00,0x0C00,0x0C00,0x0C00,0x0C00,0x0C00,0x0C00,0x0C00,0x0C00,
    0x0C00,0x0C00,0x0C00,0x0C00,0x0C00,0x0C00,0x0C00,0x0C00,0x0C00,0x0C00,0x0C00,0x0C00,0x0C00,0x0C00,0x0C00,0x0C00,
    0x0C00,0x0C00,0x0C00,0x0C00,0x0C00,0x0C00,0x0C00,0x0C00,0x0C00,0x0C00,0x0C00,0x0C00,0x0C00,0x0C00,0x0C00,0x0C00,
    0x0C00,0x0C00,0x0C00,0x0C00,0x0C00,0x0C00,0x0C00,0x0C00,0x0C00,0x0C00,0x0C00,0x0C00,0x0C00,0x0C00,0x0C00,0x0C00,
    0x0C00,0x0C00,0x0C00,0x0C00,0x0C00,0x0C00,0x0C00,0x0C00,0x0C00,0x0C00,0x0C00,0x0C00,0x0C20,0x1482,0x0C00,0x0C00,
    0x0C20,0x1041,0x1483,0x1062,0x18E7,0x14E8,0x14C7,0x192B,0x1D6D,0x1909,0x1909,0x1D6E,0x1D6F,0x1D6E,0x25F4,0x1D2B,
    0x216E,0x227B,0x4BFF,0x4BFF,0x2EFD,0x1D92,0x1D6D,0x1D6E,0x1DB3,0x1DB3,0x1D6F,0x25D1,0x18E7,0x14A4,0x1908,0x0C20,
    0x14E9,0x25F4,0x14E8,0x1909,0x1909,0x1909,0x192B,0x14C6,0x1062,0x1482,0x1062,0x1062,0x1483,0x0C20,0x0C00,0x0C00,
    0x0C00,0x0C00,0x0C20,0x1083,0x1062,0x0400,0x0C65,0x25D1,0x192B,0x18E7,0x14C5,0x1083,0x1062,0x1083,0x1083,0x0800,
    0x14E9,0x216C,0x1062,0x1062,0x1063,0x1062,0x1083,0x14A4,0x1062,0x1483,0x0C20,0x0800,0x1083,0x14A5,0x0C21,0x0C00,
    0x0C00,0x0800,0x0C20,0x1062,0x1482,0x1062,0x14A4,0x1909,0x10A5,0x0800,0x0C00,0x1061,0x1083,0x14C5,0x1062,0x1062,
    0x14A4,0x1908,0x1062,0x0C20,0x1483,0x1062,0x1484,0x1909,0x14E8,0x216C,0x0C84,0x0800,0x0C00,0x0C00,0x0C00,0x0C00,
    0x0C00,0x0800,0x1083,0x1908,0x10A5,0x0820,0x1041,0x14A4,0x1062,0x1041,0x1062,0x1062,0x18E7,0x14C5,0x1061,0x1062,
    0x1062,0x1083,0x1083,0x14A4,0x1484,0x18E7,0x1083,0x18E7,0x14C6,0x1062,0x1062,0x1041,0x1061,0x1062,0x1462,0x1062,
    0x0C20,0x18C5,0x216C,0x14A4,0x0C21,0x0820,0x0C41,0x1061,0x1483,0x1483,0x0800,0x0C20,0x1041,0x0800,0x0C00,0x0C00,
    0x1483,0x0C00,0x0C00,0x0C00,0x0C00,0x0C00,0x0C00,0x0C00,0x0C00,0x0C00,0x0C00,0x0C00,0x0C00,0x0C00,0x0C00,0x0C00,
    0x0C00,0x0C00,0x0C00,0x0C00,0x0C00,0x0C00,0x0C00,0x0C00,0x0C00,0x0C00,0x0C00,0x0C00,0x0C00,0x0C00,0x0C00,0x0C00,
    0x0C00,0x0C00,0x0C00,0x0C00,0x0C00,0x0C00,0x0C00,0x0C00,0x0C00,0x0C00,0x0C00,0x0C00,0x0C00,0x0C00,0x0C00,0x0C00,
    0x0C00,0x0C00,0x0C00,0x0C00,0x0C00,0x0C00,0x0C00,0x0C00,0x0C00,0x0C00,0x0C00,0x0C00,0x0C00,0x0C00,0x0C00,0x0C00,
    0x0C00,0x0C00,0x0C00,0x0C00,0x0C00,0x0C00,0x0C00,0x0C00,0x0C00,0x0C00,0x0C00,0x0C00,0x0C20,0x1482,0x0C00,0x0C00,
    0x0800,0x1061,0x1483,0x1082,0x14A5,0x14C7,0x14E8,0x1909,0x1909,0x1909,0x1909,0x1D6E,0x1D6F,0x1D6E,0x21B1,0x1D4B,
    0x25AD,0x1DB3,0x3BBF,0x439A,0x2EFD,0x1D6E,0x1D4B,0x1D6E,0x1DB3,0x1DB3,0x1D4D,0x2190,0x1D4D,0x1484,0x18E8,0x0C41,
    0x0C84,0x25F4,0x2190,0x1D6F,0x1909,0x190A,0x14C6,0x1061,0x1483,0x1061,0x0C41,0x1483,0x1062,0x0C00,0x0C00,0x0C00,
    0x0C00,0x0C00,0x0800,0x1083,0x1083,0x0800,0x0423,0x21B0,0x190A,0x14C6,0x14C5,0x1083,0x1083,0x1062,0x1483,0x0800,
    0x14E9,0x216E,0x1083,0x1062,0x1062,0x1462,0x1082,0x1083,0x1062,0x1082,0x0C20,0x0800,0x1083,0x14A4,0x0C20,0x0C00,
    0x0C00,0x0800,0x1041,0x1483,0x1462,0x1062,0x14C6,0x1909,0x10A5,0x0800,0x0C00,0x1062,0x1083,0x14C5,0x1062,0x1062,
    0x14C6,0x1908,0x0C41,0x0C00,0x1083,0x1062,0x14C5,0x1909,0x14E8,0x216C,0x14C7,0x0800,0x0C00,0x0C00,0x0C00,0x0C00,
    0x0800,0x0C20,0x14A4,0x18C6,0x0820,0x1062,0x1062,0x14A4,0x0C42,0x1041,0x1061,0x14A4,0x14C6,0x1061,0x18C5,0x18C5,
    0x1061,0x14A5,0x14A5,0x14A4,0x1083,0x1908,0x18E7,0x18C6,0x216C,0x1062,0x1061,0x1482,0x1462,0x1062,0x1483,0x1483,
    0x18C6,0x1062,0x18E7,0x216C,0x0C21,0x0C00,0x0C20,0x1062,0x1483,0x1062,0x0800,0x1041,0x0C20,0x0800,0x0C00,0x0C00,
    0x1483,0x0C21,0x0C00,0x0C00,0x0C00,0x0C00,0x0C00,0x0C00,0x0C00,0x0C00,0x0C00,0x0C00,0x0C00,0x0C00,0x0C00,0x0C00,
    0x0C00,0x0C00,0x0C00,0x0C00,0x0C00,0x0C00,0x0C00,0x0C00,0x0C00,0x0C00,0x0C00,0x0C00,0x0C00,0x0C00,0x0C00,0x0C00,
    0x0C00,0x0C00,0x0C00,0x0C00,0x0C00,0x0C00,0x0C00,0x0C00,0x0C00,0x0C00,0x0800,0x0C00,0x0C00,0x0C00,0x0C00,0x0C00,
    0x0C00,0x0C00,0x0C00,0x0C00,0x0C00,0x0C00,0x0C00,0x0C00,0x0C00,0x0C00,0x0C00,0x0C00,0x0C00,0x0C00,0x0C00,0x0C00,
    0x0C00,0x0C00,0x0C00,0x0C00,0x0C00,0x0C00,0x0C00,0x0C00,0x0C00,0x0C00,0x0C00,0x0C00,0x0C20,0x1482,0x0C00,0x0C00,
    0x0800,0x1061,0x1483,0x1483,0x1483,0x1083,0x190A,0x1909,0x1909,0x1909,0x1909,0x1D6E,0x1D6F,0x1D6F,0x21B1,0x14E8,
    0x1909,0x14C6,0x0844,0x0423,0x10A6,0x1D4C,0x14E8,0x1D6F,0x1DB3,0x1DB3,0x1D4D,0x1D6D,0x21B1,0x1083,0x14C6,0x1062,
    0x0800,0x2190,0x25F4,0x1DB3,0x1DB3,0x192B,0x1062,0x1041,0x1062,0x0C00,0x1062,0x14A4,0x1061,0x0C00,0x0C00,0x0C00,
    0x0C00,0x0C00,0x0C00,0x1062,0x1083,0x1062,0x0400,0x190A,0x14E8,0x18E7,0x14C5,0x14A5,0x18C5,0x1062,0x1483,0x0C20,
    0x14C7,0x1D6D,0x18E7,0x1083,0x1462,0x1062,0x1062,0x1062,0x1082,0x1082,0x0C20,0x0800,0x1484,0x14A4,0x0C20,0x0C00,
    0x0C00,0x0800,0x1041,0x1482,0x1062,0x1484,0x1908,0x1908,0x0C42,0x0800,0x0C20,0x1462,0x1062,0x1483,0x1062,0x1062,
    0x18E7,0x14E8,0x0C20,0x1062,0x1483,0x1062,0x14C5,0x1909,0x14E8,0x192B,0x192B,0x0400,0x0C00,0x0C00,0x0C00,0x0C00,
    0x0800,0x1062,0x1482,0x0C20,0x0C20,0x1062,0x216E,0x1909,0x0820,0x1061,0x1061,0x1083,0x14A5,0x1062,0x18E7,0x18E7,
    0x1062,0x1483,0x14A5,0x14A4,0x1083,0x14E8,0x1D4C,0x18E7,0x1908,0x0C21,0x1062,0x1062,0x1482,0x1483,0x1482,0x14A4,
    0x18E7,0x1908,0x0C63,0x18C5,0x0C21,0x0C00,0x0C21,0x1482,0x1483,0x1062,0x0800,0x1062,0x0C20,0x0800,0x0C00,0x0C20,
    0x1483,0x1061,0x0800,0x0C00,0x0C00,0x0C00,0x0C00,0x0C00,0x0C00,0x0C00,0x0C00,0x0C00,0x0C00,0x0C00,0x0C00,0x0C00,
    0x0C00,0x0C00,0x0C00,0x0C00,0x0C00,0x0C00,0x0C00,0x0C00,0x0C00,0x0C00,0x0C00,0x0C00,0x0C00,0x0C00,0x0C00,0x0C00,
    0x0C00,0x0C00,0x0C00,0x0C00,0x0C00,0x0C00,0x0C00,0x0C00,0x0C00,0x0C00,0x0C00,0x0C00,0x0C00,0x0C00,0x0C00,0x0C00,
    0x0C00,0x0C00,0x0C00,0x0C00,0x0C00,0x0C00,0x0C00,0x0C00,0x0C00,0x0C00,0x0C00,0x0C00,0x0C00,0x0C00,0x0C00,0x0C00,
    0x0C00,0x0C00,0x0C00,0x0C00,0x0C00,0x0C00,0x0C00,0x0C00,0x0C00,0x0C00,0x0C00,0x0C00,0x0C20,0x1083,0x0C00,0x0C00,
    0x0800,0x1062,0x1483,0x1483,0x1483,0x1062,0x1908,0x1909,0x1909,0x1909,0x1909,0x194D,0x2190,0x1D6F,0x2190,0x216E,
    0x1084,0x1D4B,0x439A,0x3297,0x18E8,0x14C5,0x192B,0x1DB3,0x1DB3,0x1DB3,0x192C,0x1D2C,0x25F4,0x10A6,0x1083,0x1462,
    0x0C20,0x0C86,0x25F4,0x21F7,0x21B1,0x14C6,0x1041,0x0C00,0x0C20,0x0C00,0x1484,0x1483,0x1062,0x0C00,0x0C00,0x0C00,
    0x0C00,0x0C00,0x0800,0x0C20,0x1062,0x14A5,0x0C41,0x0C42,0x1084,0x18E7,0x14C6,0x1908,0x14C5,0x1062,0x1082,0x1062,
    0x0800,0x1D2B,0x1908,0x14C5,0x1062,0x1062,0x1062,0x1083,0x1483,0x1062,0x0C20,0x0C21,0x14A4,0x14A5,0x1061,0x0800,
    0x0C00,0x0C20,0x1482,0x1482,0x1062,0x1484,0x1908,0x1908,0x0821,0x0800,0x0C00,0x1062,0x1062,0x1062,0x1482,0x1062,
    0x18E8,0x14C7,0x0820,0x1062,0x1082,0x1062,0x14C7,0x1909,0x1908,0x1909,0x1D4C,0x0800,0x0800,0x0C00,0x0C00,0x0800,
    0x0C20,0x1483,0x0C21,0x0800,0x1483,0x18E7,0x1D2B,0x218E,0x0842,0x1041,0x1062,0x1062,0x1062,0x14A4,0x18E7,0x1908,
    0x18E7,0x1083,0x14A5,0x14A4,0x14A5,0x1908,0x216C,0x18C6,0x1908,0x0C21,0x1062,0x1062,0x14A5,0x18C5,0x1483,0x14A5,
    0x14A4,0x18E7,0x18E7,0x0821,0x0800,0x0C00,0x0C20,0x1483,0x1483,0x1062,0x0800,0x1483,0x0C20,0x0800,0x0800,0x0C20,
    0x1483,0x1483,0x0C20,0x0800,0x0C00,0x0C00,0x0C00,0x0C00,0x0C00,0x0C00,0x0C00,0x0C00,0x0C00,0x0C00,0x0C00,0x0C00,
    0x0C00,0x0C00,0x0C00,0x0C00,0x0C00,0x0C00,0x0C00,0x0C00,0x0C00,0x0C00,0x0C00,0x0C00,0x0C00,0x0C00,0x0C00,0x0C00,
    0x0C00,0x0C00,0x0C00,0x0C00,0x0C00,0x0C00,0x0C00,0x0C00,0x0C00,0x0C00,0x0C00,0x0C00,0x0C00,0x0C00,0x0C00,0x0C00,
    0x0C00,0x0C00,0x0C00,0x0C00,0x0C00,0x0C00,0x0C00,0x0C00,0x0C00,0x0C00,0x0C00,0x0C00,0x0C00,0x0C00,0x0C00,0x0C00,
    0x0C00,0x0C00,0x0C00,0x0C00,0x0C00,0x0C00,0x0C00,0x0C00,0x0C00,0x0C00,0x0C00,0x0C00,0x0C00,0x1062,0x0C00,0x0C00,
    0x0800,0x1041,0x1483,0x1483,0x1483,0x0C20,0x14A4,0x1909,0x14E8,0x1909,0x1909,0x190A,0x1D6F,0x1D6F,0x1D6E,0x2190,
    0x14C6,0x3231,0x3297,0x3231,0x1D4B,0x18C5,0x190A,0x25F4,0x25D1,0x21B1,0x14E9,0x192C,0x25F4,0x14C7,0x1082,0x1462,
    0x1482,0x0800,0x25D1,0x25F4,0x14A5,0x1483,0x0C41,0x0C20,0x0C20,0x0C00,0x1484,0x1483,0x1062,0x0800,0x0C00,0x0C00,
    0x0C00,0x0C00,0x0C00,0x0800,0x1041,0x18C5,0x0C41,0x0800,0x14C6,0x1D4C,0x1909,0x1909,0x14C5,0x1062,0x1483,0x1061,
    0x0C63,0x1D2B,0x14E8,0x1908,0x1084,0x1062,0x1062,0x1082,0x1061,0x1062,0x0C20,0x1062,0x14A5,0x14A5,0x1061,0x0800,
    0x0C00,0x0C00,0x1462,0x1482,0x1062,0x1484,0x1908,0x1908,0x0C20,0x0800,0x0C00,0x1041,0x1082,0x1482,0x1062,0x1083,
    0x1909,0x14C7,0x0C20,0x1062,0x1063,0x1062,0x18E7,0x1909,0x14E8,0x1908,0x2190,0x1908,0x0400,0x0C00,0x0C00,0x0800,
    0x1062,0x1483,0x0C20,0x1041,0x14A5,0x1D4C,0x14E7,0x218E,0x0C85,0x0800,0x1482,0x1482,0x1062,0x18C6,0x14C6,0x1909,
    0x216E,0x14A4,0x14A4,0x14A4,0x18E7,0x1909,0x216E,0x18C6,0x1908,0x0C21,0x1062,0x1062,0x18C6,0x14A5,0x1082,0x18E7,
    0x14A4,0x18E7,0x18C6,0x0C20,0x0800,0x0800,0x1062,0x1483,0x1483,0x1061,0x0800,0x1462,0x0800,0x0800,0x0800,0x0C00,
    0x1482,0x1483,0x1062,0x0800,0x0C00,0x0C00,0x0C00,0x0C00,0x0C00,0x0C00,0x0C00,0x0C00,0x0C00,0x0C00,0x0C00,0x0C00,
    0x0C00,0x0C00,0x0C00,0x0C00,0x0C00,0x0C00,0x0C00,0x0C00,0x0C00,0x0C00,0x0C00,0x0C00,0x0C00,0x0C00,0x0C00,0x0C00,
    0x0C00,0x0C00,0x0C00,0x0C00,0x0C00,0x0C00,0x0C00,0x0C00,0x0C00,0x0C00,0x0C00,0x0C00,0x0C00,0x0C00,0x0C00,0x0C00,
    0x0C00,0x0C00,0x0C00,0x0C00,0x0C00,0x0C00,0x0C00,0x0C00,0x0C00,0x0C00,0x0C00,0x0C00,0x0C00,0x0C00,0x0C00,0x0C00,
    0x0C00,0x0C00,0x0C00,0x0C00,0x0C00,0x0C00,0x0C00,0x0C00,0x0C00,0x0C00,0x0C00,0x0C00,0x0C00,0x1062,0x0C20,0x0800,
    0x0C00,0x1062,0x1483,0x1483,0x14A4,0x1041,0x1484,0x190A,0x10A5,0x14E8,0x1909,0x1908,0x192B,0x1D6F,0x1D6F,0x1D2C,
    0x0842,0x14A5,0x1D4B,0x18E8,0x1084,0x14A4,0x14E8,0x21B0,0x21B1,0x21B1,0x150C,0x1D6F,0x25F4,0x14C7,0x0C41,0x1062,
    0x1483,0x0C41,0x192C,0x14E8,0x1061,0x1061,0x18E8,0x14A4,0x0C20,0x0C21,0x18C6,0x1083,0x1062,0x0C00,0x0C00,0x0C00,
    0x0C00,0x0C00,0x0C00,0x0800,0x0C20,0x18C5,0x1083,0x0C21,0x1909,0x21B1,0x190A,0x1908,0x14C6,0x1062,0x1483,0x1482,
    0x1908,0x216E,0x1909,0x1908,0x18E8,0x1062,0x1062,0x1483,0x1061,0x1041,0x0C00,0x1083,0x14A5,0x14A5,0x1483,0x0C20,
    0x0800,0x0C20,0x1462,0x1083,0x1083,0x1083,0x1909,0x1908,0x0C20,0x0800,0x0800,0x1041,0x1082,0x1462,0x1062,0x14A5,
    0x1909,0x14C6,0x0C41,0x1083,0x1062,0x1484,0x1908,0x1908,0x1908,0x14E8,0x218E,0x1D4D,0x0800,0x0C00,0x0800,0x0C20,
    0x1483,0x1061,0x1041,0x1062,0x1484,0x1D4C,0x14E8,0x218E,0x216E,0x0C21,0x1062,0x1482,0x1483,0x18C6,0x14C6,0x1D2A,
    0x218E,0x1D4B,0x1484,0x1483,0x18C6,0x1909,0x216E,0x18C6,0x1908,0x0820,0x1062,0x1062,0x14A5,0x14A5,0x1083,0x1908,
    0x14A5,0x18C6,0x18E7,0x0800,0x0800,0x0800,0x1061,0x1483,0x1483,0x1062,0x0800,0x1041,0x1041,0x0C20,0x0800,0x0C00,
    0x1482,0x1483,0x1462,0x0C00,0x0C00,0x0C00,0x0C00,0x0C00,0x0C00,0x0C00,0x0C00,0x0C00,0x0C00,0x0C00,0x0C00,0x0C00,
    0x0C00,0x0C00,0x0C00,0x0C00,0x0C00,0x0C00,0x0C00,0x0C00,0x0C00,0x0C00,0x0C00,0x0C00,0x0C00,0x0C00,0x0C00,0x0C00,
    0x0C00,0x0C00,0x0C00,0x0C00,0x0C00,0x0C00,0x0C00,0x0C00,0x0C00,0x0C00,0x0C00,0x0C00,0x0C00,0x0C00,0x0C00,0x0C00,
    0x0C00,0x0C00,0x0C00,0x0C00,0x0C00,0x0C00,0x0C00,0x0C00,0x0C00,0x0C00,0x0C00,0x0C00,0x0C00,0x0C00,0x0C00,0x0C00,
    0x0C00,0x0C00,0x0C00,0x0C00,0x0C00,0x0C00,0x0C00,0x0C00,0x0C00,0x0C00,0x0C00,0x0C00,0x0C20,0x1483,0x0C20,0x0800,
    0x0C20,0x1483,0x1483,0x1483,0x1483,0x0C20,0x14A5,0x1D2A,0x14A5,0x14C6,0x1909,0x1909,0x1908,0x1D2C,0x1D6F,0x2190,
    0x1D4D,0x1D2C,0x190A,0x190A,0x1D2B,0x1D4C,0x1D4C,0x1D6F,0x25D1,0x1DB3,0x1D6E,0x1D2C,0x25D1,0x14E8,0x1061,0x18C6,
    0x1462,0x1061,0x0C84,0x14C6,0x0C20,0x1084,0x190A,0x14C6,0x1062,0x0C41,0x18C6,0x1062,0x1062,0x0C00,0x0C00,0x0C00,
    0x0C00,0x0C00,0x0C00,0x0C00,0x0C20,0x18C5,0x1083,0x0821,0x1908,0x21B0,0x1D2B,0x14E8,0x18C6,0x1062,0x1083,0x1482,
    0x0821,0x218E,0x190A,0x14E8,0x14E8,0x0C42,0x0800,0x1483,0x1061,0x0800,0x0800,0x1084,0x14A5,0x1084,0x1062,0x0C20,
    0x0800,0x1062,0x1062,0x14A4,0x18E7,0x1062,0x14C7,0x1909,0x0820,0x0800,0x0800,0x0C20,0x1482,0x1062,0x1083,0x14E8,
    0x1909,0x14C6,0x0800,0x1062,0x1062,0x1484,0x1908,0x1908,0x1908,0x18E8,0x1D6D,0x25D1,0x0C64,0x0800,0x0C00,0x0C21,
    0x0C41,0x0C20,0x1482,0x1062,0x14A4,0x1D4B,0x1908,0x218E,0x21B0,0x10A5,0x1041,0x1483,0x1462,0x1483,0x14C6,0x1D4B,
    0x1D4C,0x1D6D,0x14A5,0x1083,0x14E7,0x1D6D,0x216C,0x14A4,0x1908,0x0C20,0x1061,0x1482,0x1083,0x1083,0x14C5,0x1908,
    0x14A4,0x18C6,0x18E7,0x0800,0x0800,0x0C00,0x0C20,0x1483,0x1483,0x1062,0x0800,0x1041,0x1483,0x0C20,0x0800,0x0C00,
    0x1041,0x1483,0x1483,0x0C21,0x0C00,0x0C00,0x0C00,0x0C00,0x0C00,0x1041,0x0C00,0x0C00,0x0C00,0x0C00,0x0C00,0x0C00,
    0x0C00,0x0C00,0x0C00,0x0C00,0x0C00,0x0C00,0x0C00,0x0C00,0x0C00,0x0C00,0x0800,0x0C00,0x0C00,0x0C00,0x0C00,0x0C00,
    0x0C00,0x0C00,0x0C00,0x0C00,0x0C00,0x0C00,0x0C00,0x0C00,0x0C00,0x0C00,0x0C00,0x0C00,0x0C00,0x0C00,0x0C00,0x0C00,
    0x0C00,0x0C00,0x0C00,0x0C00,0x0C00,0x0C00,0x0C00,0x0C00,0x0C00,0x0C00,0x0C00,0x0C00,0x0C00,0x0C00,0x0C00,0x0C00,
    0x0C00,0x0C00,0x0C00,0x0C00,0x0C00,0x0C00,0x0C00,0x0C00,0x0C00,0x0C00,0x0C00,0x0C00,0x1041,0x1062,0x1041,0x0800,
    0x0C20,0x1483,0x1483,0x1483,0x1062,0x14C5,0x18E8,0x1908,0x14C7,0x14C5,0x14C7,0x1909,0x1909,0x1909,0x1D2C,0x1D6F,
    0x2190,0x21B1,0x1D2C,0x192B,0x190A,0x192C,0x1D6E,0x1DB3,0x1DB3,0x21B1,0x1D2B,0x18E8,0x14C7,0x18E8,0x1084,0x1909,
    0x1062,0x1062,0x0C21,0x1062,0x1062,0x14E8,0x190A,0x14C6,0x1041,0x1062,0x18E7,0x1062,0x1062,0x0800,0x0C00,0x0C00,
    0x0C00,0x0C00,0x0C00,0x0800,0x0C20,0x1483,0x1083,0x0400,0x1D2B,0x21B1,0x1D4C,0x1908,0x14C6,0x1062,0x1083,0x1482,
    0x0800,0x216E,0x192B,0x18E7,0x18E7,0x1062,0x0800,0x1062,0x0C41,0x0800,0x0800,0x1083,0x14A5,0x1083,0x1062,0x0C20,
    0x0800,0x1062,0x1062,0x1484,0x1909,0x1083,0x14A5,0x1909,0x0C42,0x0800,0x0800,0x0800,0x1062,0x1062,0x14A4,0x1909,
    0x1909,0x14C6,0x0800,0x1062,0x1062,0x1484,0x1908,0x14E8,0x1908,0x18E8,0x192B,0x21B1,0x0C63,0x0800,0x0C00,0x0800,
    0x0800,0x0C20,0x1482,0x1482,0x1482,0x18C5,0x1909,0x216E,0x2190,0x14C7,0x0C20,0x1482,0x1083,0x18C6,0x18E7,0x1D4B,
    0x192B,0x216E,0x1909,0x1084,0x1D4C,0x218E,0x18C6,0x1483,0x1D48,0x0C20,0x1061,0x1483,0x1482,0x1061,0x14C6,0x18E8,
    0x14A4,0x18C6,0x14A4,0x0C00,0x0C00,0x0C00,0x0C00,0x1482,0x1483,0x0C41,0x0800,0x1041,0x1062,0x1061,0x0C00,0x0C00,
    0x0C20,0x1483,0x1462,0x0C20,0x0C00,0x0C00,0x0C00,0x0C00,0x0C00,0x1041,0x0C00,0x0C00,0x0C00,0x0C00,0x0C00,0x0C00,
    0x0C00,0x0C00,0x0C00,0x0C00,0x0C00,0x0C00,0x0C00,0x0C00,0x0C00,0x0C00,0x0C00,0x0C00,0x0C00,0x0C00,0x0C00,0x0C00,
    0x0C00,0x0C00,0x0C00,0x0C00,0x0C00,0x0C00,0x0C00,0x0C00,0x0C00,0x0C00,0x0C00,0x0C00,0x0C00,0x0C00,0x0C00,0x0C00,
    0x0C00,0x0C00,0x0C00,0x0C00,0x0C00,0x0C00,0x0C00,0x0C00,0x0C00,0x0C00,0x0C00,0x0C00,0x0C00,0x0C00,0x0C00,0x0C00,
    0x0C00,0x0C00,0x0C00,0x0C00,0x0C00,0x0C00,0x0C00,0x0C00,0x0C00,0x0C00,0x0C00,0x0C00,0x0C21,0x1061,0x1482,0x0800,
    0x0C20,0x1483,0x1083,0x1083,0x1062,0x14C6,0x14C6,0x14C6,0x14C7,0x18E7,0x1084,0x14E8,0x190A,0x1909,0x18E7,0x190A,
    0x1D2C,0x1D6F,0x1D4C,0x14C7,0x14E7,0x1D6E,0x1DB3,0x1DB3,0x2190,0x192B,0x14C7,0x18E8,0x1062,0x14C6,0x14C7,0x1909,
    0x1062,0x1062,0x1062,0x0C42,0x218E,0x190A,0x1909,0x14C6,0x1062,0x14C6,0x18E7,0x1062,0x1462,0x0C00,0x0C00,0x0C00,
    0x0C00,0x0C00,0x0C00,0x0800,0x0C20,0x1082,0x18E7,0x0821,0x190A,0x21B1,0x192B,0x1908,0x18C6,0x1062,0x1483,0x0C20,
    0x10A6,0x218E,0x1D4C,0x1908,0x14A5,0x1062,0x0800,0x0800,0x0C00,0x0C00,0x0C00,0x1084,0x14C5,0x1062,0x1061,0x0C20,
    0x0800,0x1062,0x1062,0x1484,0x1909,0x1084,0x14A4,0x1909,0x14A5,0x0800,0x0C00,0x0800,0x0C41,0x1062,0x14A4,0x1909,
    0x1909,0x14C6,0x0800,0x1062,0x1062,0x14A4,0x1908,0x1908,0x1908,0x14E8,0x192B,0x21B1,0x0C64,0x0800,0x0800,0x0C00,
    0x0800,0x0C20,0x1483,0x1483,0x1482,0x14A4,0x14E7,0x1D4C,0x2190,0x1D6D,0x0C21,0x1062,0x1083,0x18E7,0x18E7,0x216C,
    0x1908,0x216E,0x1D4B,0x0C42,0x216C,0x14C6,0x18C6,0x18C5,0x1908,0x0C42,0x1041,0x1483,0x1482,0x1062,0x14C6,0x18E8,
    0x14A5,0x1483,0x1062,0x0C00,0x0800,0x1041,0x0C20,0x1041,0x0C41,0x0800,0x0800,0x1041,0x1041,0x1062,0x0C20,0x0800,
    0x0C21,0x1483,0x1041,0x0C21,0x0800,0x0C00,0x0C00,0x0C00,0x0C00,0x1041,0x0C00,0x0C00,0x0C00,0x0C00,0x0C00,0x0C00,
    0x0C00,0x0C00,0x0C00,0x0C00,0x0C00,0x0C00,0x0C00,0x0C00,0x0C00,0x0C00,0x0C00,0x0C00,0x0C00,0x0C00,0x0C00,0x0C00,
    0x0C00,0x0C00,0x0C00,0x0C00,0x0C00,0x0C00,0x0C00,0x0C00,0x0C00,0x0C00,0x0C00,0x0C00,0x0C00,0x0C00,0x0C00,0x0C00,
    0x0C00,0x0C00,0x0C00,0x0C00,0x0C00,0x0C00,0x0C00,0x0C00,0x0C00,0x0C00,0x0C00,0x0C00,0x0C00,0x0C00,0x0C00,0x0C00,
    0x0C00,0x0C00,0x0C00,0x0C00,0x0C00,0x0C00,0x0C00,0x0C00,0x0C00,0x1041,0x0C20,0x0800,0x0C20,0x1483,0x1062,0x0800,
    0x0C20,0x1483,0x1483,0x1083,0x1062,0x1084,0x18C6,0x14C5,0x1084,0x14E8,0x18E8,0x1083,0x18C6,0x14A4,0x14E8,0x18E8,
    0x14E8,0x1D2B,0x190A,0x14C6,0x14E8,0x192C,0x1D4D,0x1D4D,0x150C,0x190A,0x14C7,0x1909,0x1484,0x14C6,0x14E7,0x1909,
    0x1083,0x1462,0x1061,0x1084,0x25D1,0x192C,0x190A,0x14C6,0x1062,0x18E7,0x18C6,0x1062,0x1482,0x0C20,0x0C00,0x0C00,
    0x0C00,0x0C00,0x0C00,0x0C00,0x0800,0x1062,0x1908,0x1062,0x192B,0x21B1,0x14E8,0x1908,0x14C6,0x1062,0x1483,0x0800,
    0x14E8,0x218E,0x1D4C,0x1908,0x1083,0x1062,0x0800,0x0C00,0x0C00,0x0C00,0x0C00,0x1083,0x14A5,0x1062,0x1062,0x0C20,
    0x0C00,0x1482,0x1062,0x1484,0x1909,0x1084,0x1062,0x18E8,0x18E8,0x0C21,0x0800,0x0C00,0x0C00,0x1061,0x14A4,0x1909,
    0x1908,0x14C6,0x0800,0x1062,0x1062,0x1484,0x1908,0x1908,0x1908,0x14E8,0x190A,0x21B1,0x1D2C,0x0800,0x0C00,0x0C00,
    0x0800,0x0C20,0x1482,0x1482,0x1482,0x1482,0x14A4,0x14E8,0x218E,0x1D4C,0x0821,0x1062,0x14C6,0x14E7,0x14C7,0x1D2A,
    0x14C6,0x1D6D,0x216E,0x1084,0x14A5,0x1061,0x216C,0x216E,0x18C5,0x1061,0x1041,0x1482,0x1062,0x14A5,0x1908,0x18E8,
    0x1484,0x1062,0x1062,0x0C00,0x0800,0x1061,0x0C20,0x0C41,0x1483,0x0C00,0x0800,0x1041,0x1041,0x1062,0x0C20,0x0800,
    0x0C20,0x1483,0x0C21,0x1062,0x0800,0x0C00,0x0C00,0x0C00,0x0C00,0x1482,0x0C00,0x0C00,0x0C00,0x0C00,0x0C00,0x0C00,
    0x0C00,0x0C00,0x0C00,0x0C00,0x0C00,0x0C00,0x0C00,0x0C00,0x0C00,0x0C00,0x0C00,0x0C00,0x0C00,0x0C00,0x0C00,0x0C00,
    0x0C00,0x0C00,0x0C00,0x0C00,0x0C00,0x0C00,0x0C00,0x0C00,0x0C00,0x0C00,0x0C00,0x0C00,0x0C00,0x0C00,0x0C00,0x0C00,
    0x0C00,0x0C00,0x0C00,0x0C00,0x0C00,0x0C00,0x0C00,0x0C00,0x0C00,0x0C00,0x0C00,0x0C00,0x0C00,0x0C00,0x0C00,0x0C00,
    0x0C00,0x0C00,0x0C00,0x0C00,0x0C00,0x0C00,0x0C00,0x0C00,0x0C00,0x1062,0x0800,0x0800,0x0C20,0x1483,0x1062,0x0800,
    0x0800,0x1061,0x1483,0x1483,0x1482,0x1062,0x1483,0x14C5,0x1083,0x14E8,0x18E7,0x1483,0x1062,0x1041,0x1D4C,0x218E,
    0x1084,0x14C5,0x1909,0x14A5,0x1909,0x1909,0x1908,0x1908,0x1909,0x14E8,0x14E8,0x190A,0x14A4,0x14A4,0x18E8,0x1909,
    0x1083,0x1482,0x1061,0x1084,0x21B1,0x1D2C,0x190A,0x18E7,0x1062,0x190A,0x18E7,0x1062,0x1483,0x0C20,0x0C00,0x0C00,
    0x0C00,0x0C00,0x0C00,0x0C00,0x0800,0x1084,0x1D2A,0x0C42,0x1D2C,0x21B1,0x14E8,0x1908,0x14C6,0x1062,0x1483,0x0800,
    0x14C8,0x2190,0x1D4D,0x1908,0x1083,0x1062,0x0C20,0x0C00,0x0C00,0x0C00,0x0C00,0x1083,0x1484,0x0C20,0x1062,0x0C20,
    0x0800,0x1482,0x1062,0x1484,0x1909,0x1084,0x1062,0x18E8,0x18E8,0x1062,0x0800,0x0C00,0x0C00,0x0C41,0x14A5,0x1909,
    0x1908,0x14C6,0x0800,0x0C41,0x1483,0x1062,0x18E7,0x1909,0x1908,0x14E8,0x190A,0x21B1,0x1D4C,0x0800,0x0C00,0x0C00,
    0x0C00,0x0C20,0x1482,0x1462,0x1083,0x1909,0x1909,0x14C6,0x1908,0x1D2B,0x0821,0x1062,0x14C6,0x14C7,0x14C7,0x18E7,
    0x14E7,0x1D6D,0x218E,0x14A5,0x1061,0x1084,0x1D4C,0x218E,0x14C5,0x0800,0x1062,0x1482,0x1062,0x14A5,0x1908,0x1908,
    0x1483,0x1062,0x1062,0x0800,0x0800,0x1041,0x1062,0x0800,0x1483,0x0C20,0x0800,0x1041,0x0C21,0x1062,0x0C21,0x0800,
    0x0C00,0x1483,0x1062,0x1062,0x0800,0x0C00,0x0C00,0x0C00,0x0C00,0x1062,0x0C21,0x0C00,0x0C00,0x0C00,0x0C00,0x0C00,
    0x0C00,0x0C00,0x0C00,0x0C00,0x0C00,0x0C00,0x0C00,0x0C00,0x0C00,0x0C00,0x0C00,0x0C00,0x0C00,0x0C00,0x0C00,0x0C00,
    0x0C00,0x0C00,0x0C00,0x0C00,0x0C00,0x0C00,0x0C00,0x0C00,0x0C00,0x0C00,0x0C00,0x0C00,0x0C00,0x0C00,0x0C00,0x0C00,
    0x0C00,0x0C00,0x0C00,0x0C00,0x0C00,0x0C00,0x0C00,0x0C00,0x0C00,0x0C00,0x0C00,0x0C00,0x0C00,0x0C00,0x0C00,0x0C00,
    0x0C00,0x0C00,0x0C00,0x0C00,0x0C00,0x0C00,0x0C00,0x0C00,0x0C20,0x0C21,0x0800,0x0800,0x0C20,0x1483,0x1062,0x0800,
    0x0C00,0x1062,0x14A4,0x1483,0x1062,0x1482,0x1082,0x14A4,0x1062,0x1908,0x14C6,0x14A4,0x1061,0x1084,0x1D6D,0x216E,
    0x14C6,0x1062,0x18C6,0x14C6,0x1909,0x190A,0x1909,0x1908,0x14E7,0x14E8,0x1909,0x1909,0x14C6,0x0C41,0x1084,0x0C64,
    0x0820,0x0C20,0x0C41,0x10A5,0x25F4,0x1D4D,0x1909,0x1909,0x14C7,0x1D4C,0x18C6,0x1482,0x1062,0x0C00,0x0C00,0x0C00,
    0x0C00,0x0C00,0x0C00,0x0C00,0x0800,0x14E8,0x1D2B,0x1083,0x14C7,0x21B1,0x1909,0x1908,0x14C6,0x1062,0x1483,0x0800,
    0x14C7,0x25D1,0x1D2B,0x1908,0x1484,0x1062,0x1041,0x0C00,0x0C00,0x0C00,0x0C00,0x1083,0x1083,0x0800,0x1062,0x0C20,
    0x0800,0x1462,0x1482,0x1062,0x18E8,0x14A5,0x1062,0x18E7,0x14C7,0x1909,0x0821,0x0C00,0x0C00,0x0C00,0x1484,0x1908,
    0x1909,0x14C6,0x0800,0x0C21,0x1483,0x1062,0x14A4,0x1909,0x1908,0x18E8,0x190A,0x2190,0x1D2C,0x0800,0x0C00,0x0C00,
    0x0C00,0x0C20,0x1482,0x1062,0x1083,0x1D2A,0x216E,0x14C6,0x18E8,0x1D4C,0x0821,0x1062,0x14A5,0x18E7,0x14E7,0x14E7,
    0x1909,0x216E,0x216E,0x14A4,0x1061,0x18E7,0x216E,0x218E,0x1084,0x0800,0x1462,0x1482,0x1483,0x1062,0x1062,0x1483,
    0x1482,0x1062,0x1061,0x0C00,0x0800,0x0C41,0x1483,0x1041,0x1483,0x1062,0x0800,0x0C20,0x0C20,0x1062,0x1062,0x0800,
    0x0800,0x1062,0x1483,0x1041,0x0C00,0x0C00,0x0C00,0x0C00,0x0C00,0x1041,0x1041,0x0800,0x0C00,0x0C00,0x0C00,0x0C00,
    0x0C00,0x0C00,0x0C00,0x0C00,0x0C00,0x0C00,0x0C00,0x0C00,0x0C00,0x0C00,0x0C00,0x0C00,0x0C00,0x0C00,0x0C00,0x0C00,
    0x0C00,0x0C00,0x0C00,0x0C00,0x0C00,0x0C00,0x0C00,0x0C00,0x0C00,0x0C00,0x0C00,0x0C00,0x0C00,0x0C00,0x0C00,0x0C00,
    0x0C00,0x0C00,0x0C00,0x0C00,0x0C00,0x0C00,0x0C00,0x0C00,0x0C00,0x0C00,0x0C00,0x0C00,0x0C00,0x0C00,0x0C00,0x0C00,
    0x0C00,0x0C00,0x0C00,0x0C00,0x0C00,0x0C00,0x0C00,0x0800,0x1041,0x0C00,0x0C00,0x0800,0x0C20,0x1483,0x1062,0x0800,
    0x0C00,0x1062,0x1482,0x1482,0x1483,0x1483,0x1483,0x1483,0x0C21,0x1909,0x1909,0x1483,0x1061,0x1084,0x192B,0x14EA,
    0x14E8,0x1062,0x1483,0x14C6,0x1909,0x1909,0x1908,0x190A,0x1D4D,0x14E8,0x1908,0x18E7,0x1062,0x1084,0x216E,0x216E,
    0x1D4B,0x0C85,0x0800,0x0C41,0x21B1,0x25D1,0x14E8,0x14E8,0x1D4C,0x216E,0x1083,0x1482,0x0C20,0x0800,0x0C00,0x0C00,
    0x0C00,0x0C00,0x0C00,0x0800,0x14C6,0x2190,0x1D2A,0x1083,0x0821,0x21B0,0x1D2B,0x1D4B,0x14C6,0x1062,0x1483,0x0C20,
    0x14C7,0x21B1,0x1909,0x1908,0x1083,0x1062,0x1061,0x0800,0x0C00,0x0800,0x0C20,0x1083,0x1083,0x0800,0x0C00,0x0800,
    0x0800,0x1462,0x1482,0x1062,0x14A4,0x14C6,0x1061,0x14A5,0x14C7,0x1D4B,0x1084,0x0800,0x0C00,0x0800,0x1062,0x14C5,
    0x18E8,0x14C7,0x0800,0x1041,0x1482,0x1062,0x1083,0x1909,0x14E8,0x1909,0x1D2B,0x1D4D,0x216E,0x0821,0x0C00,0x0C00,
    0x0C00,0x0C20,0x1482,0x1462,0x1083,0x1908,0x1D4C,0x14C7,0x18E7,0x1D4C,0x0821,0x1482,0x1062,0x18E7,0x18E7,0x18E7,
    0x1D4C,0x216E,0x216E,0x1084,0x1061,0x1D2A,0x218E,0x218E,0x1084,0x0C00,0x1041,0x1062,0x1061,0x0C63,0x10A5,0x0C20,
    0x1062,0x1083,0x1062,0x0800,0x0800,0x0C20,0x1483,0x14A4,0x1483,0x1483,0x0C00,0x0800,0x0C20,0x1062,0x1482,0x0C00,
    0x0800,0x1041,0x1483,0x1041,0x0800,0x0C00,0x0C00,0x0C00,0x0C00,0x0C20,0x1041,0x0800,0x0C00,0x0C00,0x0C00,0x0C00,
    0x0C00,0x0C00,0x0C00,0x0C00,0x0C00,0x0C00,0x0C00,0x0C00,0x0C00,0x0C00,0x0C00,0x0C00,0x0C00,0x0C00,0x0C00,0x0C00,
    0x0C00,0x0C00,0x0C00,0x0C00,0x0C00,0x0C00,0x0C00,0x0C00,0x0C00,0x0C00,0x0C00,0x0C00,0x0C00,0x0C00,0x0C00,0x0C00,
    0x0C00,0x0C00,0x0C00,0x0C00,0x0C00,0x0C00,0x0C00,0x0C00,0x0C00,0x0C00,0x0C00,0x0C00,0x0C00,0x0C00,0x0C00,0x0C00,
    0x0C00,0x0C00,0x0C00,0x0C00,0x0C00,0x0C00,0x0800,0x0C20,0x1041,0x0800,0x0800,0x0800,0x1062,0x1483,0x1062,0x0800,
    0x0800,0x1062,0x1041,0x1062,0x1483,0x1483,0x1483,0x1041,0x0C20,0x1909,0x1909,0x1483,0x1061,0x1084,0x192B,0x190A,
    0x1D4C,0x14A5,0x1061,0x14C6,0x190A,0x190A,0x14C6,0x216E,0x1D4C,0x14E8,0x1908,0x14A4,0x1041,0x14C6,0x0C63,0x0C63,
    0x0C64,0x14E8,0x0C63,0x0C20,0x10A6,0x25D1,0x1D4D,0x14E7,0x1D2C,0x216C,0x1062,0x1062,0x0C20,0x0800,0x0C00,0x0C00,
    0x0C00,0x0C00,0x0C00,0x0400,0x14C8,0x25D1,0x190A,0x14A5,0x0C63,0x218E,0x190A,0x1909,0x14C6,0x1062,0x1083,0x0800,
    0x14C8,0x25D1,0x1909,0x18E8,0x14A4,0x1062,0x1062,0x0C00,0x0800,0x0C00,0x1062,0x1083,0x1083,0x0C00,0x0800,0x0800,
    0x0C00,0x1482,0x1482,0x1462,0x1083,0x18E7,0x1062,0x14A5,0x14E8,0x1909,0x1D4C,0x0821,0x0800,0x0800,0x0C21,0x1483,
    0x18C6,0x18E7,0x0800,0x0C21,0x1483,0x1082,0x1062,0x14C7,0x1908,0x1908,0x1D4B,0x190A,0x25D1,0x10A6,0x0800,0x0C00,
    0x0C00,0x0C20,0x1482,0x1482,0x1062,0x18C6,0x1D4B,0x18E8,0x1D4B,0x216E,0x0C21,0x1482,0x1062,0x18C5,0x18E8,0x14C6,
    0x1D2B,0x216E,0x216E,0x1084,0x14A4,0x1909,0x218E,0x216C,0x1483,0x1041,0x0C20,0x1062,0x1061,0x0C64,0x192C,0x0800,
    0x1484,0x18E7,0x18E7,0x1062,0x0800,0x0C00,0x0C20,0x1483,0x1483,0x1483,0x0C20,0x0800,0x1041,0x1483,0x1483,0x0C41,
    0x0800,0x0C20,0x1483,0x1041,0x0800,0x0C00,0x0C00,0x0C00,0x0C00,0x0C00,0x1482,0x1041,0x0C00,0x0C00,0x0C00,0x0C00,
    0x0C00,0x0C00,0x0C00,0x0C00,0x0C00,0x0C00,0x0C00,0x0C00,0x0C00,0x0C00,0x0C00,0x0C00,0x0C00,0x0C00,0x0C00,0x0C00,
    0x0C00,0x0C00,0x0C00,0x0C00,0x0C00,0x0C00,0x0C00,0x0C00,0x0C00,0x0C00,0x0C00,0x0C00,0x0C00,0x0C00,0x0C00,0x0C00,
    0x0C00,0x0C00,0x0C00,0x0C00,0x0C00,0x0C00,0x0C00,0x0C00,0x0C00,0x0C00,0x0C00,0x0C00,0x0C00,0x0C00,0x0C00,0x0C00,
    0x0C00,0x0C00,0x0C00,0x0C00,0x0C00,0x0C00,0x0800,0x1041,0x0C20,0x0C00,0x0C00,0x0C20,0x1483,0x1483,0x1041,0x0800,
    0x0C20,0x1483,0x1041,0x1062,0x1483,0x1483,0x1483,0x0C20,0x0C41,0x1909,0x1909,0x1483,0x1061,0x1084,0x1D2B,0x190A,
    0x190A,0x14C5,0x1061,0x14C6,0x1908,0x14C5,0x14C6,0x1909,0x1909,0x1909,0x14E8,0x1483,0x1041,0x18E7,0x1062,0x0800,
    0x0842,0x0842,0x0821,0x1062,0x0C63,0x25D1,0x1D6D,0x14E7,0x192B,0x1D4C,0x1083,0x1061,0x0C20,0x0800,0x0C00,0x0C00,
    0x0C00,0x0C00,0x0C00,0x0400,0x14E9,0x21B1,0x192B,0x18E7,0x1083,0x14C7,0x1D2A,0x1909,0x14C5,0x1062,0x1062,0x0400,
    0x14C8,0x21B0,0x1909,0x1908,0x18E7,0x1062,0x1462,0x0C00,0x0800,0x0C20,0x1083,0x1083,0x1083,0x0C00,0x0C00,0x0C00,
    0x0800,0x1062,0x1062,0x1462,0x1083,0x18E7,0x1062,0x1083,0x14E8,0x14E8,0x216E,0x0C64,0x0800,0x0800,0x0C20,0x1483,
    0x1483,0x14A4,0x0800,0x1041,0x14C5,0x18E7,0x1061,0x14A5,0x1908,0x1909,0x1D2B,0x1909,0x21B1,0x10A5,0x0800,0x0C00,
    0x0C00,0x0800,0x1062,0x1482,0x1061,0x14A4,0x1909,0x14E7,0x218E,0x190A,0x0C20,0x1482,0x1482,0x1483,0x18C6,0x1909,
    0x192B,0x216E,0x18E8,0x1062,0x18E7,0x14E7,0x218E,0x1909,0x0C20,0x1062,0x1061,0x1483,0x1462,0x0800,0x14E9,0x0423,
    0x14A5,0x18E7,0x18E7,0x18E7,0x0C41,0x0800,0x0C00,0x0C20,0x1483,0x1483,0x1061,0x0800,0x0C00,0x1462,0x1483,0x1062,
    0x0800,0x0800,0x1061,0x1483,0x0800,0x0800,0x0C00,0x0C00,0x0C00,0x0800,0x1041,0x1062,0x0800,0x0C00,0x0C00,0x0C00,
    0x0C00,0x0C00,0x0C00,0x0C00,0x0C00,0x0C00,0x0C00,0x0C00,0x0C00,0x0C00,0x0C00,0x0C00,0x0C00,0x0C00,0x0C00,0x0C00,
    0x0C00,0x0C00,0x0C00,0x0C00,0x0C00,0x0C00,0x0C00,0x0C00,0x0C00,0x0C00,0x0C00,0x0C00,0x0C00,0x0C00,0x0C00,0x0C00,
    0x0C00,0x0C00,0x0C00,0x0C00,0x0C00,0x0C00,0x0C00,0x0C00,0x0C00,0x0C00,0x0C00,0x0C00,0x0C00,0x0C00,0x0C00,0x0C00,
    0x0C00,0x0C00,0x0C00,0x0C00,0x0C00,0x0C00,0x0C00,0x0C20,0x0800,0x0C00,0x0C00,0x1062,0x1483,0x1483,0x0C20,0x0800,
    0x0C41,0x1062,0x0C21,0x1483,0x1483,0x1483,0x1483,0x0C20,0x1062,0x190A,0x1909,0x1083,0x1061,0x1062,0x190A,0x1909,
    0x1909,0x18C6,0x1041,0x14A5,0x14C6,0x1083,0x1909,0x1908,0x1909,0x1909,0x18E7,0x1482,0x1061,0x1084,0x18E8,0x0C85,
    0x0C84,0x0400,0x1062,0x1061,0x10A6,0x25D1,0x216E,0x14E8,0x190A,0x1D2A,0x14C6,0x14A4,0x0C20,0x0C00,0x0C00,0x0C00,
    0x0C00,0x0C00,0x0C00,0x0821,0x218E,0x2190,0x1D4C,0x18E7,0x1063,0x14C7,0x1909,0x14E8,0x18C6,0x1062,0x1462,0x0400,
    0x14C8,0x1D6D,0x14E7,0x1908,0x14E7,0x1062,0x1482,0x1041,0x0800,0x0C20,0x1083,0x1083,0x1083,0x0C00,0x0C00,0x0C00,
    0x0800,0x1062,0x1482,0x1462,0x1084,0x18E7,0x1062,0x1062,0x14C7,0x14E8,0x192B,0x14E8,0x0400,0x0C00,0x0800,0x1062,
    0x1483,0x0C20,0x1062,0x1062,0x14C5,0x1908,0x1062,0x1062,0x14C6,0x1D4C,0x1D4C,0x1909,0x21B1,0x10A6,0x0400,0x0C00,
    0x0C00,0x0800,0x1061,0x1482,0x1062,0x1082,0x18E7,0x1908,0x1D4B,0x0400,0x0C20,0x1482,0x1482,0x1482,0x18C6,0x1D4C,
    0x1D2A,0x1084,0x0C20,0x1083,0x18E7,0x18E7,0x1D4C,0x18E8,0x0C20,0x1062,0x1062,0x18C5,0x14A4,0x0C20,0x0C84,0x10A7,
    0x0C84,0x1908,0x18E7,0x18E7,0x18E7,0x0C21,0x0C00,0x0800,0x1041,0x1483,0x1483,0x0C20,0x0800,0x0C20,0x1083,0x1483,
    0x0C20,0x0800,0x0800,0x1062,0x1041,0x0800,0x0C00,0x0C00,0x0C00,0x0C00,0x0C00,0x1062,0x0C20,0x0C00,0x0C00,0x0C00,
    0x0C00,0x0C00,0x0C00,0x0C00,0x0C00,0x0C00,0x0C00,0x0C00,0x0C00,0x0C00,0x0C00,0x0C00,0x0C00,0x0C00,0x0C00,0x0C00,
    0x0C00,0x0C00,0x0C00,0x0C00,0x0C00,0x0C00,0x0C00,0x0C00,0x0C00,0x0C00,0x0C00,0x0C00,0x0C00,0x0C00,0x0C00,0x0C00,
    0x0C00,0x0C00,0x0C00,0x0C00,0x0C00,0x0C00,0x0C00,0x0C00,0x0C00,0x0C00,0x0C00,0x0C00,0x0C00,0x0C00,0x0C00,0x0C00,
    0x0C00,0x0C00,0x0C00,0x0C00,0x0800,0x0C21,0x0C00,0x0C00,0x0C00,0x0C00,0x0800,0x1062,0x1483,0x1041,0x0800,0x0C20,
    0x1041,0x1062,0x1062,0x1083,0x1083,0x1483,0x1062,0x0800,0x14C5,0x192B,0x14E8,0x1083,0x1482,0x0C00,0x18E7,0x1909,
    0x1909,0x18C5,0x1041,0x0C42,0x0C64,0x216E,0x216E,0x14E8,0x1909,0x1909,0x1083,0x1062,0x1482,0x0C21,0x1909,0x10A5,
    0x0800,0x1041,0x1462,0x1041,0x0C84,0x21B0,0x216E,0x1909,0x18E7,0x14C6,0x1D2A,0x18E7,0x1062,0x0800,0x0C00,0x0C00,
    0x0C00,0x0C00,0x0C00,0x0800,0x218E,0x21B0,0x1D4C,0x14E8,0x1062,0x14C7,0x1909,0x1909,0x14C6,0x1062,0x1482,0x0400,
    0x14C8,0x1D6D,0x14E8,0x1909,0x14E7,0x1062,0x1482,0x1041,0x0800,0x0C20,0x1062,0x1083,0x0C41,0x0800,0x0C00,0x0C00,
    0x0800,0x1041,0x1483,0x1462,0x1083,0x18E7,0x1063,0x1062,0x14C6,0x1908,0x1909,0x1D6D,0x0821,0x0800,0x0800,0x1062,
    0x1083,0x0C21,0x1482,0x1062,0x1083,0x1908,0x1084,0x1062,0x14A5,0x1D2B,0x1909,0x1909,0x218E,0x14C6,0x1083,0x0800,
    0x0C00,0x0C00,0x0C00,0x1062,0x1462,0x1483,0x14C6,0x1908,0x1908,0x0C84,0x0C21,0x1482,0x1462,0x1062,0x1483,0x1909,
    0x1908,0x1083,0x0C20,0x14C5,0x1908,0x18E8,0x1908,0x14A5,0x0C20,0x1462,0x1062,0x18C6,0x1483,0x1041,0x0821,0x14C9,
    0x0842,0x18E7,0x18E7,0x18E7,0x18E7,0x18E7,0x0C21,0x0800,0x0C20,0x1483,0x14A4,0x1062,0x0C00,0x0800,0x0C41,0x1483,
    0x0C00,0x0800,0x0800,0x0C20,0x1482,0x0C20,0x0800,0x0C00,0x0C00,0x0C00,0x0800,0x1062,0x1482,0x0800,0x0C00,0x0C00,
    0x0C00,0x0C00,0x0C00,0x0C00,0x0C00,0x0C00,0x0C00,0x0C00,0x0C00,0x0C00,0x0C00,0x0C00,0x0C00,0x0C00,0x0C00,0x0C00,
    0x0C00,0x0C00,0x0C00,0x0C00,0x0C00,0x0C00,0x0C00,0x0C00,0x0C00,0x0C00,0x0C00,0x0C00,0x0C00,0x0C00,0x0C00,0x0C00,
    0x0C00,0x0C00,0x0C00,0x0C00,0x0C00,0x0C00,0x0C00,0x0C00,0x0C00,0x0C00,0x0C00,0x0C00,0x0C00,0x0C00,0x0C00,0x0C00,
    0x0C00,0x0C00,0x0C00,0x0800,0x1041,0x1062,0x0800,0x0C00,0x0C00,0x0C00,0x0800,0x1062,0x1483,0x0C20,0x0C00,0x0C21,
    0x1062,0x1483,0x1483,0x1483,0x1483,0x1483,0x0C20,0x0800,0x14C5,0x1909,0x14E8,0x1483,0x1483,0x0C20,0x1908,0x1909,
    0x1908,0x1083,0x1462,0x0400,0x1D4C,0x25D1,0x2190,0x1D6F,0x192B,0x1062,0x18E8,0x25D1,0x1908,0x0C84,0x192B,0x0400,
    0x1041,0x1482,0x1062,0x1062,0x0800,0x1D6D,0x2190,0x192B,0x18E7,0x18E7,0x1D2A,0x1484,0x1062,0x0C00,0x0C00,0x0C00,
    0x0C00,0x0C00,0x0800,0x0C64,0x2190,0x218E,0x1D4C,0x1908,0x1083,0x0800,0x14E8,0x1908,0x14A4,0x1062,0x1041,0x0800,
    0x192B,0x190A,0x14E8,0x1909,0x14E7,0x1062,0x1462,0x1482,0x0C00,0x0C20,0x0C41,0x1483,0x1041,0x0800,0x0C00,0x0C00,
    0x0800,0x1041,0x1083,0x1462,0x1083,0x1908,0x1083,0x0C20,0x14A4,0x1908,0x14E8,0x216E,0x1909,0x0400,0x0C00,0x0C20,
    0x14A4,0x1062,0x1062,0x1482,0x1061,0x14C6,0x18E8,0x1062,0x14C5,0x1909,0x14E8,0x1D4D,0x1D2B,0x0821,0x18E7,0x1084,
    0x0800,0x0C00,0x0800,0x0C20,0x1062,0x14A4,0x18E7,0x14C6,0x14C6,0x216E,0x0821,0x1482,0x1062,0x1062,0x1062,0x18E7,
    0x18C6,0x1462,0x1062,0x1062,0x18E7,0x1908,0x1908,0x18E7,0x0820,0x1041,0x1062,0x18C5,0x1083,0x1062,0x0800,0x14C8,
    0x0C85,0x14A5,0x18E7,0x18E7,0x18E7,0x1908,0x14A5,0x0800,0x0C00,0x1041,0x1483,0x1483,0x0C20,0x0800,0x0800,0x1462,
    0x0C20,0x0C00,0x0C00,0x0800,0x1041,0x1483,0x0C00,0x0800,0x0C00,0x0C00,0x0800,0x0C00,0x1483,0x0C41,0x0800,0x0C00,
    0x0C00,0x0C00,0x0C00,0x0C00,0x0C00,0x0C00,0x0C00,0x0C00,0x0C00,0x0C00,0x0C00,0x0C00,0x0C00,0x0C00,0x0C00,0x0C00,
    0x0C00,0x0C00,0x0C00,0x0C00,0x0C00,0x0C00,0x0C00,0x0C00,0x0C00,0x0C00,0x0C00,0x0C00,0x0C00,0x0C00,0x0C00,0x0C00,
    0x0C00,0x0C00,0x0C00,0x0C00,0x0C00,0x0C00,0x0C00,0x0C00,0x0C00,0x0C00,0x0C00,0x0C00,0x0C00,0x0C00,0x0C00,0x0C00,
    0x0C00,0x0C00,0x0800,0x0C20,0x1482,0x0C20,0x0800,0x0800,0x0C00,0x0800,0x0C20,0x1483,0x1062,0x0C00,0x0C00,0x0C41,
    0x1483,0x1483,0x1483,0x0C21,0x1483,0x1062,0x0800,0x0C20,0x14A4,0x1909,0x18E8,0x14A4,0x1482,0x0C00,0x1483,0x18E7,
    0x1084,0x1482,0x1061,0x0C42,0x1D6F,0x1D6E,0x190A,0x216E,0x14C5,0x0C21,0x21B1,0x21B1,0x10A5,0x14E9,0x14C8,0x0400,
    0x1062,0x1062,0x1062,0x1062,0x0C21,0x2190,0x1D4D,0x1909,0x1908,0x14E7,0x14A4,0x1483,0x1062,0x0C00,0x0C00,0x0C00,
    0x0C00,0x0C00,0x0800,0x1909,0x25D1,0x1D4C,0x1D4C,0x1909,0x14A4,0x0820,0x18E8,0x18E8,0x1083,0x1482,0x0C20,0x0800,
    0x2190,0x1909,0x18E8,0x1908,0x18E7,0x1062,0x1462,0x1062,0x0C20,0x0800,0x0C41,0x1483,0x0C20,0x0C00,0x0C00,0x0800,
    0x0800,0x1041,0x1083,0x1462,0x1083,0x1908,0x1083,0x0C20,0x1082,0x14C6,0x14E8,0x190A,0x1D6D,0x0400,0x0800,0x0C00,
    0x14A4,0x1062,0x1062,0x1482,0x1062,0x1083,0x1908,0x14A5,0x14C5,0x1909,0x14E8,0x218E,0x1D4C,0x0C20,0x1082,0x18E7,
    0x0C42,0x0800,0x0C00,0x0800,0x0C20,0x14A4,0x14E8,0x14C5,0x1909,0x1D6D,0x0821,0x1482,0x1062,0x1062,0x1083,0x14A5,
    0x1084,0x0C41,0x0C20,0x0C20,0x0C42,0x14A5,0x14C6,0x1909,0x1908,0x0C21,0x0C20,0x18C5,0x1483,0x1462,0x1041,0x0842,
    0x14C8,0x0C64,0x1908,0x18E7,0x18E7,0x18E7,0x18E7,0x0C41,0x0800,0x0C20,0x1483,0x1483,0x0C41,0x0800,0x0C00,0x0C20,
    0x0C20,0x0C00,0x0C00,0x0C00,0x0C20,0x1482,0x1062,0x0C20,0x0800,0x0800,0x0C00,0x0800,0x0C20,0x1062,0x0C00,0x0C00,
    0x0C00,0x0C00,0x0C00,0x0C00,0x0C00,0x0C00,0x0C00,0x0C00,0x0C00,0x0C00,0x0C00,0x0C00,0x0C00,0x0C00,0x0C00,0x0C00,
    0x0C00,0x0C00,0x0C00,0x0C00,0x0C00,0x0C00,0x0C00,0x0C00,0x0C00,0x0C00,0x0C00,0x0C00,0x0C00,0x0C00,0x0C00,0x0C00,
    0x0C00,0x0C00,0x0C00,0x0C00,0x0C00,0x0C00,0x0C00,0x0C00,0x0C00,0x0C00,0x0C00,0x0C00,0x0C00,0x0C00,0x0C00,0x0C00,
    0x0C20,0x0C00,0x0C20,0x1061,0x0C20,0x0800,0x0C00,0x0800,0x0800,0x0C20,0x1483,0x1483,0x0C20,0x0800,0x0C00,0x1462,
    0x1483,0x1483,0x1062,0x1041,0x1483,0x0C20,0x0800,0x0C20,0x14A4,0x18C6,0x14C6,0x1483,0x0C20,0x0C20,0x1062,0x14A4,
    0x1083,0x1462,0x0C20,0x18E7,0x1D4D,0x1909,0x14C6,0x1D2A,0x1062,0x216E,0x1D4D,0x1908,0x0842,0x218E,0x0423,0x1061,
    0x1062,0x1063,0x1082,0x1462,0x0C21,0x192C,0x1D4C,0x18E7,0x1908,0x1908,0x1483,0x1062,0x1483,0x0C20,0x0800,0x0C00,
    0x0C00,0x0C00,0x0800,0x1909,0x21B1,0x192B,0x190A,0x18E8,0x1083,0x1062,0x1908,0x14C6,0x1062,0x1483,0x0C20,0x0800,
    0x1D6D,0x1909,0x18E8,0x1908,0x14A4,0x1062,0x1082,0x1062,0x0C20,0x0800,0x1041,0x1483,0x0800,0x0C00,0x0800,0x1062,
    0x0800,0x1041,0x1083,0x1482,0x1062,0x14C5,0x1484,0x0C00,0x1062,0x1084,0x14E8,0x1908,0x218E,0x0C64,0x0800,0x0800,
    0x1083,0x1082,0x1462,0x1462,0x1482,0x1062,0x14C6,0x1908,0x14E8,0x1908,0x1909,0x2190,0x1D4C,0x0C20,0x1462,0x14A5,
    0x1908,0x0820,0x0800,0x0800,0x0C20,0x1083,0x18E7,0x14C6,0x1908,0x2190,0x0821,0x1462,0x1062,0x1062,0x1482,0x0400,
    0x0423,0x18E7,0x18E7,0x25AD,0x25AD,0x25AD,0x25AD,0x18C5,0x1909,0x1D4B,0x0800,0x1083,0x18C6,0x1062,0x1062,0x0821,
    0x10A6,0x0842,0x14C6,0x18E7,0x18E7,0x18E7,0x18E7,0x18C5,0x0800,0x0800,0x1041,0x1483,0x1062,0x0C00,0x0C20,0x0800,
    0x0C00,0x0C00,0x0C00,0x0800,0x0800,0x0C21,0x1483,0x1082,0x1041,0x0C00,0x0800,0x0C00,0x0800,0x1041,0x1062,0x0800,
    0x0C00,0x0C00,0x0C00,0x0C00,0x0C00,0x0C00,0x0C00,0x0C00,0x0C00,0x0C00,0x0C00,0x0C00,0x0C00,0x0C00,0x0C00,0x0C00,
    0x0C00,0x0C00,0x0C00,0x0C00,0x0C00,0x0C00,0x0C00,0x0C00,0x0C00,0x0C00,0x0C00,0x0C00,0x0C00,0x0C00,0x0C00,0x0C00,
    0x0C00,0x0C00,0x0C00,0x0C00,0x0C00,0x0C00,0x0C00,0x0C00,0x0C00,0x0C00,0x0C00,0x0C00,0x0C00,0x0C00,0x0800,0x0C20,
    0x1041,0x0C20,0x0C00,0x0C00,0x0800,0x0C00,0x0C00,0x0C00,0x0800,0x1062,0x1483,0x1061,0x0800,0x0800,0x0C20,0x1483,
    0x1083,0x1483,0x0C41,0x1062,0x1062,0x0800,0x0800,0x0C41,0x14A4,0x1483,0x1483,0x1483,0x0C00,0x1062,0x1909,0x1083,
    0x14A4,0x1061,0x0800,0x14C6,0x1909,0x1908,0x18E8,0x1083,0x1908,0x2190,0x1909,0x18E8,0x0C63,0x150C,0x0800,0x14A4,
    0x1041,0x1083,0x14C5,0x1062,0x0C20,0x190A,0x1D4D,0x18E7,0x18E8,0x18E7,0x14A4,0x1062,0x1483,0x1062,0x0C00,0x0C00,
    0x0C00,0x0C00,0x0400,0x1909,0x21B0,0x1D4C,0x190A,0x18E8,0x1062,0x1062,0x1908,0x14A5,0x1062,0x1483,0x0C20,0x0821,
    0x1D2B,0x14E8,0x1908,0x1908,0x1083,0x1062,0x1062,0x1062,0x0C20,0x0800,0x0C20,0x1482,0x0800,0x0C00,0x0C21,0x1083,
    0x0800,0x0C21,0x1483,0x1482,0x1062,0x1083,0x1083,0x0C00,0x1063,0x1083,0x14E8,0x14E8,0x216E,0x1D2C,0x0400,0x0800,
    0x0C21,0x1483,0x1062,0x1482,0x1482,0x1462,0x1083,0x1908,0x1909,0x18E8,0x1D4C,0x21B1,0x14C7,0x1041,0x1482,0x1062,
    0x14C6,0x1909,0x0800,0x0C00,0x0C00,0x0C20,0x14A4,0x18E8,0x1D2A,0x14C7,0x0821,0x1482,0x1462,0x1062,0x0800,0x0C41,
    0x14A4,0x25AD,0x368D,0x1D48,0x18E7,0x18C5,0x18C5,0x14A4,0x0C42,0x14C7,0x1909,0x0C20,0x18C5,0x1062,0x1483,0x0C21,
    0x0C85,0x0C84,0x1084,0x14C5,0x14A4,0x18E7,0x18E7,0x18C6,0x0800,0x0C00,0x0800,0x1083,0x1482,0x0800,0x1483,0x0C41,
    0x0C00,0x0800,0x1061,0x0C20,0x0800,0x0800,0x1062,0x1082,0x1083,0x1062,0x0800,0x0C00,0x0C00,0x0C00,0x1062,0x0C20,
    0x0800,0x0C00,0x0C00,0x0C00,0x0C00,0x0C00,0x0C00,0x0C00,0x0C00,0x0C00,0x0C00,0x0C00,0x0C00,0x0C00,0x0C00,0x0C00,
    0x0C00,0x0C00,0x0C00,0x0C00,0x0C00,0x0C00,0x0C00,0x0C00,0x0C00,0x0C00,0x0C00,0x0C00,0x0C00,0x0C00,0x0C00,0x0C00,
    0x0C00,0x0C00,0x0C00,0x0C00,0x0C00,0x0C00,0x0C00,0x0C00,0x0C00,0x0C00,0x0C00,0x0C00,0x0C00,0x0800,0x0C20,0x1041,
    0x0C20,0x0C00,0x0C00,0x0C00,0x0C00,0x0800,0x0C00,0x0800,0x1041,0x1483,0x1482,0x0C20,0x0800,0x0800,0x1041,0x1483,
    0x1483,0x1062,0x0C20,0x1483,0x0C20,0x0800,0x0C20,0x1483,0x14A4,0x1483,0x14A4,0x1062,0x0C00,0x14A5,0x1D2A,0x18C6,
    0x14A4,0x0C20,0x0C84,0x190A,0x1D6D,0x1D4D,0x1909,0x1062,0x1909,0x1909,0x192B,0x1084,0x14C8,0x14C9,0x0800,0x14A4,
    0x1041,0x1083,0x14C6,0x1062,0x0C20,0x14E9,0x1D6D,0x14E7,0x18E8,0x18E7,0x18C6,0x1062,0x1483,0x1061,0x0800,0x0C00,
    0x0C00,0x0C00,0x0400,0x1909,0x1D6D,0x192B,0x192B,0x18E7,0x1041,0x1062,0x1908,0x14A5,0x1062,0x1483,0x0C20,0x0800,
    0x1909,0x1908,0x1908,0x14C6,0x1062,0x1062,0x1462,0x1062,0x0C20,0x0800,0x0800,0x0C20,0x0800,0x0800,0x1083,0x1062,
    0x0800,0x0800,0x1062,0x1482,0x1482,0x1062,0x0C21,0x0C21,0x1484,0x1062,0x14C6,0x14E8,0x192B,0x2190,0x0423,0x0800,
    0x1062,0x14C6,0x1062,0x1482,0x1462,0x1462,0x1062,0x14C6,0x1909,0x1908,0x216E,0x21B0,0x0C64,0x1061,0x1083,0x1062,
    0x1083,0x1D4C,0x14C6,0x0800,0x0C20,0x0C20,0x0800,0x14C5,0x1909,0x0400,0x1062,0x1482,0x1462,0x0821,0x1D48,0x25AD,
    0x18E5,0x18E7,0x18E7,0x0C21,0x0820,0x1062,0x1083,0x10A5,0x1909,0x1D4B,0x218E,0x0821,0x1483,0x1483,0x1082,0x1483,
    0x0842,0x14C7,0x0842,0x18E7,0x14A4,0x1484,0x18E7,0x18E7,0x0C20,0x0C00,0x0800,0x0C21,0x1483,0x0C20,0x1062,0x1062,
    0x0800,0x0800,0x1041,0x1062,0x0800,0x0800,0x1041,0x1083,0x1062,0x1083,0x1062,0x0C00,0x0800,0x0800,0x0C00,0x1041,
    0x0C00,0x0C00,0x0800,0x0C00,0x0C00,0x0800,0x0C00,0x0C00,0x0C00,0x0C00,0x0C00,0x0C00,0x0C00,0x0C00,0x0C00,0x0C00,
    0x0C00,0x0C00,0x0C00,0x0C00,0x0C00,0x0C00,0x0C00,0x0C00,0x0C00,0x0C00,0x0C00,0x0C00,0x0C00,0x0C00,0x0C00,0x0C00,
    0x0C00,0x0C00,0x0C00,0x0C00,0x0C00,0x0C00,0x0C00,0x0C00,0x0800,0x0800,0x0C00,0x0800,0x0C20,0x1062,0x1041,0x0800,
    0x0C00,0x0C00,0x0800,0x0C00,0x0C00,0x0C00,0x0800,0x0C21,0x1083,0x1483,0x1061,0x0800,0x0800,0x0800,0x1062,0x1482,
    0x1483,0x1062,0x0C20,0x1062,0x0800,0x0800,0x1062,0x14A4,0x1483,0x1483,0x14A4,0x1041,0x0C20,0x18E8,0x1909,0x1908,
    0x1482,0x0C21,0x218E,0x1D4D,0x14E8,0x14E8,0x14C6,0x1083,0x1908,0x1909,0x1909,0x0C42,0x192C,0x0C65,0x0C41,0x18C5,
    0x1062,0x1084,0x1908,0x1083,0x1041,0x0C64,0x1D4C,0x1D4B,0x18E7,0x18E7,0x18C6,0x1062,0x1483,0x1041,0x0C20,0x0C20,
    0x0800,0x0C20,0x1083,0x14E8,0x192B,0x192B,0x1909,0x14A5,0x1041,0x1062,0x1908,0x14A5,0x1061,0x1482,0x0C20,0x0400,
    0x1084,0x1909,0x1908,0x1083,0x1062,0x1062,0x1462,0x1062,0x0C20,0x0800,0x0C00,0x0C00,0x0800,0x0C20,0x1083,0x0C20,
    0x0800,0x0800,0x1062,0x1482,0x1482,0x1062,0x1041,0x1041,0x1484,0x1484,0x1084,0x14E8,0x1909,0x21B1,0x14E8,0x0400,
    0x0C41,0x14A4,0x1462,0x1482,0x1462,0x1462,0x1062,0x14C6,0x1909,0x1908,0x216E,0x21B0,0x0C84,0x1061,0x1062,0x1462,
    0x1062,0x18E8,0x216C,0x0C63,0x0C20,0x1483,0x0800,0x0400,0x1062,0x0800,0x1062,0x1462,0x0C21,0x25AD,0x25AD,0x1062,
    0x0800,0x0800,0x0401,0x0400,0x1083,0x18E7,0x1908,0x216C,0x216E,0x216C,0x216E,0x1084,0x1041,0x14A5,0x1061,0x14A5,
    0x0C42,0x10A6,0x0C63,0x14C6,0x18E7,0x14A5,0x1083,0x18E7,0x1062,0x0800,0x0C20,0x0800,0x1062,0x0C21,0x0C20,0x1483,
    0x0C20,0x0800,0x0800,0x1082,0x1061,0x0800,0x0800,0x1041,0x1483,0x1082,0x1083,0x1062,0x0800,0x0800,0x0C00,0x0C00,
    0x0800,0x0C20,0x1041,0x1483,0x1062,0x0C41,0x0800,0x0800,0x0C00,0x0C00,0x0C00,0x0C00,0x0C00,0x0C00,0x0C00,0x0C00,
    0x0C00,0x0C00,0x0C00,0x0C00,0x0C00,0x0C00,0x0C00,0x0C00,0x0C00,0x0C00,0x0C00,0x0C00,0x0C00,0x0C00,0x0C00,0x0C00,
    0x0C00,0x0C00,0x0C00,0x0C00,0x0C00,0x0C00,0x0C00,0x0C00,0x1041,0x1041,0x1482,0x1483,0x1462,0x0C20,0x0800,0x0C00,
    0x0C00,0x0C00,0x0C00,0x0C00,0x0C00,0x0800,0x0C21,0x1083,0x1083,0x1062,0x0800,0x0800,0x0800,0x1062,0x1482,0x1062,
    0x1483,0x0C41,0x1041,0x0C20,0x0800,0x1062,0x14A4,0x14A4,0x1483,0x1083,0x14A4,0x0C20,0x0C42,0x1908,0x1908,0x1909,
    0x1061,0x10A5,0x1D6D,0x14E8,0x14E8,0x1909,0x14C6,0x1062,0x1909,0x1909,0x18E7,0x0C63,0x1D6E,0x0423,0x1062,0x18E7,
    0x1084,0x14A5,0x1908,0x1484,0x1061,0x0C84,0x2190,0x218E,0x18E7,0x18C6,0x14A4,0x1062,0x1483,0x1061,0x1062,0x0C20,
    0x0800,0x1083,0x14A4,0x0821,0x192B,0x1D2B,0x18E8,0x1063,0x1041,0x1083,0x1908,0x14C5,0x1061,0x1482,0x0C20,0x0800,
    0x1084,0x1909,0x1908,0x1083,0x1062,0x1083,0x1062,0x1082,0x0C20,0x0800,0x0C00,0x0800,0x0C21,0x14C6,0x14A4,0x0800,
    0x0800,0x0800,0x1062,0x1482,0x1482,0x1062,0x1041,0x1062,0x1062,0x14A4,0x14C7,0x18E8,0x14E8,0x1D4C,0x216E,0x0842,
    0x0800,0x0C20,0x1062,0x1062,0x1062,0x1482,0x1062,0x1083,0x1908,0x14E8,0x1D4C,0x21B0,0x0C63,0x1061,0x1482,0x1482,
    0x1062,0x1083,0x1D4B,0x192B,0x0821,0x1062,0x1061,0x0C42,0x0400,0x0800,0x1462,0x0C20,0x1D48,0x25AD,0x0820,0x0C20,
    0x1041,0x0400,0x14C8,0x14C8,0x0C21,0x18E7,0x18E7,0x1D2A,0x1909,0x1D4C,0x216C,0x1908,0x0C20,0x18C5,0x1062,0x1483,
    0x1062,0x0C64,0x0C85,0x1084,0x18E7,0x18E7,0x14A4,0x14A4,0x18E7,0x0C20,0x0C00,0x0800,0x1061,0x1062,0x0C21,0x1483,
    0x0C21,0x0800,0x0C00,0x0C20,0x1482,0x1041,0x0800,0x0C00,0x0C20,0x1083,0x1483,0x1083,0x1062,0x0C00,0x0800,0x0800,
    0x0C00,0x0800,0x0C00,0x0C41,0x1062,0x1483,0x1062,0x0C20,0x0C00,0x0800,0x0C00,0x0C00,0x0C00,0x0C00,0x0C00,0x0C00,
    0x0C00,0x0C00,0x0C00,0x0C00,0x0C00,0x0C00,0x0C00,0x0C00,0x0C00,0x0C00,0x0C00,0x0C00,0x0C00,0x0C00,0x0C00,0x0C00,
    0x0C00,0x0C00,0x0C00,0x0C00,0x0800,0x0C21,0x1041,0x0C00,0x0C20,0x0C20,0x0C20,0x0C20,0x0800,0x0800,0x0800,0x0C00,
    0x0C00,0x0C00,0x0800,0x0800,0x0800,0x1041,0x1483,0x1482,0x1061,0x0C00,0x0800,0x0C20,0x1062,0x1482,0x1083,0x1083,
    0x0C20,0x0C00,0x1062,0x0800,0x0800,0x1483,0x1483,0x14A4,0x1062,0x1483,0x1483,0x0C42,0x14E7,0x18C6,0x14C6,0x1908,
    0x1061,0x10A5,0x192B,0x1908,0x1909,0x1909,0x14C6,0x1083,0x216E,0x1909,0x14A4,0x14C8,0x150C,0x0400,0x1483,0x1908,
    0x1084,0x14C6,0x1908,0x18C6,0x1062,0x0C21,0x1D6D,0x218E,0x18E7,0x14A4,0x1062,0x1062,0x1062,0x0C20,0x1041,0x0C00,
    0x0C42,0x1908,0x1483,0x0C20,0x1D2B,0x1909,0x14E8,0x1062,0x1041,0x14C5,0x1909,0x14A4,0x1062,0x1062,0x0C20,0x0800,
    0x1084,0x1909,0x18C6,0x1062,0x1484,0x14A4,0x1062,0x1062,0x0C00,0x0C00,0x0800,0x0C42,0x14C6,0x14C6,0x1062,0x0800,
    0x0C00,0x0800,0x1061,0x1482,0x1062,0x1062,0x1041,0x1041,0x1062,0x1083,0x1908,0x1908,0x18E8,0x1909,0x2190,0x190A,
    0x0400,0x0800,0x0C21,0x1482,0x1062,0x1061,0x1062,0x1083,0x1908,0x14E8,0x192B,0x21B1,0x10A6,0x1061,0x1482,0x1482,
    0x1482,0x1062,0x14C5,0x216E,0x0C64,0x0C41,0x1062,0x1909,0x14E8,0x0400,0x0C20,0x1483,0x18C5,0x0800,0x0C41,0x1062,
    0x1462,0x0C20,0x0842,0x150C,0x0821,0x18E7,0x18E7,0x18E7,0x18E7,0x1D4C,0x216E,0x1D4B,0x0821,0x14A4,0x1083,0x1061,
    0x1483,0x0842,0x14C7,0x0C63,0x18E7,0x14C6,0x18E7,0x14A5,0x18E7,0x1062,0x0800,0x0C00,0x0C20,0x1483,0x1041,0x1082,
    0x1483,0x0C20,0x0C20,0x1061,0x0C20,0x1483,0x0C20,0x0800,0x0C00,0x0C20,0x1062,0x1062,0x1483,0x1062,0x0C20,0x0800,
    0x0C00,0x0800,0x0800,0x0800,0x0800,0x0C20,0x1062,0x1483,0x1062,0x0C20,0x0C00,0x0800,0x0C00,0x0800,0x0800,0x0800,
    0x0C00,0x0800,0x0800,0x0800,0x0800,0x0800,0x0800,0x0C00,0x0C00,0x0C00,0x0C00,0x0C00,0x0C00,0x0C00,0x0C00,0x0C00,
    0x0C00,0x0C00,0x0C00,0x0C00,0x0C00,0x0800,0x0800,0x0C00,0x0800,0x0800,0x0800,0x0C00,0x0C00,0x0C00,0x0C00,0x0C00,
    0x0800,0x0C00,0x0C20,0x1041,0x1462,0x1062,0x1041,0x0C00,0x0800,0x0800,0x0800,0x1062,0x1083,0x1063,0x1483,0x0C20,
    0x0C20,0x1062,0x0C20,0x0800,0x1041,0x14A4,0x1483,0x1483,0x0C21,0x14A4,0x0C20,0x1D2B,0x1D4C,0x1084,0x18C6,0x14C6,
    0x0C20,0x1084,0x192B,0x1909,0x1909,0x1909,0x18C6,0x1083,0x1908,0x14C6,0x1084,0x14E9,0x14C8,0x0800,0x18E7,0x1908,
    0x1062,0x14C6,0x1908,0x14C6,0x1482,0x0C20,0x1D2B,0x216C,0x14E7,0x1062,0x1062,0x1062,0x1462,0x0800,0x0800,0x0800,
    0x18E7,0x14A4,0x1482,0x0C21,0x192B,0x1908,0x18E8,0x1062,0x1041,0x14C6,0x1908,0x1083,0x1062,0x0C21,0x0C00,0x0800,
    0x1084,0x1908,0x1083,0x1062,0x14A4,0x14A4,0x1062,0x0C41,0x0800,0x0800,0x14C7,0x1909,0x14A5,0x1083,0x1041,0x0800,
    0x0C00,0x0800,0x0C20,0x1483,0x1062,0x1062,0x1041,0x1483,0x1062,0x1061,0x14A4,0x1909,0x18E8,0x14E8,0x218E,0x192C,
    0x0400,0x0800,0x0C21,0x1482,0x1082,0x0C21,0x1062,0x1062,0x14C6,0x14E8,0x192B,0x21B1,0x1D2C,0x0C41,0x1483,0x1482,
    0x1462,0x1062,0x1062,0x1D4B,0x10A6,0x0C20,0x1462,0x1484,0x218E,0x1909,0x0800,0x1041,0x0800,0x0C41,0x1062,0x1061,
    0x1061,0x1041,0x0400,0x14EA,0x0C86,0x1083,0x1908,0x18E7,0x18E7,0x1D4B,0x216C,0x216C,0x0C42,0x1062,0x14A5,0x1041,
    0x1482,0x0C21,0x10A6,0x0C64,0x14C6,0x18E7,0x18E7,0x14C5,0x14A5,0x14C5,0x0800,0x0C00,0x0800,0x1041,0x1483,0x1062,
    0x1083,0x1062,0x0C20,0x1483,0x1041,0x0C20,0x1482,0x0800,0x0800,0x0800,0x0800,0x1041,0x1062,0x1483,0x1483,0x0C41,
    0x0800,0x0800,0x0C00,0x0C00,0x0C00,0x0800,0x0800,0x1041,0x1483,0x1482,0x1062,0x0C20,0x0C20,0x1061,0x1061,0x0C20,
    0x0800,0x0C20,0x0C20,0x0C20,0x0C20,0x0C20,0x0C20,0x0C20,0x0C00,0x0C00,0x0C00,0x0C00,0x0C00,0x0C00,0x0C00,0x0C00,
    0x0C00,0x0C00,0x0C00,0x0C00,0x0C00,0x0800,0x0800,0x0800,0x0C00,0x0C00,0x0C00,0x0C00,0x0800,0x0800,0x0800,0x0C20,
    0x1061,0x1483,0x1062,0x1062,0x0C21,0x0800,0x0800,0x0800,0x0800,0x0C20,0x1062,0x1082,0x1062,0x1483,0x0C20,0x0C21,
    0x1483,0x0C20,0x0800,0x0C20,0x1483,0x1483,0x14A4,0x1063,0x1082,0x0C21,0x0C64,0x1D4C,0x1908,0x18E7,0x18C6,0x14A4,
    0x1041,0x0C20,0x14C5,0x14E8,0x1909,0x1909,0x14A4,0x1062,0x18C5,0x18C5,0x0821,0x1D2C,0x0422,0x1062,0x1909,0x1908,
    0x1062,0x14C6,0x1908,0x14C6,0x1062,0x0C41,0x14C7,0x1909,0x14A4,0x0C20,0x14A4,0x1482,0x0C41,0x0400,0x0400,0x14C7,
    0x14C5,0x1062,0x1062,0x0821,0x1D2B,0x1908,0x18E8,0x1062,0x1062,0x1908,0x14C6,0x1062,0x1062,0x0800,0x0C00,0x0800,
    0x1484,0x18E7,0x1062,0x1062,0x1484,0x14A4,0x1062,0x0C00,0x0400,0x14E8,0x21B0,0x14E7,0x1062,0x1082,0x0C41,0x0800,
    0x0800,0x0800,0x0C41,0x1483,0x1062,0x1062,0x1062,0x14C5,0x1062,0x1462,0x1062,0x18E7,0x1908,0x18E8,0x1D6D,0x21B1,
    0x0C63,0x0800,0x0800,0x1062,0x1483,0x1041,0x1041,0x1062,0x14A5,0x18E8,0x190A,0x21B0,0x1D2C,0x1061,0x1483,0x1062,
    0x1083,0x1482,0x1041,0x14C6,0x190A,0x0800,0x1483,0x1062,0x1909,0x25D1,0x14C7,0x0800,0x1062,0x1061,0x1061,0x14C5,
    0x1484,0x1061,0x0C00,0x10A7,0x192C,0x0800,0x18E7,0x1908,0x18E7,0x1908,0x216C,0x216C,0x0C42,0x0C21,0x18C5,0x1041,
    0x1062,0x1061,0x0C64,0x10A6,0x1084,0x18E7,0x18E7,0x18C6,0x14A4,0x18C6,0x1083,0x0800,0x0C00,0x0800,0x1061,0x1483,
    0x1482,0x1483,0x1062,0x1041,0x1483,0x0C20,0x0C20,0x1062,0x0C41,0x0800,0x0800,0x0800,0x0C00,0x0C20,0x0C21,0x1462,
    0x1061,0x1041,0x0800,0x0800,0x0800,0x0800,0x0800,0x0C00,0x0C21,0x0800,0x0C20,0x0C20,0x0C00,0x0C00,0x0C00,0x0C00,
    0x0800,0x0C20,0x0C20,0x0C20,0x0C20,0x0C20,0x0C20,0x0C20,0x0C00,0x0C00,0x0C00,0x0C00,0x0C00,0x0C00,0x0C00,0x0C00,
    0x0C00,0x0C00,0x0C00,0x0C00,0x0800,0x0800,0x0C00,0x0C00,0x0C00,0x0C00,0x0C00,0x0800,0x0C00,0x1041,0x0C41,0x1482,
    0x1061,0x0C20,0x0800,0x0800,0x0800,0x0800,0x0800,0x0C00,0x0C41,0x1062,0x1062,0x1062,0x1462,0x0C21,0x0C41,0x1062,
    0x0800,0x0800,0x0800,0x1062,0x1483,0x1483,0x1483,0x14A4,0x1483,0x0800,0x14C6,0x14E8,0x18E8,0x14C6,0x18E7,0x1083,
    0x1041,0x0C21,0x1062,0x1062,0x14C5,0x14C5,0x1062,0x1062,0x1482,0x1062,0x10A6,0x14E9,0x0000,0x1083,0x1908,0x18E8,
    0x1062,0x14C6,0x1908,0x14C6,0x1062,0x1462,0x0C20,0x14A5,0x0C20,0x14A4,0x18C5,0x1482,0x0C20,0x0400,0x1D2C,0x1D2B,
    0x1061,0x1462,0x0800,0x10A6,0x1D6D,0x1908,0x14C6,0x1041,0x1083,0x18E8,0x1083,0x1062,0x1041,0x0800,0x0C20,0x0800,
    0x1083,0x14A4,0x1062,0x1061,0x18E7,0x18C5,0x0C20,0x0820,0x14E9,0x218E,0x190A,0x1083,0x1462,0x1082,0x0C20,0x0800,
    0x0C00,0x0800,0x0C20,0x1062,0x1062,0x1062,0x1062,0x18E7,0x1062,0x1462,0x1061,0x1484,0x1908,0x18E7,0x192B,0x21B1,
    0x0842,0x0800,0x0C00,0x1062,0x1062,0x1062,0x0C41,0x1062,0x1063,0x18E7,0x14E8,0x218E,0x1D6D,0x0C21,0x1482,0x1062,
    0x14C6,0x14A5,0x1061,0x1083,0x1D4B,0x0C64,0x1062,0x1482,0x1083,0x1D4C,0x2190,0x0C63,0x0C20,0x1061,0x14A4,0x18E7,
    0x18E7,0x1083,0x1041,0x0800,0x150C,0x0C85,0x1061,0x18E7,0x18E8,0x14E7,0x216C,0x1D2A,0x1083,0x0820,0x14A4,0x1041,
    0x1062,0x1083,0x0C42,0x14C8,0x0842,0x18E7,0x14C6,0x18C6,0x18C6,0x18C6,0x18C6,0x0C20,0x0C00,0x0C00,0x0C00,0x0C41,
    0x1082,0x1483,0x1483,0x1482,0x1062,0x1483,0x0C20,0x0C20,0x1483,0x1062,0x0C41,0x0C41,0x0800,0x0800,0x0C00,0x0C00,
    0x0C20,0x1482,0x1041,0x0C21,0x1041,0x1041,0x0C00,0x0800,0x0800,0x0C00,0x0C00,0x0C00,0x0C00,0x0800,0x0800,0x0C00,
    0x0C00,0x0C00,0x0800,0x0800,0x0800,0x0C00,0x0C00,0x0C00,0x0C00,0x0C00,0x0C00,0x0C00,0x0800,0x0800,0x0800,0x0800,
    0x0800,0x0800,0x0800,0x0800,0x0C00,0x0C00,0x0C00,0x0C00,0x0800,0x0C00,0x0C00,0x0800,0x0C20,0x0C20,0x0800,0x0800,
    0x0800,0x0800,0x0C00,0x1041,0x1041,0x0C41,0x1041,0x1462,0x1482,0x1462,0x1062,0x1062,0x1062,0x1062,0x1062,0x0800,
    0x0800,0x0800,0x1041,0x14A4,0x1483,0x1483,0x1083,0x1483,0x0C20,0x10A5,0x1908,0x14E8,0x14E8,0x1484,0x18E7,0x1083,
    0x0C20,0x1041,0x1082,0x1061,0x14A4,0x1908,0x1483,0x1482,0x14A5,0x1062,0x190A,0x14C8,0x0400,0x1483,0x1908,0x1084,
    0x14A5,0x1908,0x1908,0x1083,0x1062,0x1062,0x0C20,0x0C20,0x1084,0x1908,0x1483,0x1483,0x0800,0x14C8,0x2190,0x14E8,
    0x1062,0x1041,0x0400,0x1D2C,0x190A,0x1909,0x14C6,0x1041,0x18C6,0x1484,0x1062,0x1062,0x0C20,0x0800,0x0C00,0x0800,
    0x0C42,0x1083,0x1062,0x0C21,0x14C5,0x1062,0x0800,0x1D2C,0x21B0,0x192B,0x14A4,0x1062,0x1062,0x1062,0x0800,0x0800,
    0x0C00,0x0C00,0x0800,0x1062,0x1482,0x1462,0x0C21,0x14C6,0x1484,0x1062,0x1062,0x1083,0x1908,0x14E8,0x1909,0x2190,
    0x0C63,0x0800,0x0800,0x0C21,0x1482,0x1082,0x1041,0x1041,0x1083,0x18E7,0x14E8,0x218E,0x1D4D,0x0800,0x1462,0x1062,
    0x1484,0x18E8,0x1063,0x1062,0x1D4B,0x14C7,0x0C20,0x1483,0x1062,0x10A5,0x2190,0x14C8,0x0800,0x1061,0x1083,0x18E7,
    0x18E7,0x14A5,0x1061,0x0800,0x10A6,0x150C,0x0C21,0x1483,0x14C6,0x18E8,0x216C,0x14C6,0x14A5,0x0800,0x1483,0x1062,
    0x1041,0x14A4,0x0800,0x14C6,0x1062,0x1084,0x18E7,0x18C6,0x14C6,0x18C6,0x18E7,0x1083,0x0800,0x0C00,0x0C00,0x0800,
    0x0C20,0x1041,0x1462,0x1483,0x1062,0x1062,0x1483,0x1062,0x1062,0x1083,0x1083,0x1483,0x1062,0x0C21,0x0C00,0x0C00,
    0x0800,0x0800,0x0800,0x0800,0x0800,0x0C00,0x0800,0x0C00,0x0C00,0x0C00,0x0C00,0x0C00,0x0800,0x0C00,0x0C00,0x0C00,
    0x0800,0x0800,0x0800,0x0800,0x0800,0x0800,0x0C00,0x0C00,0x0800,0x0800,0x0800,0x0800,0x0C20,0x0C21,0x0C21,0x0C21,
    0x0C41,0x1062,0x1062,0x1062,0x1062,0x1062,0x1062,0x1062,0x1041,0x1041,0x0C20,0x0800,0x0800,0x0800,0x0C21,0x0C21,
    0x0C21,0x1062,0x1083,0x1483,0x1483,0x1483,0x1483,0x1483,0x1482,0x1462,0x1462,0x1041,0x0800,0x0800,0x0800,0x0800,
    0x0800,0x0800,0x1483,0x1483,0x1061,0x1062,0x1483,0x1483,0x0C20,0x18E7,0x14E8,0x14E8,0x14C5,0x1083,0x18E7,0x0C41,
    0x0C00,0x1061,0x1462,0x1061,0x14A5,0x18E8,0x1062,0x14C6,0x1909,0x0C84,0x194D,0x0422,0x0C00,0x18E7,0x1909,0x1084,
    0x14C5,0x1908,0x18E8,0x1083,0x1462,0x1061,0x0800,0x14A5,0x1908,0x14A5,0x1483,0x0C20,0x10A6,0x2190,0x1909,0x1083,
    0x1062,0x0C20,0x0821,0x1D4C,0x14E8,0x1908,0x1484,0x1062,0x14A4,0x1082,0x1062,0x1062,0x0C20,0x0800,0x0400,0x14C7,
    0x1908,0x1484,0x1062,0x1041,0x0C20,0x0400,0x1D2B,0x2190,0x192B,0x14A5,0x1062,0x1062,0x1082,0x0C21,0x0800,0x0800,
    0x0C00,0x0C00,0x0C00,0x1041,0x1482,0x1083,0x0C20,0x1084,0x18E7,0x1062,0x1462,0x1062,0x14A5,0x1908,0x14E8,0x218E,
    0x192B,0x0400,0x0800,0x0C21,0x1083,0x1063,0x1062,0x0C20,0x1062,0x18C6,0x14E8,0x216E,0x1D4C,0x0800,0x1462,0x1462,
    0x1062,0x18E7,0x14A5,0x1462,0x14A4,0x1D4B,0x0800,0x1062,0x1082,0x1061,0x192B,0x1D6D,0x0400,0x1041,0x1062,0x14C6,
    0x18E8,0x18C6,0x1062,0x1041,0x0800,0x14EA,0x0C85,0x18C5,0x1062,0x18C6,0x1D4B,0x18E7,0x14A4,0x0800,0x1041,0x14A4,
    0x1061,0x1483,0x0C41,0x14A4,0x18E7,0x0400,0x0C84,0x14C6,0x18C6,0x14A4,0x18E7,0x18C6,0x0C20,0x0C00,0x0C00,0x0C00,
    0x0800,0x0800,0x0800,0x0C41,0x1483,0x1041,0x0C00,0x1062,0x1483,0x1083,0x1083,0x1083,0x1483,0x1483,0x1062,0x1062,
    0x0800,0x0800,0x0800,0x0800,0x0800,0x0C00,0x0C00,0x0C00,0x0C20,0x1061,0x0C21,0x1061,0x1462,0x1062,0x1482,0x1041,
    0x0C21,0x0C41,0x1041,0x1041,0x0C20,0x0C20,0x0C20,0x0C20,0x0C20,0x0C20,0x0C41,0x1062,0x1062,0x1082,0x1482,0x1062,
    0x1462,0x1462,0x1482,0x1482,0x1482,0x1482,0x1482,0x1061,0x1041,0x1041,0x1041,0x1041,0x0C41,0x1041,0x1483,0x1083,
    0x1083,0x1083,0x1083,0x1483,0x1062,0x1041,0x1061,0x1041,0x0C20,0x0C00,0x0C00,0x0C00,0x0800,0x0800,0x0800,0x0800,
    0x0C20,0x1482,0x1062,0x1041,0x1062,0x1483,0x1483,0x1483,0x0C21,0x14C7,0x14E8,0x18E7,0x1083,0x1483,0x1483,0x0800,
    0x1084,0x1908,0x1083,0x1061,0x14A5,0x1062,0x1062,0x18E7,0x14C6,0x0C64,0x192C,0x0800,0x1062,0x1909,0x1909,0x1084,
    0x14A5,0x1908,0x14C6,0x1062,0x1061,0x0400,0x14A5,0x1908,0x14A4,0x1062,0x0C20,0x10A7,0x21B1,0x1D2A,0x18C5,0x1483,
    0x1062,0x0800,0x0820,0x1909,0x14E7,0x18E8,0x1083,0x1062,0x1062,0x1062,0x1082,0x1041,0x0800,0x0C64,0x1909,0x1D2B,
    0x14C6,0x1062,0x1062,0x0C00,0x0C21,0x1D2C,0x218E,0x1909,0x14C7,0x1062,0x1062,0x1062,0x1462,0x0800,0x0800,0x0800,
    0x0C00,0x0C00,0x0C00,0x0800,0x1062,0x1483,0x0C20,0x1062,0x1909,0x1484,0x1062,0x1062,0x1062,0x18E8,0x14E8,0x1D6D,
    0x1D2C,0x0400,0x0C00,0x0C00,0x1062,0x1062,0x1083,0x1041,0x0C20,0x1062,0x18E7,0x192B,0x218E,0x0C42,0x0C20,0x1483,
    0x1062,0x14A4,0x1908,0x1462,0x1062,0x1D4B,0x0423,0x1061,0x1482,0x1062,0x14A5,0x2190,0x0C84,0x0C20,0x1482,0x1062,
    0x14C5,0x18E7,0x1084,0x1041,0x0800,0x10A6,0x14C8,0x14C6,0x18E7,0x1062,0x1908,0x1D4B,0x14C6,0x0C21,0x0C00,0x1482,
    0x1061,0x1062,0x0C41,0x0C21,0x1D48,0x0820,0x14A5,0x1083,0x18E7,0x14A4,0x1484,0x18E7,0x18C6,0x0C20,0x0C00,0x0C00,
    0x0800,0x0800,0x0800,0x0800,0x0C00,0x0C00,0x0800,0x0800,0x0C00,0x0C20,0x1061,0x1462,0x1062,0x1062,0x1082,0x1083,
    0x1062,0x1462,0x1041,0x0C20,0x1041,0x0C00,0x1041,0x1041,0x1061,0x1062,0x1062,0x1082,0x1482,0x1482,0x1482,0x1482,
    0x1041,0x1041,0x1041,0x1061,0x1062,0x1482,0x1462,0x1062,0x1483,0x1482,0x1482,0x1062,0x1462,0x1062,0x1062,0x1462,
    0x1062,0x1062,0x1482,0x1482,0x1482,0x1462,0x1062,0x1062,0x1062,0x1462,0x1462,0x1482,0x1483,0x1482,0x1062,0x1062,
    0x1041,0x0C20,0x0C00,0x0C20,0x0800,0x0800,0x0800,0x0800,0x0C00,0x0C00,0x0800,0x0C00,0x0C20,0x0C00,0x0800,0x0C21,
    0x1483,0x0C41,0x1061,0x1082,0x1083,0x1083,0x1483,0x1062,0x1062,0x14C6,0x1908,0x14A5,0x1062,0x1062,0x0800,0x0842,
    0x2190,0x1D6D,0x18E7,0x1082,0x1483,0x1061,0x14C6,0x1908,0x0C63,0x14EA,0x14EA,0x0400,0x18C6,0x1908,0x14E8,0x1083,
    0x1484,0x1908,0x14C6,0x1482,0x0800,0x14E9,0x21B0,0x14C6,0x1062,0x0C20,0x10A7,0x2190,0x190A,0x18E7,0x1082,0x1483,
    0x0C20,0x0400,0x0C64,0x1D2A,0x14E8,0x14C6,0x1062,0x1062,0x1062,0x1062,0x1482,0x0800,0x10A6,0x21B1,0x216E,0x14E8,
    0x1083,0x1062,0x0C00,0x0C63,0x216E,0x218E,0x1908,0x14E8,0x14A5,0x1062,0x1062,0x1062,0x0C20,0x0800,0x0C00,0x0C00,
    0x0C00,0x0C00,0x0C00,0x0C00,0x0C20,0x1483,0x0C20,0x0800,0x14C7,0x1908,0x1063,0x1062,0x1062,0x14C6,0x1908,0x1D2B,
    0x192C,0x0400,0x0C00,0x0800,0x0C41,0x1483,0x1062,0x1482,0x0C20,0x0C21,0x18E7,0x14E8,0x2190,0x10A5,0x0400,0x1062,
    0x1483,0x1062,0x18E7,0x18C6,0x1061,0x1908,0x14C7,0x0400,0x1483,0x14A5,0x1482,0x1D4B,0x216C,0x0C20,0x1483,0x18C6,
    0x1062,0x14C6,0x14C5,0x1041,0x1062,0x0401,0x14EA,0x0C63,0x1909,0x18E7,0x18E7,0x216C,0x1908,0x1083,0x0800,0x0C00,
    0x0C20,0x0C20,0x1063,0x0C41,0x18E7,0x14A5,0x18E7,0x18E7,0x1084,0x18E7,0x1483,0x1083,0x18E7,0x1062,0x0800,0x0C00,
    0x0800,0x0800,0x0800,0x0800,0x0800,0x0800,0x0C00,0x0C20,0x0800,0x0800,0x0800,0x0800,0x0800,0x0800,0x0C20,0x0C20,
    0x0C20,0x0C20,0x0C20,0x1062,0x1061,0x0C20,0x0800,0x0800,0x0800,0x0800,0x0C20,0x0C00,0x0C20,0x0C20,0x0C20,0x0C20,
    0x0C20,0x1041,0x1041,0x1041,0x1462,0x1462,0x1062,0x1062,0x1062,0x1062,0x1062,0x1062,0x1062,0x1062,0x1062,0x1062,
    0x1062,0x1062,0x1062,0x1062,0x1062,0x1462,0x1062,0x1062,0x1062,0x1482,0x1082,0x1062,0x1482,0x1062,0x0C21,0x0C20,
    0x0C20,0x0C20,0x0C00,0x0C00,0x0C20,0x0C20,0x0C20,0x1061,0x1041,0x1061,0x1062,0x1062,0x1483,0x0C20,0x0C00,0x1483,
    0x1483,0x1062,0x1483,0x1483,0x1483,0x1083,0x0C20,0x0C20,0x14A5,0x14A4,0x18C5,0x1083,0x1041,0x0C21,0x14C7,0x1909,
    0x192B,0x1909,0x1908,0x1082,0x1062,0x1083,0x18E7,0x1908,0x0C63,0x1908,0x0842,0x0C20,0x14C6,0x1908,0x14C6,0x1041,
    0x1484,0x1908,0x14A4,0x0C41,0x14E8,0x25F4,0x1D2B,0x1484,0x0C41,0x14E9,0x21B1,0x1909,0x14C6,0x1083,0x1082,0x0C41,
    0x0800,0x0400,0x192B,0x1D4C,0x14E7,0x14C5,0x1062,0x1062,0x1082,0x1482,0x0C00,0x14C7,0x25D1,0x2190,0x1909,0x1484,
    0x1061,0x0C20,0x0C42,0x1D6F,0x21B0,0x1909,0x14E7,0x1908,0x1083,0x1062,0x1082,0x0C21,0x0800,0x0C00,0x0C00,0x0C00,
    0x0C00,0x0C00,0x0C00,0x0C00,0x0C20,0x1083,0x1062,0x0800,0x0821,0x1908,0x14A4,0x1062,0x1062,0x14A5,0x1908,0x192B,
    0x218E,0x0423,0x0800,0x0800,0x0C20,0x1483,0x1484,0x1083,0x0C20,0x0C21,0x18E7,0x14C6,0x218E,0x10A5,0x0400,0x0C20,
    0x1062,0x1482,0x1083,0x1908,0x14C6,0x14A5,0x14C6,0x0400,0x1041,0x1908,0x18C5,0x18C5,0x14E8,0x0C20,0x1482,0x14A4,
    0x14A5,0x14A4,0x18C6,0x0C41,0x14A4,0x0C42,0x14C9,0x14C8,0x1084,0x1D4B,0x18E7,0x216C,0x1D2A,0x1084,0x0800,0x0C20,
    0x0C20,0x0820,0x1D48,0x18E7,0x1483,0x1D48,0x14A4,0x18E7,0x1062,0x18C5,0x18E7,0x1083,0x14A5,0x1062,0x0800,0x0C20,
    0x0C00,0x1041,0x1061,0x1041,0x1041,0x1061,0x1462,0x1482,0x1062,0x1061,0x1041,0x1041,0x1041,0x0C20,0x0800,0x0800,
    0x0800,0x0C21,0x1041,0x0C41,0x1041,0x1041,0x1041,0x1041,0x1041,0x1041,0x0C41,0x0C41,0x1041,0x1062,0x1062,0x1062,
    0x1483,0x1483,0x1062,0x1482,0x1482,0x1082,0x1062,0x1062,0x1062,0x1082,0x1482,0x1082,0x1083,0x1483,0x1483,0x1483,
    0x1484,0x1484,0x1483,0x1483,0x1083,0x1062,0x1062,0x1062,0x1062,0x1082,0x1082,0x1482,0x1482,0x1482,0x1482,0x1482,
    0x1482,0x1482,0x1482,0x1482,0x1482,0x1062,0x1062,0x1062,0x1062,0x1483,0x1062,0x1041,0x0C41,0x0C20,0x0C20,0x0C20,
    0x0C20,0x0C20,0x0C20,0x1061,0x1061,0x1061,0x1061,0x14A4,0x18E7,0x1908,0x14A4,0x1062,0x0800,0x14C7,0x1909,0x14E8,
    0x14E8,0x18E8,0x14A5,0x1062,0x1062,0x0C21,0x1484,0x1084,0x14A4,0x3231,0x0400,0x0C41,0x18C6,0x14C6,0x1062,0x1041,
    0x14A4,0x18C6,0x1041,0x0C84,0x25F4,0x216E,0x1908,0x1062,0x0C63,0x25D1,0x1D2B,0x14E7,0x1484,0x1062,0x1082,0x0800,
    0x0C00,0x0400,0x190A,0x1D4C,0x18E7,0x14A5,0x1062,0x1062,0x1482,0x0C20,0x10A7,0x21B1,0x216E,0x1909,0x1908,0x14A4,
    0x1041,0x0800,0x1909,0x21B1,0x1D2C,0x14E8,0x18E7,0x14A5,0x1062,0x1062,0x1062,0x0800,0x0C00,0x0C00,0x0C00,0x0C00,
    0x0C00,0x0C00,0x0C00,0x0C00,0x0800,0x1041,0x1082,0x0800,0x0400,0x0C84,0x18E8,0x1062,0x1062,0x1062,0x14C6,0x1909,
    0x21B0,0x0C85,0x0400,0x0C00,0x0800,0x0C20,0x14A5,0x14A5,0x1062,0x0800,0x1084,0x18E7,0x1D4C,0x10A5,0x0800,0x0C00,
    0x0820,0x1062,0x1062,0x1083,0x14C6,0x14A4,0x14A5,0x0400,0x1041,0x1D4C,0x192B,0x18C5,0x1D4B,0x0C21,0x1062,0x1062,
    0x14C6,0x1062,0x14A4,0x1061,0x14A4,0x14A4,0x0C63,0x194D,0x0C63,0x1D2A,0x1909,0x1D4B,0x1D4B,0x18C6,0x0800,0x0800,
    0x0C41,0x0800,0x1462,0x1D48,0x14A4,0x18E7,0x18C5,0x18E5,0x1062,0x14A5,0x14A4,0x18C6,0x14A4,0x14A5,0x1084,0x0C20,
    0x1062,0x1483,0x1483,0x1483,0x1483,0x1483,0x1482,0x1062,0x1082,0x1083,0x1083,0x1062,0x1062,0x1062,0x1483,0x1483,
    0x1482,0x1462,0x1462,0x1462,0x1482,0x1483,0x1082,0x1482,0x1082,0x1462,0x1462,0x1462,0x1462,0x1062,0x1062,0x1062,
    0x1062,0x1083,0x1483,0x1483,0x1062,0x1062,0x1062,0x1061,0x1062,0x1062,0x1062,0x1061,0x1083,0x14A4,0x1484,0x14A4,
    0x14A4,0x14A4,0x14A4,0x14A5,0x14A4,0x1062,0x1062,0x1062,0x1062,0x1062,0x1062,0x1062,0x1062,0x1062,0x1062,0x1062,
    0x1062,0x1062,0x1462,0x1062,0x1062,0x1062,0x1062,0x1062,0x1062,0x1062,0x0C41,0x0C41,0x1462,0x1483,0x1482,0x18E7,
    0x1D4C,0x1D4B,0x18C6,0x1041,0x1062,0x1041,0x1041,0x1063,0x1062,0x1062,0x0C20,0x0C21,0x1909,0x1909,0x14E8,0x14E8,
    0x1908,0x18C5,0x1062,0x1062,0x0C20,0x25AD,0x25AD,0x18C5,0x1D48,0x1D48,0x0400,0x0C20,0x1083,0x1083,0x1041,0x1061,
    0x1083,0x1061,0x0C42,0x25D1,0x2190,0x1908,0x18E7,0x0C20,0x150C,0x25D1,0x14E7,0x18E7,0x1083,0x1062,0x0C20,0x0800,
    0x0C00,0x0400,0x1909,0x1D2B,0x18E7,0x1083,0x1062,0x1482,0x0C20,0x14C7,0x25D1,0x1D6D,0x1909,0x14E8,0x18E8,0x1483,
    0x0800,0x10A6,0x21B1,0x1D6D,0x18E8,0x1908,0x14C5,0x1041,0x1062,0x1062,0x0C41,0x0800,0x0C00,0x0C00,0x0C00,0x0C00,
    0x0C00,0x0C00,0x0C00,0x0C00,0x0800,0x1061,0x1062,0x0800,0x0800,0x0821,0x1908,0x1484,0x1062,0x1083,0x14C7,0x1908,
    0x1D4C,0x0C64,0x0400,0x0C00,0x0C00,0x0800,0x0C21,0x14A5,0x14A5,0x0C20,0x1041,0x14A4,0x1909,0x10A5,0x0800,0x0C00,
    0x0800,0x0C20,0x1462,0x1062,0x1083,0x18E7,0x14C6,0x0400,0x1041,0x1908,0x1D6D,0x14C6,0x1D2A,0x0C63,0x0C41,0x1061,
    0x14A5,0x1083,0x1083,0x14A4,0x1062,0x18C6,0x0820,0x14C9,0x14E9,0x14A4,0x18E7,0x1D4B,0x1D2A,0x14C6,0x14C6,0x0821,
    0x0800,0x0C20,0x0C20,0x1D48,0x18E7,0x1483,0x14A5,0x18E7,0x14A5,0x10A5,0x18E7,0x14C6,0x18C6,0x18E7,0x18E7,0x1084,
    0x1041,0x1062,0x1062,0x1462,0x1462,0x1062,0x1041,0x1083,0x1083,0x1061,0x1061,0x1041,0x0C41,0x1062,0x1061,0x1041,
    0x1061,0x1062,0x1062,0x1083,0x1062,0x1062,0x1062,0x1062,0x1083,0x1063,0x1062,0x1062,0x1062,0x1484,0x14A5,0x14A5,
    0x18C5,0x14A5,0x1908,0x18E7,0x1083,0x14A5,0x14A5,0x14A5,0x14A5,0x14A5,0x14A5,0x14A5,0x14A5,0x14A5,0x14A4,0x1083,
    0x1063,0x1061,0x1061,0x1061,0x1061,0x1062,0x1083,0x14A5,0x14A5,0x14A5,0x14A5,0x14C5,0x14C6,0x18C5,0x14C6,0x18C6,
    0x1908,0x18C6,0x14C6,0x18C5,0x18C6,0x14A4,0x1062,0x1062,0x0C41,0x0C21,0x14E8,0x14E8,0x1063,0x1061,0x1041,0x14C6,
    0x14E8,0x14E8,0x1083,0x1041,0x14A4,0x14C5,0x14A5,0x14A4,0x1083,0x1082,0x0C21,0x14C6,0x1909,0x1908,0x1908,0x1908,
    0x18E7,0x1061,0x0800,0x0C20,0x14A4,0x25AD,0x1D48,0x1D48,0x25AD,0x18E5,0x14A4,0x18E7,0x1483,0x0C20,0x1062,0x1061,
    0x1062,0x0800,0x216E,0x21B1,0x1909,0x1908,0x14A4,0x10A5,0x21B0,0x1D6D,0x1909,0x14C5,0x1082,0x0C41,0x0800,0x0C00,
    0x0C00,0x0400,0x14E8,0x1909,0x14C6,0x1062,0x1482,0x1041,0x10A6,0x25D1,0x216E,0x190A,0x14E8,0x14E8,0x14C5,0x1061,
    0x0C42,0x1D6D,0x218E,0x1D4D,0x14E8,0x14E8,0x1484,0x1062,0x1062,0x1062,0x0800,0x0C00,0x0C00,0x0C00,0x0C00,0x0C00,
    0x0C00,0x0C00,0x0C00,0x0C00,0x0800,0x0C21,0x1483,0x0C20,0x0800,0x0400,0x10A5,0x18E7,0x1061,0x14A5,0x14C7,0x1D2A,
    0x1D2A,0x14E9,0x0400,0x0C00,0x0C00,0x0C20,0x0C20,0x0C20,0x1484,0x1083,0x0C20,0x0C20,0x1909,0x10A5,0x0800,0x0C00,
    0x0C00,0x0800,0x0C21,0x1483,0x1061,0x14A4,0x14C6,0x0400,0x1041,0x14C5,0x1D4D,0x14E8,0x14C7,0x1909,0x0C20,0x1062,
    0x1083,0x18C6,0x1062,0x1483,0x1062,0x18E7,0x1084,0x0842,0x192C,0x0842,0x14C6,0x14C6,0x1908,0x18E8,0x1909,0x1D2A,
    0x14C5,0x0C00,0x0800,0x0C21,0x1D48,0x14A4,0x1483,0x18E7,0x18C5,0x1062,0x18C5,0x18C6,0x1484,0x1084,0x1084,0x14A4,
    0x1483,0x1062,0x0C20,0x1041,0x0C20,0x0C20,0x0C20,0x1062,0x1484,0x0800,0x1041,0x1082,0x1482,0x1062,0x14A5,0x14E8,
    0x1084,0x1061,0x1083,0x18C6,0x1083,0x1041,0x1062,0x1062,0x14A4,0x18E7,0x18E8,0x18E7,0x18E8,0x14C6,0x1083,0x1483,
    0x1483,0x1482,0x14A5,0x18C5,0x18E7,0x1908,0x1908,0x1908,0x1908,0x1908,0x1908,0x1908,0x1909,0x1908,0x1908,0x18E8,
    0x14C6,0x14A5,0x14A5,0x14A5,0x18C5,0x18E7,0x18E7,0x1908,0x1908,0x1908,0x1908,0x14C6,0x14C6,0x14C5,0x18C5,0x14C6,
    0x14C5,0x18C6,0x18C5,0x14A5,0x14C5,0x14A4,0x1062,0x1082,0x1061,0x1083,0x18E8,0x14E8,0x1084,0x1062,0x14A4,0x1483,
    0x1062,0x1063,0x1083,0x1484,0x14A4,0x14C5,0x14C6,0x14C6,0x14A4,0x0C41,0x0C63,0x1909,0x14E8,0x1908,0x1908,0x18E7,
    0x1062,0x0C63,0x192B,0x0C64,0x18E7,0x1D48,0x14A5,0x18E7,0x1D48,0x18E7,0x1D48,0x25AD,0x1D48,0x0800,0x1062,0x1462,
    0x1041,0x0C63,0x21B0,0x192C,0x14E8,0x18E7,0x0C20,0x0C86,0x21B0,0x192B,0x1908,0x1062,0x1062,0x0C00,0x0800,0x0800,
    0x0C00,0x0400,0x14E8,0x1909,0x1484,0x1062,0x1482,0x0C20,0x1D2C,0x2190,0x190A,0x1909,0x14E7,0x1908,0x14A4,0x0C20,
    0x14C7,0x21B1,0x1D4C,0x1D4D,0x14E8,0x14E8,0x1062,0x1062,0x1062,0x0800,0x0C00,0x0C00,0x0C00,0x0C00,0x0C00,0x0C00,
    0x0C00,0x0C00,0x0C00,0x0C00,0x0800,0x0800,0x1482,0x1062,0x0800,0x0800,0x0821,0x14E8,0x14C6,0x14C6,0x14E8,0x190A,
    0x1D2A,0x1D4D,0x0400,0x0C00,0x0C00,0x0800,0x1062,0x0800,0x0C20,0x1483,0x1062,0x0C20,0x14C6,0x1084,0x0800,0x0C00,
    0x0C00,0x0C00,0x0800,0x1062,0x1062,0x1483,0x1062,0x0400,0x1041,0x1083,0x1D2B,0x192B,0x14E8,0x192B,0x0C20,0x1062,
    0x1061,0x18C6,0x14A4,0x1061,0x1062,0x18C5,0x18E7,0x0C21,0x14C9,0x0C85,0x1084,0x0C42,0x1062,0x18E7,0x1D2A,0x1D2A,
    0x216C,0x1484,0x0800,0x0400,0x0800,0x18C5,0x18C5,0x18E7,0x1483,0x0C20,0x0C20,0x1041,0x0C20,0x0C00,0x0C00,0x0C20,
    0x1041,0x1041,0x1483,0x1483,0x1062,0x1062,0x1062,0x0C41,0x0C41,0x1062,0x1482,0x1062,0x0C21,0x1083,0x1D4B,0x21B0,
    0x1D6D,0x1062,0x1062,0x1061,0x1083,0x1484,0x1062,0x1062,0x1062,0x1483,0x14A4,0x1483,0x14A4,0x1483,0x1062,0x1062,
    0x1062,0x1462,0x1062,0x1062,0x1083,0x1483,0x1483,0x1483,0x1083,0x1083,0x14C5,0x14C6,0x18C6,0x1083,0x1063,0x1083,
    0x1483,0x1083,0x1083,0x1083,0x1083,0x1083,0x1083,0x1083,0x1083,0x1083,0x1062,0x1061,0x1061,0x1061,0x1061,0x1041,
    0x1041,0x1061,0x1063,0x1484,0x1084,0x1084,0x18E7,0x18E7,0x18E7,0x18E7,0x14C6,0x14C6,0x14C6,0x14C6,0x14A4,0x1084,
    0x14C6,0x1908,0x1908,0x18E8,0x18E7,0x14C5,0x1083,0x1083,0x1061,0x14A4,0x1908,0x14C6,0x14C6,0x18E8,0x18C5,0x1061,
    0x0C21,0x218E,0x25D1,0x0844,0x1D48,0x18E7,0x18E7,0x1D48,0x1D48,0x18E7,0x25AD,0x368D,0x18C5,0x0C21,0x1462,0x1482,
    0x0C41,0x14E9,0x216E,0x14E7,0x14C6,0x1063,0x0C20,0x14EA,0x21B0,0x14E7,0x18C6,0x1061,0x0C00,0x0800,0x1041,0x0C20,
    0x0C00,0x0800,0x14E8,0x1908,0x1062,0x1082,0x1061,0x0842,0x2190,0x192B,0x192B,0x192B,0x14E7,0x14C6,0x1062,0x0800,
    0x190A,0x216E,0x1909,0x1D4D,0x14E8,0x1484,0x1062,0x1062,0x0C20,0x0800,0x0C00,0x0C00,0x0C00,0x0C00,0x0C00,0x0C00,
    0x0C00,0x0C00,0x0C00,0x0C00,0x0800,0x0800,0x1041,0x1082,0x0C20,0x0C00,0x0400,0x10A5,0x1908,0x18E7,0x1908,0x1D2A,
    0x18E8,0x192B,0x0821,0x0C00,0x0C00,0x0800,0x0C20,0x0C41,0x0800,0x0C20,0x1083,0x1041,0x1063,0x1084,0x0800,0x0C00,
    0x0C00,0x0C00,0x0C00,0x0C20,0x1462,0x1482,0x0C20,0x0800,0x0C00,0x1041,0x18E8,0x1D4D,0x192B,0x14E8,0x0C20,0x1062,
    0x1061,0x14A4,0x18E7,0x1083,0x1061,0x1083,0x18E7,0x1062,0x0C64,0x14EA,0x0821,0x1041,0x0C00,0x0C20,0x1041,0x14A4,
    0x1908,0x18E7,0x0C42,0x0C00,0x0800,0x0400,0x1041,0x0C21,0x0800,0x0C20,0x1041,0x1041,0x1041,0x1041,0x0C20,0x1063,
    0x1D4B,0x14C7,0x1062,0x1462,0x1062,0x1062,0x1062,0x1062,0x1062,0x1062,0x1482,0x1061,0x1041,0x1062,0x1062,0x1062,
    0x1909,0x14A4,0x1062,0x1062,0x1083,0x1084,0x1041,0x1062,0x1462,0x1062,0x1062,0x1062,0x1062,0x1062,0x1062,0x1062,
    0x1062,0x1062,0x1062,0x1062,0x1062,0x1062,0x1462,0x1462,0x1062,0x1061,0x1041,0x1061,0x1083,0x1083,0x1083,0x1083,
    0x1083,0x1083,0x1083,0x14A4,0x14C6,0x14C6,0x14C6,0x14C6,0x14C6,0x14C6,0x14C6,0x14C6,0x14C6,0x14C6,0x14C6,0x14C6,
    0x18C6,0x18C6,0x18E8,0x1909,0x1909,0x1909,0x1908,0x1908,0x1908,0x1908,0x1908,0x1908,0x14C6,0x14C6,0x14E8,0x218E,
    0x18E8,0x1084,0x18E8,0x18E7,0x14E7,0x14C6,0x18C6,0x14A4,0x1462,0x14A4,0x1484,0x1062,0x1062,0x0C41,0x0400,0x0821,
    0x14E8,0x18E7,0x1083,0x1062,0x25AD,0x18C5,0x1D48,0x18C5,0x18E5,0x1D48,0x368D,0x368D,0x0C20,0x1062,0x1062,0x1482,
    0x0C20,0x218E,0x1D4C,0x18E7,0x1083,0x1041,0x0821,0x25D1,0x1D4D,0x1062,0x1462,0x0C20,0x0800,0x0C20,0x1483,0x1041,
    0x0C00,0x0800,0x14E8,0x14C5,0x1061,0x1483,0x0C20,0x14C8,0x2190,0x192B,0x1D2B,0x1909,0x14C6,0x1062,0x1061,0x0800,
    0x1D6E,0x1D2B,0x18E8,0x1909,0x14C6,0x1062,0x1482,0x0C21,0x0800,0x0800,0x0800,0x0C00,0x0C00,0x0C00,0x0C00,0x0C00,
    0x0C00,0x0C00,0x0C00,0x0C00,0x0C00,0x0C00,0x1041,0x1483,0x0C20,0x0C00,0x0800,0x1062,0x18E7,0x1908,0x14E8,0x1D2A,
    0x1908,0x216C,0x10A6,0x0800,0x0C00,0x0C00,0x0C00,0x1462,0x0C20,0x0800,0x1061,0x1062,0x1483,0x1083,0x0800,0x0C00,
    0x0C00,0x0C00,0x0C00,0x0800,0x1041,0x1041,0x1062,0x0C20,0x0800,0x1061,0x1484,0x1D4C,0x216E,0x190A,0x0820,0x1462,
    0x1061,0x1462,0x18E7,0x18E7,0x1083,0x1041,0x14C5,0x14C6,0x0400,0x150C,0x0C64,0x18C5,0x1908,0x14C6,0x0C21,0x1061,
    0x14C6,0x18E7,0x18E7,0x1062,0x1041,0x1061,0x1061,0x14A4,0x14A4,0x1483,0x1062,0x1061,0x1061,0x1061,0x1041,0x1083,
    0x14A5,0x1D2A,0x14C6,0x0C20,0x1062,0x1083,0x14A4,0x1083,0x1083,0x1062,0x1062,0x1062,0x1083,0x1083,0x1483,0x14A4,
    0x1083,0x1462,0x1462,0x1062,0x1061,0x1041,0x1062,0x1062,0x1061,0x1082,0x1483,0x1083,0x1483,0x1483,0x1484,0x18C6,
    0x14A4,0x1083,0x1083,0x14C6,0x18C6,0x18E7,0x18E7,0x14A4,0x1483,0x1083,0x1083,0x1484,0x18E8,0x1908,0x1908,0x1908,
    0x1908,0x1908,0x1908,0x1908,0x1908,0x1908,0x1909,0x192B,0x192B,0x1D4C,0x216C,0x1D2B,0x1908,0x1908,0x1908,0x1908,
    0x1908,0x14E8,0x14E8,0x14E8,0x1908,0x14C6,0x18E7,0x1908,0x1908,0x1908,0x14E8,0x14C6,0x1484,0x14A5,0x18E8,0x1908,
    0x18E7,0x1484,0x1084,0x18E7,0x14E7,0x18E7,0x18E8,0x1909,0x1908,0x1908,0x1908,0x18E7,0x1483,0x0C21,0x192B,0x218E,
    0x1D4C,0x18E7,0x1061,0x14A4,0x25AD,0x1D48,0x1D48,0x18E7,0x1D48,0x25AD,0x368D,0x1D48,0x0400,0x1482,0x1062,0x1062,
    0x0C63,0x2190,0x1909,0x1908,0x14C6,0x1061,0x0821,0x1D6F,0x1909,0x1062,0x1041,0x0800,0x0C20,0x1483,0x1083,0x0800,
    0x0800,0x0800,0x1083,0x1083,0x1062,0x1041,0x0820,0x1D4D,0x216E,0x192B,0x1909,0x14C6,0x1083,0x1062,0x0C20,0x10A6,
    0x2190,0x1D2B,0x14C7,0x14E8,0x14C6,0x1062,0x0C20,0x0800,0x0C00,0x0C00,0x0C00,0x0C00,0x0C00,0x0C00,0x0C00,0x0C00,
    0x0C00,0x0C00,0x0C00,0x0C00,0x0C00,0x0C00,0x0C00,0x1062,0x1062,0x0C20,0x0800,0x0800,0x1484,0x18E8,0x14E8,0x1909,
    0x192B,0x218E,0x190A,0x0400,0x0C00,0x0C00,0x0800,0x1061,0x1083,0x0800,0x0C20,0x1062,0x1483,0x0C20,0x0C00,0x0C00,
    0x0C00,0x0C00,0x0C00,0x0800,0x0C20,0x0C00,0x1061,0x1062,0x0400,0x0C21,0x1061,0x1908,0x1D6F,0x218E,0x1062,0x1041,
    0x1482,0x1062,0x14A4,0x18E7,0x1484,0x1041,0x1062,0x18E7,0x0C42,0x10A6,0x150C,0x1083,0x1D2A,0x25AD,0x1D2A,0x1083,
    0x0C41,0x0C41,0x14A4,0x14A4,0x1061,0x1462,0x1062,0x1083,0x14A4,0x14A5,0x1062,0x1041,0x1062,0x1062,0x1062,0x1062,
    0x1061,0x1061,0x1062,0x1061,0x1083,0x14A4,0x1083,0x1083,0x1083,0x1062,0x1062,0x1062,0x1483,0x14A4,0x14A4,0x14A5,
    0x1484,0x1062,0x1083,0x14C6,0x14C6,0x14C6,0x14C6,0x14C6,0x14C6,0x18C6,0x18E7,0x18E7,0x18E7,0x18E8,0x1909,0x1908,
    0x14C6,0x14C6,0x18E8,0x14E8,0x14E8,0x1908,0x14E8,0x14E8,0x1909,0x1909,0x1909,0x1909,0x1909,0x14E8,0x14E8,0x14E8,
    0x14E8,0x1908,0x1908,0x14E8,0x18E8,0x14E7,0x1908,0x192B,0x1D2B,0x1909,0x1908,0x1909,0x1909,0x1909,0x1909,0x14E8,
    0x192B,0x1D4C,0x1D4C,0x1D6D,0x1D2A,0x1909,0x1908,0x18E7,0x18E8,0x1908,0x14C7,0x1083,0x18E7,0x1083,0x1061,0x1041,
    0x1084,0x14C6,0x1083,0x14C6,0x14E7,0x18E8,0x216E,0x216E,0x1D4C,0x216E,0x1D4B,0x14A4,0x1063,0x14E8,0x218E,0x1D2B,
    0x1909,0x1D2A,0x1062,0x1483,0x216C,0x1D48,0x1D48,0x1D48,0x25AD,0x368D,0x368D,0x0000,0x1061,0x1062,0x1482,0x0800,
    0x14E9,0x21B0,0x14E8,0x1908,0x18E7,0x1041,0x0821,0x1D4D,0x14E8,0x1083,0x0800,0x0800,0x1082,0x1483,0x0C21,0x0800,
    0x0C00,0x0800,0x0C21,0x1062,0x1082,0x0C00,0x0C63,0x2190,0x1D6D,0x190A,0x18E8,0x14A5,0x1041,0x1482,0x0800,0x14E9,
    0x21B1,0x190A,0x14A5,0x1083,0x1083,0x0C20,0x0800,0x0C00,0x0800,0x0C20,0x1062,0x0800,0x0C00,0x0C00,0x0C00,0x0C00,
    0x0C00,0x0C00,0x0C00,0x0C00,0x0C00,0x0C00,0x0800,0x0C21,0x1483,0x1041,0x0800,0x0C20,0x1062,0x14A5,0x1908,0x14E8,
    0x1909,0x1D6D,0x1D6D,0x0400,0x0800,0x0C00,0x0800,0x0C00,0x1082,0x1062,0x0800,0x0C20,0x1483,0x0C20,0x0C00,0x0C00,
    0x0C00,0x0C00,0x0C00,0x0C00,0x0C00,0x0800,0x0C20,0x1483,0x0C20,0x0800,0x1462,0x14A5,0x1D6D,0x1D2B,0x0C21,0x14A4,
    0x0C20,0x0C20,0x0C41,0x1041,0x0C20,0x1061,0x1062,0x18C6,0x18E7,0x0C42,0x150C,0x0C63,0x1083,0x18E8,0x1908,0x1908,
    0x1484,0x1062,0x1462,0x1062,0x1083,0x14A4,0x18C5,0x14A5,0x1484,0x14C5,0x18C6,0x14C5,0x1062,0x1063,0x1082,0x1082,
    0x1482,0x1482,0x1462,0x1062,0x1062,0x1062,0x1483,0x14A5,0x14A4,0x1063,0x1083,0x1083,0x1062,0x1083,0x14A4,0x1084,
    0x14C6,0x1908,0x1908,0x1909,0x1909,0x1909,0x1909,0x1909,0x1909,0x14C7,0x10A5,0x10A5,0x10A5,0x14E7,0x1908,0x18E8,
    0x1908,0x1909,0x14E8,0x192B,0x1D2B,0x192B,0x1D4C,0x216E,0x216E,0x216E,0x216E,0x1D6D,0x1D6D,0x2190,0x218E,0x216E,
    0x216E,0x216E,0x216E,0x1D2B,0x1D2B,0x1D2B,0x14E8,0x14E8,0x14E8,0x1908,0x1908,0x1D6D,0x21B0,0x2190,0x21B0,0x2190,
    0x1D4C,0x14C7,0x14C7,0x18E7,0x14A5,0x18E7,0x14C5,0x1083,0x14C6,0x1908,0x18E8,0x18E7,0x14C6,0x18E7,0x18E7,0x14C7,
    0x14C6,0x14C6,0x1908,0x14E7,0x14E7,0x14E7,0x1908,0x1084,0x1062,0x1062,0x1482,0x1061,0x14A5,0x1908,0x14C6,0x14C6,
    0x18C6,0x1084,0x0C21,0x14A5,0x1D48,0x1D48,0x1D48,0x25AD,0x368D,0x368D,0x18E7,0x0400,0x1482,0x1041,0x0800,0x0400,
    0x192C,0x1D6D,0x18E7,0x1908,0x14A4,0x0C20,0x14E8,0x216E,0x14E7,0x1083,0x0800,0x1041,0x1483,0x0C41,0x0800,0x0C00,
    0x0C00,0x0C00,0x1041,0x1083,0x0C21,0x0800,0x0C64,0x218E,0x1D2A,0x1909,0x1908,0x18E7,0x1062,0x1482,0x0800,0x14C8,
    0x218E,0x14E8,0x1083,0x1062,0x1062,0x0C20,0x0800,0x0800,0x0C20,0x1062,0x1062,0x0C00,0x0C00,0x0C00,0x0C00,0x0C00,
    0x0C00,0x0C00,0x0C00,0x0C00,0x0C00,0x0C00,0x0C00,0x0C20,0x1062,0x1062,0x0800,0x0800,0x1041,0x1483,0x14A4,0x1908,
    0x14E8,0x190A,0x1D4C,0x0401,0x0800,0x0C00,0x0C00,0x0C00,0x1061,0x1483,0x0C41,0x0800,0x1062,0x0C41,0x0800,0x0C00,
    0x0C00,0x0C20,0x0800,0x0800,0x0C00,0x0C00,0x0C20,0x1483,0x1462,0x0C20,0x1062,0x1083,0x1909,0x14C7,0x0800,0x18E7,
    0x1D4B,0x0842,0x0400,0x0C20,0x1041,0x1041,0x1062,0x1482,0x18C5,0x1041,0x14C9,0x10A7,0x0800,0x1062,0x1062,0x1062,
    0x1083,0x18C6,0x18C6,0x18C5,0x18C5,0x18C6,0x18C6,0x18C6,0x14A5,0x18E7,0x1908,0x18C5,0x1062,0x1062,0x1062,0x1062,
    0x1062,0x1062,0x1062,0x1082,0x1082,0x1062,0x1083,0x14A5,0x18E7,0x1908,0x1908,0x1908,0x1908,0x18E7,0x14E7,0x1909,
    0x1909,0x1909,0x1909,0x18E8,0x18E8,0x14E8,0x1908,0x1908,0x192B,0x1D4B,0x190A,0x1909,0x1908,0x192B,0x1D2B,0x1D4C,
    0x1D4D,0x21B1,0x2190,0x2190,0x2190,0x216E,0x1D2C,0x1D2C,0x1D4C,0x1D4C,0x1D4C,0x1D2C,0x192B,0x1D2C,0x1D2C,0x1D2B,
    0x1D2B,0x192C,0x192B,0x1D4D,0x2190,0x21B1,0x2190,0x218E,0x218E,0x218E,0x1D6D,0x216E,0x1D6D,0x1D4D,0x1D4C,0x1D4C,
    0x1D2B,0x1908,0x18E7,0x14A5,0x1484,0x14C6,0x14C6,0x14E8,0x1909,0x1D2A,0x1D2A,0x1909,0x1909,0x1909,0x192B,0x192B,
    0x1D2B,0x1D4C,0x1D4C,0x1D4C,0x1D4C,0x192B,0x1909,0x18E7,0x18C6,0x18E7,0x18E7,0x18E7,0x1483,0x1062,0x1062,0x0C41,
    0x1062,0x0800,0x0400,0x1063,0x25AD,0x1D48,0x25AD,0x368D,0x368D,0x25AD,0x0400,0x0C41,0x0820,0x0800,0x14C8,0x216E,
    0x2190,0x1909,0x18E8,0x14C5,0x1062,0x0C21,0x1D2C,0x192B,0x18C6,0x1483,0x0800,0x1062,0x1082,0x0800,0x0C00,0x0C00,
    0x0C00,0x0800,0x1041,0x1062,0x0800,0x0800,0x1D2B,0x218E,0x1908,0x14E7,0x14E8,0x1908,0x1483,0x1462,0x0800,0x14C8,
    0x1D4D,0x18E7,0x1484,0x1462,0x0C41,0x0800,0x0800,0x0820,0x1062,0x1082,0x1062,0x0C00,0x0C00,0x0C00,0x0C00,0x0C00,
    0x0C00,0x0C00,0x0C00,0x0C00,0x0C00,0x0C00,0x0C00,0x0800,0x1041,0x1062,0x0C20,0x0800,0x0C20,0x1482,0x1061,0x14C5,
    0x1908,0x14E7,0x1D4D,0x14C7,0x0400,0x0800,0x0800,0x0C00,0x0C20,0x1062,0x1082,0x0C20,0x0C20,0x1041,0x0800,0x0800,
    0x1041,0x1482,0x1062,0x0C20,0x0800,0x0800,0x0C20,0x1082,0x1482,0x1062,0x1041,0x1462,0x18E7,0x1062,0x0800,0x0800,
    0x1D4B,0x216E,0x0C84,0x0400,0x0800,0x0800,0x0C00,0x0C00,0x0C20,0x0C20,0x0C64,0x0C85,0x0C21,0x1062,0x1062,0x1062,
    0x1062,0x1062,0x1062,0x1062,0x1062,0x0C41,0x1062,0x1484,0x1083,0x1083,0x1083,0x1484,0x1084,0x1083,0x1084,0x1484,
    0x14A4,0x18C6,0x18E7,0x1908,0x1908,0x18E7,0x1483,0x1061,0x1062,0x1083,0x1083,0x1083,0x1083,0x14A4,0x14C6,0x14E8,
    0x18E7,0x1909,0x192B,0x1909,0x1D2B,0x1D2B,0x192B,0x192B,0x1D4C,0x1D4C,0x192B,0x1D6D,0x218E,0x2190,0x2190,0x1D4D,
    0x218E,0x1D2B,0x216E,0x2190,0x2190,0x2190,0x21B0,0x21B0,0x21B0,0x21B0,0x21B0,0x21B1,0x21B0,0x216E,0x216E,0x1D2C,
    0x1D4D,0x216E,0x1D6D,0x1D6F,0x21B0,0x216E,0x1D4D,0x1D6D,0x1D2B,0x1909,0x190A,0x190A,0x14E8,0x14E8,0x14E8,0x14E7,
    0x14E8,0x14C6,0x14A4,0x14C6,0x1909,0x1909,0x216E,0x1D6D,0x1D6D,0x1D4C,0x1D2B,0x1D4C,0x1D4D,0x1D4C,0x1D2B,0x1D2B,
    0x192B,0x1D4C,0x1D2C,0x1D4C,0x1D4C,0x1D2C,0x1D2B,0x1D2B,0x1D4C,0x1D4C,0x192C,0x1D2B,0x1D2B,0x1D2B,0x1908,0x14C6,
    0x1908,0x190A,0x1D4B,0x0C63,0x18E7,0x25AD,0x368D,0x368D,0x1D48,0x0800,0x0C00,0x0400,0x0C64,0x1D4C,0x2190,0x1D6F,
    0x190A,0x14E7,0x14E8,0x1063,0x1061,0x0842,0x2190,0x1909,0x1483,0x1462,0x0800,0x1062,0x1041,0x0800,0x0C00,0x0C00,
    0x0C00,0x0C00,0x1041,0x0C20,0x0C00,0x0400,0x1D4D,0x1D2B,0x14E7,0x14E8,0x14E8,0x18E7,0x1083,0x1041,0x0400,0x1D4C,
    0x1D2B,0x14E7,0x1484,0x1061,0x0820,0x0800,0x0C20,0x1062,0x1062,0x1062,0x1062,0x0800,0x0C00,0x0C00,0x0C00,0x0C00,
    0x0C00,0x0C00,0x0C00,0x0C00,0x0C00,0x0C00,0x1062,0x0C20,0x0C20,0x1083,0x1062,0x0C00,0x0800,0x1041,0x1482,0x1083,
    0x14E8,0x18E7,0x190A,0x14C7,0x1061,0x18E7,0x0C21,0x0800,0x0800,0x0C41,0x1483,0x1041,0x0C00,0x1041,0x0800,0x0C00,
    0x0C20,0x0C21,0x1483,0x1062,0x1062,0x0C20,0x0C20,0x1483,0x1062,0x1061,0x1061,0x1482,0x18C5,0x1083,0x0800,0x0C20,
    0x1084,0x190A,0x25D1,0x14C8,0x0C20,0x1062,0x1061,0x1041,0x0C41,0x1041,0x0C20,0x0C20,0x1061,0x1062,0x1062,0x1062,
    0x1462,0x18C6,0x18E7,0x18C6,0x14A5,0x18E7,0x18E7,0x1908,0x1908,0x1908,0x1908,0x1909,0x1909,0x1908,0x1908,0x18E7,
    0x1083,0x1062,0x1083,0x1083,0x1083,0x1083,0x1082,0x14A4,0x1484,0x14C6,0x1908,0x1909,0x1909,0x1D4B,0x1D4C,0x192B,
    0x190A,0x192B,0x216E,0x2190,0x218E,0x1D6D,0x21B0,0x21B1,0x21B0,0x21B1,0x1909,0x1D6D,0x25D1,0x21B0,0x192C,0x14E8,
    0x1909,0x14E8,0x1D6D,0x2190,0x2190,0x2190,0x2190,0x2190,0x2190,0x2190,0x2190,0x2190,0x2190,0x21B1,0x21B1,0x2190,
    0x2190,0x2190,0x2190,0x2190,0x2190,0x216E,0x1D6D,0x190A,0x1D4D,0x218E,0x1D6D,0x190A,0x1909,0x190A,0x190A,0x190A,
    0x1909,0x18E7,0x18E7,0x1908,0x1908,0x1908,0x192B,0x216E,0x218E,0x218E,0x218E,0x21B0,0x21B0,0x21B1,0x2190,0x1D6F,
    0x1D6F,0x216E,0x1D6D,0x1D6E,0x216E,0x216E,0x218E,0x21B1,0x25D1,0x25D1,0x25D1,0x25D1,0x25D1,0x25D1,0x216E,0x1D2B,
    0x1D4C,0x1D2C,0x1D6D,0x1908,0x0820,0x25AD,0x1D48,0x0800,0x0400,0x0C20,0x0800,0x1084,0x21B0,0x1D4C,0x1D2B,0x190A,
    0x14C7,0x1908,0x14A5,0x1061,0x1061,0x0842,0x1D2B,0x14C5,0x1483,0x1041,0x0C20,0x1483,0x0C20,0x0800,0x0C00,0x0C00,
    0x0C00,0x0C00,0x0800,0x0800,0x0C00,0x0400,0x1D4D,0x192B,0x14E7,0x14E8,0x1908,0x1484,0x1062,0x0C20,0x0C85,0x21B0,
    0x14E8,0x14E7,0x1083,0x1041,0x0800,0x0C20,0x1062,0x1062,0x1062,0x1082,0x0C20,0x0800,0x0C00,0x0C00,0x0800,0x0C00,
    0x0C00,0x0C00,0x0C00,0x0C00,0x0C00,0x0800,0x1041,0x1062,0x1062,0x1062,0x1082,0x1041,0x0800,0x0C21,0x1482,0x1061,
    0x14A4,0x1908,0x1908,0x18E8,0x0800,0x1062,0x1909,0x14C7,0x0821,0x0800,0x1062,0x1483,0x0C20,0x0C00,0x0C00,0x0C00,
    0x0800,0x0800,0x0C20,0x1482,0x1483,0x1062,0x1041,0x1483,0x18C6,0x1484,0x1062,0x1041,0x1483,0x14A4,0x0C20,0x0820,
    0x1062,0x1083,0x192B,0x218E,0x0821,0x1061,0x1082,0x18C5,0x18C5,0x1061,0x1062,0x14A4,0x1484,0x1062,0x1483,0x1483,
    0x1483,0x1484,0x1084,0x1083,0x1061,0x1083,0x1083,0x1083,0x14A5,0x18C6,0x18E7,0x14A4,0x1483,0x1083,0x1484,0x1083,
    0x1061,0x1061,0x1062,0x1484,0x18C6,0x18C6,0x18E7,0x1908,0x1908,0x1909,0x1D2A,0x192B,0x190A,0x190A,0x190A,0x1D4C,
    0x218E,0x218E,0x216E,0x14C7,0x14E8,0x190A,0x1D2C,0x218E,0x1D6F,0x2190,0x2190,0x2190,0x2190,0x2190,0x2190,0x2190,
    0x2190,0x21B0,0x21B0,0x2190,0x2190,0x2190,0x2190,0x2190,0x2190,0x2190,0x2190,0x2190,0x2190,0x2190,0x2190,0x2190,
    0x2190,0x2190,0x2190,0x2190,0x2190,0x2190,0x21B1,0x21B0,0x21B0,0x21B1,0x21B0,0x21B0,0x2190,0x2190,0x2190,0x2190,
    0x2190,0x1D4D,0x1D6D,0x1D4C,0x1909,0x1909,0x14E8,0x14E7,0x14E8,0x192B,0x1D4C,0x216E,0x2190,0x2190,0x2190,0x21B1,
    0x21B1,0x21B1,0x21B1,0x21B1,0x21B1,0x21B1,0x1D6D,0x216E,0x1D6F,0x216E,0x216E,0x1D4C,0x14C8,0x216E,0x216E,0x14C7,
    0x14C7,0x216C,0x1D4C,0x1D4B,0x14C7,0x0C84,0x0C84,0x10A5,0x1062,0x0821,0x1909,0x21B1,0x1D2B,0x18E7,0x1484,0x14C6,
    0x1908,0x14C6,0x1062,0x1062,0x0C20,0x0820,0x1908,0x1083,0x18C6,0x0C20,0x1062,0x1482,0x0800,0x0800,0x0C00,0x0C00,
    0x0C00,0x0C00,0x0C00,0x0C00,0x0400,0x14C8,0x218E,0x14E8,0x14E8,0x14E8,0x14C6,0x1062,0x1482,0x0C20,0x1909,0x2190,
    0x1909,0x14E8,0x1484,0x0C41,0x0800,0x1041,0x1082,0x1062,0x1062,0x0C20,0x0800,0x0C00,0x0C00,0x0C00,0x0C00,0x0C00,
    0x0C00,0x0C00,0x0C00,0x0C00,0x0C00,0x0C00,0x0C00,0x1062,0x1062,0x1062,0x1062,0x1482,0x1041,0x0800,0x1062,0x1062,
    0x1062,0x18E7,0x1909,0x14C6,0x0800,0x0800,0x1062,0x1D4C,0x192B,0x0C42,0x0800,0x1062,0x1062,0x0800,0x0C00,0x0C00,
    0x0C00,0x0C00,0x0800,0x0C20,0x1062,0x1062,0x1062,0x1062,0x14A5,0x1908,0x18E7,0x1484,0x1083,0x1062,0x1061,0x0C20,
    0x1482,0x1482,0x1063,0x21B1,0x1D4C,0x0800,0x1062,0x18C5,0x18C5,0x14A5,0x14C6,0x1D4B,0x216C,0x218E,0x1D2A,0x18E7,
    0x18E7,0x14C6,0x18E7,0x14C6,0x14A5,0x14C5,0x18C5,0x18C6,0x18C6,0x1083,0x1061,0x1061,0x1062,0x1484,0x14C6,0x14C6,
    0x14C6,0x14C6,0x18E8,0x14E8,0x14E8,0x18E7,0x14C6,0x1D4B,0x1D6D,0x1909,0x1D2A,0x1D6D,0x1D4C,0x1D2C,0x1D2C,0x1D4C,
    0x1D4C,0x1D4C,0x1D4C,0x1D4C,0x1D6D,0x218E,0x1D4C,0x1D4C,0x216E,0x21B0,0x2190,0x2190,0x2190,0x2190,0x2190,0x2190,
    0x2190,0x2190,0x2190,0x2190,0x2190,0x2190,0x2190,0x2190,0x2190,0x2190,0x2190,0x2190,0x2190,0x2190,0x2190,0x2190,
    0x2190,0x2190,0x2190,0x2190,0x2190,0x2190,0x2190,0x2190,0x2190,0x2190,0x2190,0x2190,0x2190,0x2190,0x2190,0x2190,
    0x21B1,0x21B1,0x21B1,0x21B0,0x2190,0x2190,0x216E,0x192B,0x1909,0x1909,0x14E8,0x1908,0x1908,0x14E8,0x1908,0x1D4C,
    0x1D2C,0x1D6F,0x21B1,0x21B1,0x21B1,0x21B1,0x216E,0x216E,0x216E,0x216E,0x192C,0x0C64,0x0423,0x10A5,0x1084,0x0C84,
    0x1D2B,0x1908,0x18E8,0x192B,0x1909,0x1D4C,0x216E,0x1908,0x1484,0x14E8,0x218E,0x190A,0x14A5,0x14A4,0x18E7,0x1908,
    0x14C6,0x1062,0x1062,0x1062,0x0800,0x0C42,0x1083,0x1083,0x14A4,0x1062,0x1083,0x0C20,0x0800,0x0C00,0x0C00,0x0C00,
    0x0C00,0x0C00,0x0C00,0x0400,0x0C63,0x218E,0x192B,0x14E8,0x1908,0x18E8,0x1062,0x1062,0x1062,0x0400,0x14E9,0x1D6D,
    0x14C6,0x18C6,0x14A4,0x0C41,0x0800,0x1062,0x1062,0x1082,0x0C20,0x0800,0x0C00,0x0C00,0x0C00,0x0C00,0x0C00,0x0C00,
    0x0C00,0x0C00,0x0C00,0x0C00,0x0C00,0x0C00,0x0800,0x0C20,0x1062,0x1062,0x14A4,0x1083,0x1062,0x0800,0x1041,0x1483,
    0x1062,0x14A5,0x1908,0x14A4,0x0800,0x0C20,0x1061,0x14C6,0x1D6D,0x192B,0x0400,0x0C00,0x1041,0x0C00,0x0C00,0x0C00,
    0x0C00,0x0C00,0x0C00,0x0C00,0x0800,0x0C41,0x1062,0x1062,0x1062,0x14C6,0x1909,0x1908,0x1908,0x18E8,0x18C6,0x14A4,
    0x1482,0x1462,0x1483,0x192B,0x1D4D,0x0800,0x1061,0x1061,0x0C41,0x14A5,0x1908,0x14A5,0x1908,0x25D1,0x1D4B,0x14C6,
    0x1908,0x1908,0x1908,0x1908,0x18E8,0x1908,0x1908,0x18C5,0x14A4,0x1062,0x1083,0x14A5,0x18E7,0x1908,0x1908,0x1908,
    0x1908,0x1908,0x1908,0x1D2B,0x1D2B,0x1D2B,0x1D2C,0x1D6D,0x218E,0x1D4C,0x1D4D,0x21B0,0x218E,0x21B1,0x21B1,0x21B1,
    0x21B1,0x21B1,0x21B1,0x21B1,0x21B1,0x21B1,0x21B1,0x21B1,0x21B0,0x2190,0x2190,0x2190,0x2190,0x2190,0x2190,0x2190,
    0x2190,0x2190,0x2190,0x2190,0x2190,0x2190,0x2190,0x2190,0x2190,0x2190,0x2190,0x2190,0x2190,0x2190,0x2190,0x2190,
    0x2190,0x2190,0x2190,0x2190,0x2190,0x21B0,0x2190,0x2190,0x2190,0x2190,0x2190,0x2190,0x2190,0x2190,0x2190,0x2190,
    0x1D6D,0x1D4C,0x1D4C,0x218E,0x2190,0x218E,0x216E,0x2190,0x2190,0x1D4C,0x1909,0x1908,0x14E8,0x14E7,0x14E7,0x1909,
    0x1D2B,0x1D4C,0x218E,0x21B1,0x21B1,0x21B1,0x21B1,0x21B1,0x21B1,0x21B1,0x25D1,0x25D1,0x25D1,0x218E,0x2190,0x25D1,
    0x1D6D,0x1D4D,0x2190,0x21B1,0x1D2C,0x1D6D,0x192B,0x1484,0x18C5,0x18E7,0x14E8,0x18E7,0x1908,0x1908,0x14A5,0x1062,
    0x0C20,0x1041,0x0C20,0x0800,0x0800,0x14C6,0x0C41,0x1062,0x1083,0x1062,0x1082,0x0C20,0x0800,0x0C00,0x0C00,0x0C00,
    0x0C00,0x0C00,0x0C00,0x0820,0x1D4B,0x190A,0x14E7,0x14E8,0x1908,0x14C6,0x1062,0x1482,0x0C41,0x0400,0x150C,0x1D4C,
    0x14C5,0x14A4,0x14A4,0x0C41,0x0800,0x1062,0x1062,0x1062,0x0800,0x0800,0x0C00,0x0C00,0x0C00,0x0C00,0x0C00,0x0C00,
    0x0C00,0x0C00,0x0C00,0x0C00,0x0C00,0x0C00,0x0C00,0x0800,0x1062,0x1082,0x1484,0x1908,0x14C6,0x1062,0x0C20,0x1462,
    0x1062,0x1083,0x18E8,0x14A5,0x0800,0x0C20,0x1482,0x1062,0x18E8,0x1D6D,0x14C7,0x0800,0x0800,0x0C00,0x0C00,0x0C00,
    0x0C00,0x0C00,0x0C00,0x0C00,0x0C00,0x0800,0x0C20,0x1062,0x1062,0x1083,0x1908,0x14E8,0x1083,0x14C5,0x1909,0x1D4C,
    0x216E,0x14C6,0x1062,0x14C6,0x216E,0x10A5,0x0800,0x0C21,0x1041,0x1062,0x14A5,0x1482,0x1483,0x14A5,0x18C6,0x1083,
    0x14A4,0x1083,0x18C6,0x14A5,0x1062,0x1062,0x1083,0x14A4,0x1484,0x18E7,0x18E8,0x1908,0x1908,0x1908,0x190A,0x1D4C,
    0x1D4D,0x216E,0x216E,0x2190,0x21B0,0x21B0,0x216E,0x192B,0x2190,0x21B1,0x21B1,0x21B1,0x21B1,0x21B1,0x21B0,0x21B0,
    0x216E,0x1D2B,0x1D4C,0x2190,0x2190,0x2190,0x2190,0x2190,0x2190,0x2190,0x2190,0x2190,0x2190,0x2190,0x2190,0x2190,
    0x2190,0x2190,0x2190,0x2190,0x2190,0x2190,0x2190,0x2190,0x2190,0x2190,0x2190,0x2190,0x2190,0x2190,0x2190,0x2190,
    0x2190,0x2190,0x2190,0x2190,0x2190,0x2190,0x2190,0x2190,0x2190,0x2190,0x2190,0x2190,0x2190,0x2190,0x21B1,0x1D2C,
    0x190A,0x1D4C,0x14C6,0x1909,0x2190,0x1D4D,0x192B,0x216E,0x2190,0x218E,0x218E,0x1D4C,0x1D4D,0x1D2C,0x1D2B,0x192B,
    0x14E8,0x1908,0x1908,0x1D2C,0x21B0,0x21B0,0x21B0,0x21B0,0x21B0,0x216E,0x1D6D,0x1D6D,0x1D6D,0x216E,0x1D4D,0x1D4D,
    0x1D6E,0x2190,0x1D4C,0x218E,0x1D4C,0x14A5,0x14A4,0x14A5,0x1083,0x1063,0x1084,0x1084,0x14A4,0x1061,0x1083,0x14C5,
    0x1484,0x1062,0x0C21,0x0842,0x14E8,0x0C21,0x1062,0x1062,0x1062,0x1082,0x1062,0x0800,0x0C00,0x0C00,0x0C00,0x0C00,
    0x0C00,0x0C00,0x0800,0x1084,0x1909,0x14E7,0x14E8,0x14E8,0x18E8,0x1484,0x1062,0x1483,0x0C20,0x0842,0x216E,0x190A,
    0x14C6,0x1083,0x1083,0x0C20,0x0C00,0x1062,0x1482,0x0C00,0x0800,0x0C00,0x0C00,0x0C00,0x0C00,0x0C00,0x0C00,0x0C00,
    0x0C00,0x0C00,0x0C00,0x0C00,0x0C00,0x0C00,0x0C00,0x0800,0x0800,0x1062,0x1062,0x14C5,0x1908,0x18E8,0x1062,0x0C20,
    0x1062,0x1062,0x14A5,0x18C6,0x0C21,0x0800,0x1041,0x1462,0x1061,0x1908,0x216C,0x0C63,0x0400,0x0C00,0x0C00,0x0C00,
    0x0C00,0x0C00,0x0C00,0x0C00,0x0C00,0x0C00,0x0800,0x0C20,0x1462,0x1062,0x1083,0x18E7,0x1041,0x1062,0x14A5,0x1908,
    0x1D4C,0x218E,0x1D2A,0x0C41,0x18E7,0x192B,0x0800,0x1062,0x1062,0x1482,0x1062,0x1482,0x1483,0x1061,0x1061,0x1483,
    0x1083,0x1083,0x1062,0x1062,0x1462,0x1062,0x18C6,0x1909,0x1908,0x1908,0x1908,0x1908,0x1909,0x1D4B,0x1D4C,0x1D6D,
    0x1D6D,0x1D6D,0x216E,0x21B0,0x2190,0x2190,0x1D6D,0x2190,0x21B0,0x216E,0x1D4C,0x1D6D,0x1D6D,0x1D6D,0x21B1,0x1D4C,
    0x14E8,0x1D2B,0x1D2B,0x1D4C,0x1D4D,0x192C,0x218E,0x2190,0x2190,0x2190,0x2190,0x2190,0x2190,0x2190,0x2190,0x2190,
    0x2190,0x2190,0x2190,0x2190,0x2190,0x2190,0x2190,0x2190,0x2190,0x2190,0x2190,0x2190,0x2190,0x2190,0x2190,0x2190,
    0x2190,0x2190,0x2190,0x2190,0x2190,0x2190,0x2190,0x2190,0x2190,0x2190,0x2190,0x2190,0x2190,0x2190,0x2190,0x2190,
    0x216E,0x216E,0x1D6D,0x1D6D,0x2190,0x21B1,0x21B1,0x21B0,0x21B0,0x2190,0x2190,0x2190,0x21B0,0x21B0,0x21B1,0x21B1,
    0x1D6D,0x1909,0x1908,0x14E8,0x1D4C,0x21B0,0x2190,0x21B1,0x21B1,0x2190,0x2190,0x1D2B,0x192B,0x1909,0x14C6,0x1D2B,
    0x1D4C,0x14E8,0x14A5,0x14C6,0x14E8,0x1D2A,0x192B,0x1D4B,0x18E7,0x14C6,0x14C6,0x14C6,0x1061,0x1084,0x2190,0x25D1,
    0x218E,0x1909,0x14A5,0x1D2B,0x10A5,0x1061,0x1083,0x1062,0x1062,0x1082,0x0C20,0x0800,0x0C00,0x0800,0x0800,0x0C00,
    0x0C00,0x0C00,0x0800,0x10A5,0x1909,0x14E8,0x14E8,0x18E7,0x1484,0x1062,0x1062,0x1062,0x0800,0x0842,0x1D6D,0x14E7,
    0x1084,0x1484,0x1062,0x0800,0x0C21,0x1483,0x1062,0x0800,0x0800,0x0C00,0x0C00,0x0C00,0x0C00,0x0C00,0x0C00,0x0C00,
    0x0C00,0x0C00,0x0C00,0x0C00,0x0C00,0x0C00,0x0C00,0x0C00,0x0800,0x0C21,0x1482,0x1083,0x18E8,0x1908,0x1908,0x1083,
    0x0C20,0x1062,0x1062,0x1083,0x1482,0x0C20,0x0C00,0x1482,0x1062,0x1062,0x18E8,0x1908,0x0821,0x0C00,0x0C00,0x0C00,
    0x0C00,0x0C00,0x0C00,0x0C00,0x0C00,0x0C00,0x0C00,0x0800,0x1062,0x1062,0x1083,0x18E7,0x0800,0x0C20,0x1061,0x1083,
    0x14E7,0x14E8,0x1D4D,0x1D2A,0x0C84,0x1D6D,0x10A6,0x1061,0x1483,0x1062,0x1062,0x1061,0x1062,0x1061,0x1062,0x1483,
    0x1063,0x18E7,0x18E7,0x1082,0x1062,0x1062,0x14A5,0x14C6,0x1908,0x1908,0x1908,0x1908,0x1908,0x1909,0x14E8,0x14C7,
    0x14E7,0x14E7,0x14E7,0x1D4C,0x218E,0x1D6D,0x1908,0x1908,0x1D4C,0x1D6D,0x1D6D,0x1D6D,0x1D4D,0x1D6D,0x2190,0x2190,
    0x218E,0x2190,0x2190,0x2190,0x2190,0x218E,0x1D6F,0x2190,0x2190,0x2190,0x2190,0x2190,0x2190,0x2190,0x2190,0x2190,
    0x2190,0x2190,0x2190,0x2190,0x2190,0x2190,0x2190,0x2190,0x2190,0x2190,0x2190,0x2190,0x2190,0x2190,0x2190,0x2190,
    0x2190,0x2190,0x2190,0x2190,0x2190,0x2190,0x2190,0x2190,0x2190,0x2190,0x2190,0x2190,0x2190,0x2190,0x2190,0x2190,
    0x2190,0x2190,0x2190,0x2190,0x2190,0x2190,0x2190,0x2190,0x2190,0x2190,0x21B1,0x1D4D,0x1909,0x1D2C,0x2190,0x2190,
    0x21B1,0x1D2B,0x14E8,0x14E8,0x1909,0x218E,0x21B1,0x21B1,0x25D1,0x21B1,0x25D1,0x25D1,0x25D1,0x1D4C,0x1908,0x1909,
    0x14C7,0x14E8,0x216E,0x216E,0x25D1,0x25F4,0x25F4,0x216E,0x1908,0x1908,0x1908,0x14E7,0x14E8,0x2190,0x216E,0x1D4C,
    0x1909,0x1062,0x14C8,0x190A,0x0400,0x1083,0x14A4,0x1062,0x1082,0x1041,0x0800,0x0C00,0x0800,0x0C00,0x1041,0x0800,
    0x0C00,0x0C00,0x0800,0x1084,0x1909,0x18E8,0x1908,0x14A5,0x1062,0x1062,0x1062,0x0C21,0x0800,0x0842,0x1909,0x1061,
    0x14A4,0x14A4,0x0C41,0x0800,0x1061,0x1083,0x0C41,0x0800,0x0C00,0x0C00,0x0C00,0x0C00,0x0C00,0x0C00,0x0C00,0x0C00,
    0x0C00,0x0C00,0x0C00,0x0C00,0x0C00,0x0C00,0x0C00,0x0C00,0x0C00,0x0800,0x1062,0x1082,0x1484,0x18E8,0x14E8,0x18E7,
    0x1083,0x1083,0x1083,0x1062,0x1482,0x1482,0x1062,0x1062,0x1062,0x1062,0x1061,0x1908,0x1484,0x0800,0x0C00,0x0C00,
    0x0C00,0x0C00,0x0C00,0x0C00,0x0C00,0x0C00,0x0C00,0x0C00,0x0C21,0x1062,0x1063,0x18C5,0x0C20,0x0800,0x1061,0x1062,
    0x1062,0x14A5,0x14E8,0x1D4D,0x2190,0x218E,0x14C8,0x1041,0x1483,0x1062,0x1062,0x14A4,0x1484,0x1062,0x1062,0x1062,
    0x14A4,0x18E7,0x18E8,0x18E8,0x18C6,0x1082,0x1062,0x1062,0x14A4,0x1908,0x1909,0x18E8,0x1908,0x1D2A,0x1909,0x18E8,
    0x14C7,0x14C7,0x14E8,0x1909,0x1D4C,0x1D6F,0x216E,0x216E,0x1D2B,0x1909,0x192B,0x1D4D,0x21B1,0x2190,0x21B0,0x21B1,
    0x21B1,0x21B1,0x21B1,0x2190,0x21B1,0x21B1,0x2190,0x2190,0x2190,0x2190,0x2190,0x2190,0x2190,0x2190,0x2190,0x2190,
    0x2190,0x2190,0x2190,0x2190,0x2190,0x2190,0x2190,0x2190,0x2190,0x2190,0x2190,0x2190,0x2190,0x2190,0x2190,0x2190,
    0x2190,0x2190,0x2190,0x2190,0x2190,0x2190,0x2190,0x2190,0x2190,0x2190,0x2190,0x2190,0x2190,0x2190,0x2190,0x2190,
    0x2190,0x2190,0x2190,0x2190,0x2190,0x2190,0x2190,0x2190,0x21B1,0x21B0,0x218E,0x216E,0x1D6D,0x2190,0x2190,0x2190,
    0x218E,0x1909,0x14E8,0x1909,0x14E8,0x192B,0x1D4C,0x1D2C,0x1D4D,0x1D4D,0x1D6F,0x1D6F,0x1D4D,0x1D2C,0x21B1,0x2190,
    0x21B1,0x21B1,0x21B1,0x21B1,0x1D4C,0x192B,0x1909,0x14E7,0x1908,0x1908,0x1908,0x18E8,0x1D2C,0x1D2C,0x14C7,0x18C6,
    0x1063,0x10A6,0x2190,0x0C21,0x0800,0x1083,0x1083,0x1083,0x1062,0x0800,0x0800,0x0800,0x0C20,0x1062,0x1041,0x0800,
    0x0800,0x0C00,0x0800,0x14C6,0x1908,0x1908,0x14A5,0x1062,0x1062,0x1062,0x1061,0x0C00,0x0800,0x0842,0x18E8,0x1062,
    0x18E7,0x14A4,0x0C41,0x0C21,0x1082,0x1082,0x0C20,0x0C00,0x0C00,0x0C00,0x0C00,0x0C00,0x0C00,0x0C00,0x0C00,0x0C00,
    0x0C00,0x0C00,0x0C00,0x0C00,0x0C00,0x0C00,0x0C00,0x0C00,0x0C00,0x0800,0x0C20,0x1483,0x1061,0x14C5,0x1908,0x14E8,
    0x14E8,0x18E8,0x1908,0x18C6,0x1083,0x1082,0x1061,0x1062,0x1062,0x1062,0x1062,0x14C6,0x18E7,0x0800,0x0C00,0x0C00,
    0x0C00,0x0C00,0x0C00,0x0C00,0x0C00,0x0C00,0x0C00,0x0C00,0x0800,0x1041,0x1062,0x1062,0x0C00,0x0800,0x0C20,0x1062,
    0x1061,0x1062,0x1483,0x14C6,0x1D4C,0x216E,0x1D2B,0x0C21,0x1061,0x1062,0x1062,0x14A4,0x14A4,0x18E7,0x1908,0x1908,
    0x1908,0x1908,0x1908,0x18E8,0x14A4,0x1483,0x1482,0x1062,0x1062,0x1062,0x14A4,0x18E7,0x14C6,0x18E7,0x1908,0x1908,
    0x190A,0x216E,0x218E,0x1D6D,0x218E,0x21B0,0x2190,0x21B1,0x21B1,0x2190,0x218E,0x2190,0x2190,0x218E,0x2190,0x21B0,
    0x21B1,0x2190,0x218E,0x216E,0x216E,0x2190,0x2190,0x2190,0x2190,0x2190,0x2190,0x2190,0x2190,0x2190,0x2190,0x2190,
    0x2190,0x2190,0x2190,0x2190,0x2190,0x2190,0x2190,0x2190,0x2190,0x2190,0x2190,0x2190,0x2190,0x2190,0x2190,0x2190,
    0x2190,0x2190,0x2190,0x2190,0x2190,0x2190,0x2190,0x2190,0x2190,0x2190,0x2190,0x2190,0x2190,0x2190,0x2190,0x2190,
    0x2190,0x2190,0x2190,0x2190,0x216E,0x1D6D,0x1D6D,0x192B,0x192B,0x1D2B,0x1909,0x1D6D,0x21B1,0x21B1,0x2190,0x218E,
    0x1908,0x1909,0x218E,0x25D1,0x21B1,0x1D2B,0x190A,0x1D4C,0x1D2B,0x1D2B,0x1909,0x14E8,0x14E8,0x1D4C,0x21B1,0x21B1,
    0x218E,0x1D6D,0x2190,0x1D6D,0x14E8,0x1908,0x1908,0x1909,0x18E7,0x18C6,0x14C6,0x1484,0x18E7,0x18E7,0x18C6,0x1084,
    0x0C85,0x21B0,0x18E8,0x0800,0x0C20,0x1062,0x1062,0x1062,0x0C00,0x0800,0x0800,0x0C41,0x1083,0x1062,0x0800,0x0C00,
    0x0C00,0x0C00,0x0820,0x18E7,0x14C7,0x1083,0x1062,0x1062,0x1083,0x1041,0x0800,0x0800,0x0400,0x10A5,0x1484,0x1082,
    0x18C5,0x1062,0x1062,0x1062,0x1062,0x1062,0x0800,0x0C00,0x0C00,0x0C00,0x0C00,0x0C00,0x0C00,0x0C00,0x0C00,0x0C00,
    0x0C00,0x0C00,0x0C00,0x0C00,0x0C00,0x0C00,0x0800,0x0C00,0x0C00,0x0C00,0x0800,0x1041,0x1062,0x1083,0x14E8,0x1908,
    0x18E7,0x14A4,0x14A4,0x18E7,0x14E7,0x1908,0x14C5,0x1062,0x1062,0x1482,0x1062,0x14A5,0x14C6,0x0800,0x0C00,0x0C00,
    0x0C00,0x0C00,0x0C00,0x0C00,0x0C00,0x0C00,0x0C00,0x0C20,0x0820,0x0C20,0x1482,0x1062,0x0800,0x0800,0x0800,0x1484,
    0x18E7,0x1062,0x1062,0x1483,0x1908,0x1909,0x18E8,0x1909,0x0C42,0x0C41,0x1062,0x1061,0x1061,0x1083,0x1083,0x1083,
    0x1084,0x1084,0x1083,0x14A5,0x14C5,0x18C6,0x14C6,0x14A5,0x1062,0x1062,0x1062,0x1062,0x1062,0x1084,0x14A5,0x14C6,
    0x1908,0x18E8,0x1908,0x1908,0x1908,0x1909,0x1909,0x1D2B,0x216C,0x1D4C,0x1D4C,0x1D4C,0x1D4C,0x1D2A,0x190A,0x1D2B,
    0x216C,0x190A,0x1D2B,0x1D6D,0x1D4D,0x216E,0x2190,0x2190,0x2190,0x2190,0x21B1,0x216E,0x2190,0x21B0,0x2190,0x2190,
    0x2190,0x21B1,0x21B1,0x21B0,0x2190,0x2190,0x2190,0x2190,0x2190,0x2190,0x2190,0x2190,0x21B1,0x21B1,0x21B1,0x21B1,
    0x2190,0x2190,0x21B1,0x21B1,0x21B1,0x21B1,0x21B1,0x2190,0x2190,0x21B1,0x21B1,0x21B1,0x2190,0x2190,0x21B1,0x21B1,
    0x21B1,0x21B1,0x21B1,0x2190,0x1D4D,0x1D4D,0x1D4D,0x1D4C,0x1D4D,0x2190,0x21B1,0x25D1,0x216E,0x1D2B,0x1D2B,0x14E8,
    0x14E8,0x2190,0x2190,0x1909,0x190A,0x216E,0x2190,0x1D2B,0x190A,0x192B,0x14E8,0x14A4,0x10A5,0x14E7,0x1D2B,0x1D2A,
    0x18E7,0x18E8,0x1908,0x1D2A,0x18C6,0x14C6,0x14C7,0x14C6,0x1084,0x14C6,0x18E7,0x18C5,0x1083,0x1062,0x1062,0x0821,
    0x1D6D,0x1909,0x1083,0x0800,0x0C20,0x0C20,0x1041,0x1062,0x0800,0x0C20,0x1062,0x1483,0x1062,0x0C20,0x0800,0x0C00,
    0x0C00,0x0C00,0x0C00,0x1062,0x0C20,0x1062,0x1482,0x1462,0x0C21,0x0C00,0x0C00,0x0800,0x1084,0x1083,0x1061,0x1083,
    0x14A4,0x1062,0x1062,0x1062,0x1082,0x0C21,0x0800,0x0C00,0x0C00,0x0C00,0x0C00,0x0C00,0x0C00,0x0C00,0x0C00,0x0C00,
    0x0C00,0x0C00,0x0C00,0x0C00,0x0C00,0x0C00,0x0C00,0x0C00,0x0C00,0x0C00,0x0800,0x0C20,0x1462,0x1062,0x14A4,0x1908,
    0x1908,0x1484,0x1061,0x1083,0x14C6,0x14E8,0x1D4B,0x216C,0x1909,0x1062,0x1062,0x1083,0x1484,0x0800,0x0C00,0x0C00,
    0x0C00,0x0C00,0x0C00,0x0C00,0x0C00,0x0C00,0x0C00,0x0C20,0x1062,0x0800,0x1062,0x1482,0x0C20,0x0800,0x0800,0x0C21,
    0x18E7,0x18E7,0x1483,0x1061,0x14A5,0x18C6,0x0C41,0x18C6,0x14E8,0x0C84,0x0C20,0x1062,0x1062,0x1083,0x1083,0x1083,
    0x14C6,0x14C6,0x14C6,0x1062,0x18C5,0x18E7,0x18E7,0x1908,0x14C5,0x1083,0x1061,0x1062,0x1483,0x1062,0x1061,0x1462,
    0x1083,0x1482,0x14A5,0x14C5,0x18E7,0x14C7,0x10A6,0x10A6,0x0C85,0x0C85,0x14C7,0x1909,0x14C7,0x14E9,0x1D6D,0x1D6D,
    0x192B,0x192C,0x1D6D,0x194D,0x1D4D,0x2190,0x21B1,0x2190,0x25D1,0x218E,0x14EA,0x10A7,0x14C8,0x192C,0x21B1,0x21B1,
    0x218E,0x194D,0x194D,0x218E,0x21B1,0x2190,0x2190,0x2190,0x2190,0x2190,0x21B1,0x218E,0x194D,0x194D,0x194D,0x1D4D,
    0x21B1,0x1D6E,0x192C,0x194D,0x194D,0x194D,0x192C,0x2190,0x21B1,0x194D,0x192C,0x1D6D,0x25D1,0x2190,0x194D,0x1D2C,
    0x192C,0x192C,0x194D,0x21B0,0x218E,0x194D,0x194D,0x1D4D,0x194D,0x192C,0x1D2B,0x1909,0x14E8,0x190A,0x1D2B,0x216E,
    0x218E,0x21B1,0x1D2B,0x14E8,0x1D6D,0x218E,0x2190,0x218E,0x218E,0x218E,0x2190,0x218E,0x218E,0x216E,0x216C,0x14C5,
    0x18E7,0x1484,0x18E7,0x18E7,0x0C21,0x0C64,0x14E8,0x14E9,0x1909,0x1908,0x18E8,0x14C5,0x14A4,0x1062,0x0800,0x0C64,
    0x1D4C,0x14A4,0x0C20,0x0C00,0x0C00,0x0C00,0x0C00,0x1061,0x0C21,0x1062,0x1082,0x1041,0x0800,0x0800,0x0C00,0x0C00,
    0x0C00,0x0C00,0x0C00,0x1061,0x1084,0x14A4,0x1062,0x0C20,0x0800,0x0C00,0x0820,0x0C42,0x1084,0x1083,0x1062,0x1062,
    0x1482,0x1062,0x1462,0x1462,0x1482,0x0C21,0x0800,0x0C00,0x0C00,0x0C00,0x0C00,0x0C00,0x0C00,0x0C00,0x0C00,0x0C00,
    0x0C00,0x0C00,0x0C00,0x0C00,0x0C00,0x0C00,0x0C00,0x0C00,0x0C00,0x0C00,0x0800,0x0800,0x1062,0x1062,0x1462,0x1484,
    0x18E7,0x1083,0x1062,0x1062,0x1062,0x14A5,0x14E8,0x190A,0x1D4C,0x1D2B,0x1084,0x1061,0x1483,0x0C21,0x0C00,0x0C00,
    0x0C00,0x0C00,0x0C00,0x0C00,0x0C00,0x0C00,0x0C00,0x0C00,0x1061,0x0C20,0x0800,0x1483,0x1041,0x0800,0x0C00,0x0800,
    0x1062,0x18E7,0x18E7,0x1062,0x1062,0x1062,0x1061,0x0C41,0x1062,0x218E,0x0C85,0x0C20,0x1082,0x14A4,0x18E7,0x1D4C,
    0x216C,0x216E,0x2190,0x1908,0x1061,0x1061,0x1462,0x1083,0x14A4,0x18C6,0x14A4,0x1061,0x1062,0x1062,0x1062,0x1062,
    0x1062,0x1062,0x1061,0x1061,0x1062,0x0821,0x18E5,0x18E5,0x1D48,0x1D48,0x14A4,0x0401,0x18E5,0x18E5,0x0423,0x0C85,
    0x14A4,0x18E5,0x0401,0x18E5,0x0C63,0x10A7,0x218E,0x216E,0x14E9,0x0423,0x18E5,0x1D48,0x1D48,0x0842,0x0C86,0x1D2C,
    0x0000,0x18E5,0x1D48,0x0401,0x192C,0x25D1,0x2190,0x2190,0x2190,0x2190,0x1D2C,0x0422,0x18E5,0x1D48,0x1D48,0x14A4,
    0x0844,0x14A4,0x1D48,0x18E5,0x18E5,0x1D48,0x18E5,0x0C85,0x0844,0x14A4,0x1D48,0x0842,0x14C8,0x14C7,0x14A4,0x18E5,
    0x1D48,0x1D48,0x18E5,0x0423,0x14A4,0x1D48,0x1D48,0x18E5,0x1D48,0x18E5,0x0423,0x1909,0x192B,0x2190,0x25D1,0x21B1,
    0x21B1,0x21B1,0x21B1,0x25D1,0x21B1,0x2190,0x1D6D,0x1D4C,0x1D6D,0x216E,0x1D6D,0x21B0,0x21B1,0x1D6D,0x18E7,0x1084,
    0x1084,0x1062,0x1062,0x1062,0x14C7,0x216E,0x218E,0x216C,0x1484,0x1041,0x1062,0x1462,0x1062,0x1062,0x0C64,0x1D2C,
    0x1909,0x0C21,0x0800,0x0C00,0x0C00,0x0C00,0x0C00,0x1062,0x1082,0x1062,0x1062,0x0800,0x0800,0x0C00,0x0C00,0x0C00,
    0x0C00,0x0800,0x1084,0x1D4C,0x1D6D,0x1D2A,0x14C6,0x1083,0x1483,0x0821,0x190A,0x18E8,0x0800,0x1483,0x1062,0x1062,
    0x1462,0x1462,0x1482,0x1482,0x1062,0x0800,0x0C00,0x0C00,0x0C00,0x0C00,0x0C00,0x0C00,0x0C00,0x0C00,0x0C00,0x0C00,
    0x0C00,0x0C00,0x0C00,0x0C00,0x0C00,0x0C00,0x0C00,0x0C00,0x0C00,0x0C00,0x0C00,0x0C00,0x0C41,0x1082,0x1062,0x1062,
    0x18C5,0x1062,0x0C00,0x1061,0x1482,0x1062,0x14C5,0x14E8,0x14E7,0x190A,0x216C,0x1084,0x1062,0x0C41,0x0800,0x0C00,
    0x0C00,0x0C00,0x0C00,0x0C00,0x0C00,0x0C00,0x0C00,0x0C00,0x0C20,0x1482,0x0C20,0x0C20,0x1462,0x0C00,0x0C00,0x0800,
    0x0C20,0x1062,0x18C6,0x14A5,0x1062,0x1062,0x14A4,0x1909,0x1083,0x14E8,0x2190,0x0821,0x1041,0x1062,0x1083,0x1908,
    0x1909,0x1909,0x216E,0x1909,0x18C6,0x18C5,0x1083,0x1062,0x0C41,0x1062,0x1083,0x1083,0x18C6,0x18E8,0x18E7,0x18E7,
    0x18E7,0x18E7,0x14A5,0x1062,0x0C20,0x1083,0x3BAE,0x3BAE,0x368D,0x3BAE,0x3BAE,0x0842,0x368D,0x3BAE,0x0842,0x0844,
    0x3BAE,0x3BAE,0x14A4,0x3BAE,0x25AD,0x0423,0x1D2A,0x1909,0x0423,0x368D,0x3BAE,0x368D,0x3BAE,0x3BAE,0x0C63,0x0000,
    0x25AD,0x3BAE,0x3BAE,0x25AD,0x0000,0x190A,0x2190,0x2190,0x2190,0x25D1,0x10A6,0x1D48,0x3BAE,0x368D,0x368D,0x3BAE,
    0x18E5,0x14A4,0x368D,0x3BAE,0x3BAE,0x368D,0x25AD,0x0000,0x14A4,0x3BAE,0x3BAE,0x3BAE,0x0400,0x0000,0x3BAE,0x3BAE,
    0x368D,0x368D,0x3BAE,0x18E5,0x1082,0x368D,0x3BAE,0x3BAE,0x368D,0x1D48,0x0401,0x1D4C,0x1D6D,0x1D4C,0x1D4D,0x1D6D,
    0x216E,0x216E,0x1D6D,0x1D4D,0x192B,0x1909,0x14E8,0x14C6,0x18E7,0x14E7,0x14E7,0x1909,0x190A,0x1909,0x1D2A,0x1908,
    0x1908,0x1908,0x1908,0x1908,0x18E7,0x14A4,0x1483,0x1062,0x1062,0x1482,0x1061,0x0C41,0x0C63,0x1909,0x216C,0x18E8,
    0x1061,0x0C20,0x0800,0x0C00,0x0C00,0x0C00,0x1041,0x1083,0x1083,0x1062,0x0800,0x0800,0x0800,0x0C00,0x0C00,0x0C00,
    0x0C00,0x0800,0x14C8,0x1D6F,0x1D6D,0x1D4C,0x1908,0x18C6,0x0C42,0x14C7,0x1D4C,0x0C42,0x1062,0x1483,0x1083,0x1062,
    0x1062,0x1462,0x1482,0x1483,0x0C20,0x0800,0x0C00,0x0C00,0x0C00,0x0C00,0x0C00,0x0C00,0x0C00,0x0C00,0x0C00,0x0C00,
    0x0C00,0x0C00,0x0C00,0x0C00,0x0C00,0x0C00,0x0C00,0x0C00,0x0C00,0x0C00,0x0C00,0x0C00,0x0C20,0x1062,0x1062,0x1063,
    0x1908,0x1083,0x0800,0x0800,0x0C41,0x1462,0x1082,0x14A5,0x14C6,0x14E7,0x1909,0x216E,0x14A5,0x0800,0x0C00,0x0C00,
    0x0C00,0x0C00,0x0C00,0x0C00,0x0C00,0x0C00,0x0C00,0x0C00,0x0800,0x0C41,0x1462,0x0C41,0x0C20,0x0C00,0x0C00,0x0C00,
    0x0C00,0x0C20,0x1083,0x18E7,0x1083,0x1062,0x1062,0x1D2A,0x1909,0x10A5,0x1D6D,0x10A7,0x0800,0x1483,0x1062,0x1062,
    0x1083,0x14A4,0x14A5,0x14C6,0x18C6,0x14C6,0x1D4B,0x216E,0x1D4B,0x216C,0x1D2A,0x1D4B,0x1909,0x1908,0x1908,0x1908,
    0x1908,0x1908,0x1908,0x18C6,0x0C84,0x14A4,0x3BAE,0x368D,0x0000,0x18E5,0x3BAE,0x1D48,0x368D,0x3BAE,0x0842,0x0844,
    0x3BAE,0x3BAE,0x14A4,0x3BAE,0x25AD,0x0844,0x1D2A,0x14E8,0x14A4,0x3BAE,0x1D48,0x0000,0x0000,0x1D48,0x0842,0x1D48,
    0x3BAE,0x18E5,0x0842,0x3BAE,0x25AD,0x0422,0x21B1,0x21B0,0x2190,0x25D1,0x14C8,0x3BAE,0x3BAE,0x0000,0x0000,0x1D48,
    0x18E5,0x0000,0x0000,0x368D,0x3BAE,0x0401,0x0000,0x14A4,0x3BAE,0x368D,0x0000,0x368D,0x3BAE,0x0842,0x3BAE,0x3BAE,
    0x0000,0x0000,0x3BAE,0x3BAE,0x0000,0x0000,0x368D,0x3BAE,0x0842,0x0000,0x0C64,0x14E7,0x14C7,0x14E7,0x14E7,0x14E7,
    0x14E7,0x18E7,0x14E8,0x14E8,0x18E7,0x14E7,0x14E8,0x1908,0x1908,0x1908,0x1908,0x1908,0x1908,0x1908,0x14E7,0x14C5,
    0x1083,0x1083,0x1083,0x1063,0x1061,0x1061,0x1062,0x1482,0x1041,0x0C20,0x0842,0x190A,0x21B0,0x1D6D,0x1484,0x1061,
    0x1083,0x0C21,0x0800,0x0C00,0x0C00,0x0800,0x1041,0x1483,0x1062,0x0C20,0x0800,0x0C00,0x0C00,0x0C00,0x0C00,0x0C00,
    0x0C00,0x0800,0x14E8,0x1D4C,0x1908,0x18E7,0x1483,0x0C41,0x0C64,0x1D4B,0x1062,0x0400,0x1083,0x1083,0x1083,0x1062,
    0x1062,0x1062,0x1462,0x0C20,0x0800,0x0800,0x0C00,0x0C00,0x0C00,0x0C00,0x0800,0x0C00,0x0C00,0x0C00,0x0C00,0x0C00,
    0x0C00,0x0C00,0x0C00,0x0C00,0x0C00,0x0C00,0x0C00,0x0C00,0x0C00,0x0C00,0x0C00,0x0C00,0x0800,0x1062,0x1062,0x1062,
    0x14A4,0x1083,0x0800,0x0C00,0x0800,0x1062,0x1062,0x1062,0x1062,0x14A5,0x18E7,0x192B,0x216E,0x0C85,0x0800,0x0C00,
    0x0C00,0x0C00,0x0C00,0x0C00,0x0C00,0x0C00,0x0C00,0x0C00,0x0C00,0x0800,0x0C41,0x1483,0x1041,0x0C20,0x0800,0x0800,
    0x0800,0x0800,0x0C20,0x14A4,0x14A4,0x1062,0x1062,0x1062,0x1909,0x192B,0x190A,0x218E,0x10A6,0x0C41,0x1483,0x1462,
    0x1062,0x1083,0x14A4,0x1484,0x1061,0x1062,0x14A5,0x14C6,0x14C6,0x18E7,0x14E8,0x1D4B,0x1909,0x18E8,0x1908,0x18E8,
    0x14C6,0x14C6,0x1908,0x1908,0x14C7,0x14A4,0x3BAE,0x368D,0x0401,0x1D48,0x3BAE,0x1D48,0x368D,0x3BAE,0x0842,0x0C64,
    0x3BAE,0x3BAE,0x14A4,0x3BAE,0x25AD,0x0844,0x1D2A,0x1908,0x0401,0x368D,0x3BAE,0x368D,0x368D,0x18E5,0x0000,0x368D,
    0x3BAE,0x0000,0x0000,0x3BAE,0x3BAE,0x0842,0x1D4C,0x1D4C,0x1D4D,0x1D6D,0x0C64,0x1D48,0x3BAE,0x368D,0x368D,0x1D48,
    0x0000,0x1909,0x14C7,0x368D,0x3BAE,0x0C84,0x14E9,0x1D48,0x3BAE,0x14A4,0x0000,0x1D48,0x3BAE,0x14A4,0x3BAE,0x3BAE,
    0x0000,0x1D48,0x3BAE,0x18E5,0x0423,0x14C7,0x368D,0x3BAE,0x14A4,0x14E8,0x1D4C,0x1D4C,0x216E,0x1D6D,0x1D6D,0x1D6D,
    0x1D4C,0x1908,0x18E8,0x1908,0x18E7,0x18E7,0x18E7,0x18E7,0x18E7,0x18C6,0x14A4,0x14A4,0x14A4,0x14A4,0x1062,0x1062,
    0x1062,0x1062,0x1062,0x1061,0x1062,0x1041,0x0820,0x0800,0x10A6,0x192B,0x25D1,0x1D4C,0x14C6,0x1083,0x1062,0x1483,
    0x1062,0x0800,0x0C00,0x0800,0x0800,0x0C20,0x1483,0x0C21,0x0800,0x0800,0x0C00,0x0C00,0x0C00,0x0C00,0x0C00,0x0C00,
    0x0C00,0x0821,0x192B,0x14E7,0x14C6,0x18C6,0x0C21,0x10A7,0x218E,0x14C6,0x0800,0x0800,0x1083,0x1062,0x1062,0x1062,
    0x1062,0x1062,0x0C20,0x0800,0x0C00,0x0C00,0x0C00,0x0C00,0x0800,0x0C20,0x0C20,0x0800,0x0C00,0x0C00,0x0C00,0x0C00,
    0x0C00,0x0C00,0x0C00,0x0C00,0x0C00,0x0C00,0x0C00,0x0C00,0x0C00,0x0C00,0x0C00,0x0C00,0x0800,0x1061,0x1062,0x1062,
    0x1062,0x1061,0x0C00,0x0C00,0x0800,0x0C20,0x1482,0x1062,0x1482,0x1462,0x1483,0x14C5,0x1909,0x1D4C,0x0C42,0x0800,
    0x0C00,0x0C00,0x0C00,0x0C00,0x0C00,0x0C00,0x0C00,0x0C00,0x0C00,0x0C00,0x0800,0x1041,0x1483,0x1483,0x0C41,0x0800,
    0x0C00,0x0C00,0x0800,0x0C20,0x0C20,0x0C21,0x1482,0x1062,0x1084,0x1D4C,0x14C6,0x1D2B,0x218E,0x0C84,0x1061,0x1062,
    0x1062,0x1062,0x1062,0x1063,0x1062,0x1062,0x1061,0x1041,0x1083,0x18E7,0x18E7,0x18E8,0x18E7,0x1908,0x14C6,0x1084,
    0x1908,0x14C6,0x1084,0x18E7,0x14E8,0x18E5,0x3BAE,0x3BAE,0x3BAE,0x3BAE,0x368D,0x0000,0x368D,0x3BAE,0x0C63,0x0C84,
    0x3BAE,0x3BAE,0x14A4,0x3BAE,0x25AD,0x0423,0x1D4B,0x1D2A,0x0C63,0x0000,0x1D48,0x1D48,0x368D,0x3BAE,0x14A4,0x368D,
    0x3BAE,0x3BAE,0x368D,0x3BAE,0x3BAE,0x0842,0x1D2A,0x216C,0x216E,0x218E,0x14C8,0x0000,0x14A4,0x1D48,0x1D48,0x3BAE,
    0x25AD,0x0423,0x0C64,0x368D,0x3BAE,0x0C84,0x10A6,0x1D48,0x3BAE,0x3BAE,0x368D,0x3BAE,0x3BAE,0x18E5,0x3BAE,0x3BAE,
    0x3BAE,0x3BAE,0x18E5,0x0000,0x1908,0x0C65,0x368D,0x3BAE,0x14A4,0x1908,0x216C,0x1D4C,0x21B1,0x21B1,0x21B1,0x21B0,
    0x1D4C,0x1908,0x1908,0x14C6,0x1062,0x1062,0x1062,0x1062,0x1062,0x1062,0x1062,0x1062,0x1062,0x1462,0x1482,0x1483,
    0x1061,0x1041,0x0C20,0x0821,0x0800,0x0422,0x10A7,0x1D4D,0x2190,0x1D4B,0x14C6,0x1062,0x1061,0x1062,0x1082,0x1062,
    0x0C20,0x0800,0x0C00,0x1041,0x0800,0x1062,0x0C41,0x0800,0x0C00,0x0C00,0x0C00,0x0C00,0x0C00,0x0C00,0x0C00,0x0C00,
    0x0C00,0x0821,0x14E7,0x14E7,0x14C5,0x0820,0x10A6,0x218E,0x1D4B,0x0C21,0x0800,0x0800,0x1083,0x0C41,0x1062,0x1062,
    0x1062,0x1041,0x0800,0x0800,0x0C00,0x0C00,0x0C00,0x0800,0x0C21,0x1083,0x0C20,0x0800,0x0C00,0x0C00,0x0C00,0x0C00,
    0x0C00,0x0C00,0x0C00,0x0C00,0x0C00,0x0C00,0x0C00,0x0C00,0x0C00,0x0C00,0x0C00,0x0C00,0x0800,0x0C20,0x1062,0x1062,
    0x1062,0x1061,0x0C00,0x0C00,0x0C00,0x0C00,0x1062,0x1482,0x1462,0x1482,0x1462,0x1062,0x14A4,0x1D2A,0x0C84,0x0800,
    0x0C00,0x0C00,0x0C00,0x0C00,0x0C00,0x0C00,0x0C00,0x0C00,0x0C00,0x0C00,0x0C00,0x0800,0x0C41,0x1062,0x1482,0x0C21,
    0x0800,0x0C00,0x0800,0x0800,0x0800,0x0800,0x0C00,0x1041,0x1062,0x14C6,0x18C5,0x14C5,0x1D4C,0x1D2B,0x0800,0x1062,
    0x1062,0x1062,0x1062,0x1062,0x1062,0x1062,0x1061,0x1482,0x1482,0x1483,0x1083,0x1083,0x1083,0x1062,0x0800,0x14A4,
    0x1909,0x1D4B,0x1908,0x1908,0x14C6,0x14A4,0x3BAE,0x368D,0x0800,0x0C41,0x0000,0x0000,0x3BAE,0x3BAE,0x0842,0x0422,
    0x3BAE,0x3BAE,0x18E5,0x3BAE,0x25AD,0x0400,0x1084,0x0C64,0x0C63,0x368D,0x1D48,0x0000,0x18E5,0x3BAE,0x1D48,0x368D,
    0x3BAE,0x1061,0x0C41,0x3BAE,0x3BAE,0x0842,0x1909,0x1909,0x1909,0x1D2A,0x0C63,0x368D,0x25AD,0x0000,0x0000,0x3BAE,
    0x368D,0x0422,0x0C84,0x368D,0x3BAE,0x0C84,0x0C64,0x1D48,0x3BAE,0x1D48,0x0C41,0x368D,0x3BAE,0x14A4,0x3BAE,0x3BAE,
    0x14A4,0x3BAE,0x368D,0x0000,0x10A5,0x0C84,0x368D,0x3BAE,0x14A4,0x14C7,0x1908,0x18E7,0x18E7,0x14E8,0x14E8,0x14C6,
    0x1062,0x18E7,0x1908,0x1908,0x1908,0x18E8,0x18E8,0x18E7,0x18E7,0x18E7,0x18E7,0x18E7,0x14A4,0x1041,0x0C20,0x0C20,
    0x0C84,0x10A6,0x14C7,0x1D4D,0x1D4D,0x1D4C,0x190A,0x190A,0x14C7,0x1062,0x1061,0x1062,0x1062,0x1062,0x1041,0x1062,
    0x0C21,0x0C00,0x1041,0x1041,0x0800,0x0C00,0x0800,0x0C00,0x0C00,0x0C00,0x0C00,0x0C00,0x0C00,0x0C00,0x0C00,0x0C00,
    0x0C00,0x0C20,0x1908,0x14C6,0x0820,0x0C84,0x1D4D,0x192B,0x14C5,0x0C20,0x0800,0x0C21,0x1062,0x0800,0x1062,0x1062,
    0x1062,0x0800,0x0800,0x0C00,0x0800,0x0800,0x0C20,0x0C41,0x1082,0x1062,0x0C00,0x0800,0x0C00,0x0C00,0x0C00,0x0C00,
    0x0C00,0x0C00,0x0C00,0x0C00,0x0C00,0x0C00,0x0C00,0x0C00,0x0C00,0x0C00,0x0800,0x0C41,0x0C20,0x0800,0x1061,0x1062,
    0x1462,0x1061,0x0C00,0x0C00,0x0C00,0x0800,0x1061,0x18C6,0x14C6,0x1083,0x1062,0x1062,0x1061,0x18C5,0x1084,0x0800,
    0x0C00,0x0C00,0x0C00,0x0C00,0x0C00,0x0C00,0x0C00,0x0C00,0x0C00,0x0C00,0x0C00,0x0C00,0x0800,0x0800,0x0C41,0x1462,
    0x0C20,0x0800,0x0C20,0x1061,0x1062,0x0C41,0x0800,0x0800,0x0C20,0x1483,0x14A4,0x1083,0x14A4,0x1D2A,0x0C64,0x0C41,
    0x1462,0x1462,0x1062,0x1482,0x1041,0x0C42,0x1484,0x0C42,0x1041,0x1041,0x0C41,0x0C41,0x1061,0x1062,0x0800,0x0820,
    0x1062,0x1041,0x14A4,0x18E7,0x0821,0x1083,0x3BAE,0x25AD,0x0401,0x14C6,0x14C7,0x0C64,0x1061,0x3BAE,0x3BAE,0x3BAE,
    0x3BAE,0x14A4,0x14A4,0x3BAE,0x3BAE,0x3BAE,0x3BAE,0x3BAE,0x0401,0x25AD,0x3BAE,0x3BAE,0x3BAE,0x368D,0x0000,0x368D,
    0x3BAE,0x0423,0x0401,0x3BAE,0x3BAE,0x0422,0x1908,0x1908,0x1908,0x1908,0x0423,0x14A4,0x3BAE,0x3BAE,0x3BAE,0x3BAE,
    0x0821,0x0C64,0x10A5,0x368D,0x3BAE,0x0C63,0x0C64,0x1D48,0x3BAE,0x1D48,0x0401,0x25AD,0x3BAE,0x14A4,0x3BAE,0x3BAE,
    0x0000,0x1084,0x3BAE,0x368D,0x0401,0x0C85,0x368D,0x3BAE,0x14A4,0x14C7,0x1908,0x1908,0x18C6,0x14C6,0x14C6,0x14C6,
    0x18E7,0x1084,0x14C6,0x1908,0x1908,0x1908,0x1908,0x1908,0x1908,0x1908,0x18C6,0x1062,0x0821,0x0423,0x14E9,0x1D4D,
    0x21B1,0x21B1,0x1D4C,0x216C,0x1D4C,0x1D2A,0x14C6,0x14A5,0x14A4,0x1484,0x18C5,0x1483,0x1062,0x1083,0x14A4,0x1063,
    0x0C20,0x0C20,0x1483,0x0C20,0x0800,0x0800,0x0800,0x0C00,0x0C00,0x0C00,0x0C00,0x0C00,0x0C00,0x0C00,0x0C00,0x0C00,
    0x0C00,0x0C20,0x14A4,0x1041,0x0C64,0x216E,0x190A,0x14C6,0x1062,0x0800,0x0800,0x0C41,0x0C41,0x0C00,0x1482,0x1062,
    0x0820,0x0800,0x0800,0x0800,0x0C20,0x1062,0x1062,0x1082,0x1083,0x0C41,0x0800,0x0C00,0x0C00,0x0C00,0x0C00,0x0C00,
    0x0C00,0x0C00,0x0C00,0x0C00,0x0C00,0x0C00,0x0C00,0x0C00,0x0C00,0x0C00,0x0800,0x1061,0x1062,0x0800,0x0C20,0x1062,
    0x1062,0x1062,0x0800,0x0C00,0x0C00,0x0C00,0x0C00,0x1083,0x18E8,0x14C7,0x1062,0x1062,0x1062,0x1062,0x1063,0x0800,
    0x0C00,0x0C00,0x0C00,0x0C00,0x0C00,0x0C00,0x0C00,0x0C00,0x0C00,0x0C00,0x0C00,0x0C00,0x0C00,0x0C00,0x0800,0x0C41,
    0x1062,0x0800,0x0800,0x0C20,0x1062,0x1483,0x1062,0x1062,0x0800,0x0C20,0x14A4,0x1484,0x1083,0x14A5,0x1484,0x0800,
    0x1062,0x1462,0x1482,0x1062,0x0C00,0x1484,0x1908,0x1D2A,0x14C7,0x0C85,0x0C84,0x0C64,0x0821,0x0820,0x1041,0x1061,
    0x0C21,0x1041,0x1062,0x1083,0x14A5,0x0401,0x0842,0x0000,0x0C64,0x1909,0x1908,0x1909,0x0422,0x0401,0x0C84,0x0C63,
    0x0C41,0x0000,0x0401,0x0821,0x0C41,0x1061,0x0C84,0x0C64,0x0000,0x0000,0x0842,0x0842,0x0842,0x0000,0x0000,0x0842,
    0x0842,0x0423,0x0C84,0x0401,0x0401,0x0401,0x1908,0x1908,0x1908,0x1908,0x14C7,0x0000,0x0800,0x0842,0x0842,0x0800,
    0x0401,0x1908,0x10A6,0x0401,0x0842,0x0000,0x14C6,0x0401,0x0842,0x0401,0x10A5,0x0401,0x0842,0x0000,0x0821,0x0842,
    0x0401,0x0401,0x0842,0x0821,0x0423,0x14C7,0x0401,0x0C41,0x0000,0x18E7,0x1908,0x1908,0x1908,0x1908,0x1908,0x1908,
    0x18E7,0x18C6,0x18E8,0x18E8,0x1908,0x1908,0x18E8,0x18E7,0x14A5,0x0C21,0x0800,0x0821,0x14C8,0x2190,0x216E,0x1D4C,
    0x1908,0x1083,0x14A4,0x18E7,0x18E7,0x1484,0x1083,0x0800,0x0C21,0x1062,0x1062,0x1062,0x1062,0x14A5,0x14A5,0x0800,
    0x0800,0x1062,0x1482,0x0C20,0x0C00,0x0C00,0x0C00,0x0C00,0x0C00,0x0C00,0x0C00,0x0C00,0x0C00,0x0C00,0x0C00,0x0C00,
    0x0C00,0x0C00,0x1482,0x0800,0x14C8,0x1D4C,0x14A4,0x14C5,0x0C41,0x0800,0x0C00,0x0C20,0x0C20,0x0800,0x1062,0x0C21,
    0x0800,0x0800,0x0C20,0x0C20,0x1062,0x1063,0x1062,0x1062,0x0C41,0x0800,0x0C00,0x0C00,0x0C00,0x0C00,0x0C00,0x0C00,
    0x0C00,0x0C00,0x0C00,0x0C00,0x0C00,0x0C00,0x0C00,0x0C00,0x0C00,0x0C00,0x0800,0x0C41,0x1083,0x0C20,0x0800,0x0C21,
    0x1082,0x1062,0x0C20,0x0800,0x0C00,0x0C00,0x0C00,0x0C21,0x1083,0x14C7,0x14C6,0x1063,0x1062,0x1082,0x1062,0x0800,
    0x0C00,0x0C00,0x0C00,0x0C00,0x0C00,0x0C00,0x0C00,0x0C00,0x0C00,0x0C00,0x0C00,0x0C00,0x0C00,0x0C20,0x0800,0x0800,
    0x1062,0x0C00,0x0C00,0x0C00,0x0800,0x1041,0x1062,0x1062,0x1062,0x0800,0x0C21,0x1483,0x1484,0x1484,0x1083,0x0C41,
    0x0C41,0x1482,0x1483,0x1041,0x0C00,0x0C00,0x1041,0x14C5,0x1D4B,0x192B,0x192B,0x216E,0x1D4C,0x192B,0x0842,0x1041,
    0x1482,0x1483,0x1082,0x1062,0x1063,0x0C42,0x0820,0x0C21,0x1062,0x1483,0x1062,0x18C6,0x18E7,0x0C84,0x0C84,0x0C85,
    0x0C64,0x14C6,0x14C6,0x0C64,0x0C85,0x0C85,0x0C85,0x0C64,0x14C6,0x14C6,0x0C64,0x0C64,0x0C64,0x0C85,0x14E7,0x0C85,
    0x0C84,0x14C7,0x18E7,0x0C84,0x0C64,0x10A6,0x1908,0x1908,0x1908,0x1908,0x1908,0x14C7,0x0C64,0x0C64,0x0C65,0x0C85,
    0x14E7,0x1909,0x14E8,0x0C84,0x0C64,0x10A5,0x1908,0x10A5,0x0C64,0x0C84,0x14E7,0x10A5,0x0C84,0x0C84,0x0C84,0x0C64,
    0x14C6,0x18E8,0x0C85,0x0C85,0x14E7,0x1908,0x10A6,0x0C84,0x0C84,0x18E7,0x18E7,0x18E7,0x1484,0x1062,0x14A4,0x14A4,
    0x1484,0x14A4,0x14A4,0x14A4,0x1083,0x1083,0x1483,0x1062,0x0800,0x0C84,0x190A,0x1D4D,0x216E,0x1909,0x1484,0x0C20,
    0x0C20,0x18E7,0x1908,0x1062,0x1062,0x0C21,0x0C41,0x0C21,0x0820,0x1062,0x1062,0x1062,0x1062,0x0C00,0x0800,0x0800,
    0x1041,0x1483,0x0C21,0x0800,0x0C00,0x0C00,0x0C00,0x0C00,0x0C00,0x0C00,0x0C00,0x0C00,0x0C00,0x0C00,0x0C00,0x0C00,
    0x0C00,0x0C20,0x0C21,0x0400,0x1D2C,0x192B,0x18C5,0x1083,0x0800,0x0C00,0x0C00,0x0C00,0x0C00,0x0C00,0x1041,0x1062,
    0x0800,0x0C20,0x1062,0x1062,0x1062,0x1083,0x1062,0x0C00,0x0800,0x0C00,0x0C00,0x0C00,0x0C00,0x0C00,0x0C00,0x0C00,
    0x0C00,0x0C00,0x0C00,0x0C00,0x0C00,0x0C00,0x0C00,0x0C00,0x0C00,0x0C00,0x0C00,0x0800,0x1062,0x1062,0x0800,0x0800,
    0x1062,0x1062,0x1062,0x0800,0x0C00,0x0C00,0x0C00,0x0C20,0x1062,0x1062,0x18E7,0x14E7,0x1062,0x1062,0x1062,0x0800,
    0x0C00,0x0C00,0x0C00,0x0C00,0x0C00,0x0C00,0x0C00,0x0C00,0x0C00,0x0C00,0x0C00,0x0C00,0x0800,0x1061,0x0C20,0x0800,
    0x0C20,0x0C20,0x0C00,0x0C00,0x0C00,0x0800,0x0C20,0x1062,0x1062,0x1061,0x0800,0x0C20,0x14A4,0x14A4,0x1083,0x1483,
    0x1062,0x1062,0x1061,0x0C21,0x1483,0x1041,0x0C20,0x0800,0x0C41,0x1062,0x1084,0x14C7,0x1908,0x1D4B,0x216E,0x14C7,
    0x0821,0x0C41,0x1062,0x1062,0x1062,0x1083,0x1083,0x1062,0x1062,0x1062,0x1062,0x1062,0x1482,0x1483,0x1483,0x14A5,
    0x14A4,0x1484,0x1484,0x14A5,0x18C5,0x1908,0x1909,0x1908,0x1908,0x1908,0x1908,0x1908,0x1909,0x1D2A,0x1909,0x1909,
    0x1909,0x1908,0x1908,0x1909,0x1909,0x1908,0x1908,0x1908,0x1908,0x1908,0x14E8,0x1908,0x1909,0x1909,0x1909,0x1909,
    0x1908,0x1908,0x1908,0x1909,0x1909,0x1909,0x1908,0x1909,0x1909,0x1909,0x1908,0x1908,0x1908,0x1908,0x1908,0x18E7,
    0x18C6,0x18C6,0x18E7,0x18E7,0x18E7,0x18C6,0x18E7,0x14A5,0x1083,0x1062,0x1062,0x1062,0x14A4,0x14A5,0x1908,0x1908,
    0x1908,0x18E7,0x18C6,0x18C6,0x1062,0x1062,0x1061,0x0C21,0x190A,0x216E,0x1D4B,0x14C6,0x14A4,0x0C20,0x0800,0x0C41,
    0x1083,0x1062,0x0800,0x0800,0x0C00,0x0C20,0x0800,0x0800,0x0C21,0x1082,0x0C20,0x0800,0x0800,0x0800,0x0800,0x0C21,
    0x1483,0x0C20,0x0800,0x0C00,0x0C00,0x0C00,0x0C00,0x0C00,0x0C00,0x0C00,0x0C00,0x0C00,0x0C00,0x0C00,0x0C00,0x0C00,
    0x0800,0x0400,0x0800,0x14C8,0x1D4C,0x1909,0x1484,0x0800,0x0C00,0x0C00,0x0C00,0x0C00,0x0C00,0x0C00,0x0800,0x0C41,
    0x1041,0x1062,0x1062,0x1062,0x1062,0x1041,0x0C00,0x0C00,0x0C00,0x0C00,0x0C00,0x0C00,0x0C00,0x0C00,0x0C00,0x0C00,
    0x0C00,0x0C00,0x0C00,0x0C00,0x0C00,0x0C00,0x0C00,0x0C00,0x0C00,0x0C00,0x0C00,0x0800,0x0C21,0x1483,0x1041,0x0800,
    0x0800,0x1062,0x1062,0x0C20,0x0C00,0x0C00,0x0C00,0x0800,0x0C41,0x1062,0x1083,0x1908,0x14E8,0x1083,0x1061,0x0800,
    0x0C00,0x0C00,0x0C00,0x0C00,0x0C00,0x0C00,0x0C00,0x0C00,0x0C00,0x0C00,0x0C00,0x0C00,0x0C00,0x0C20,0x0C20,0x0C00,
    0x0C00,0x0C00,0x0C00,0x0C00,0x0C00,0x0C00,0x0800,0x0C20,0x1062,0x1082,0x0C41,0x0800,0x0C41,0x14A4,0x1083,0x14A4,
    0x14A5,0x0C21,0x1062,0x0800,0x0C20,0x1041,0x1483,0x1062,0x1041,0x1062,0x14C5,0x14A5,0x14A5,0x14A4,0x14C6,0x1D4C,
    0x1D6D,0x0842,0x0C41,0x1062,0x1062,0x18C6,0x18C6,0x18C6,0x14A5,0x1083,0x1083,0x1062,0x1061,0x1061,0x1061,0x1041,
    0x1061,0x1062,0x1062,0x1062,0x1062,0x1063,0x1083,0x1063,0x1063,0x1083,0x1083,0x1083,0x1484,0x14A5,0x14A5,0x14C6,
    0x18E8,0x1908,0x18E8,0x18E8,0x1908,0x1908,0x1908,0x1908,0x1908,0x1908,0x1908,0x1908,0x1908,0x1908,0x1908,0x1908,
    0x1908,0x1908,0x1908,0x1908,0x1908,0x14C6,0x14A5,0x14A4,0x14A4,0x14A5,0x14A4,0x1062,0x1062,0x1062,0x1062,0x1062,
    0x1061,0x1061,0x1061,0x1062,0x1062,0x1062,0x1061,0x1061,0x1061,0x1062,0x1062,0x1062,0x1483,0x1483,0x14A4,0x14A4,
    0x14A4,0x1083,0x18C5,0x1083,0x1062,0x1062,0x0821,0x192B,0x1D4B,0x1083,0x1062,0x0C20,0x0C20,0x0800,0x0800,0x0C21,
    0x0C20,0x0800,0x0800,0x0C00,0x0C00,0x0800,0x0C00,0x1062,0x1082,0x0C20,0x0800,0x0C00,0x0C00,0x0800,0x0C20,0x1062,
    0x0C20,0x0800,0x0C00,0x0C00,0x0C00,0x0C00,0x0C00,0x0C00,0x0C00,0x0C00,0x0C00,0x0C00,0x0C00,0x0C00,0x0C00,0x0400,
    0x0400,0x0C85,0x1D4C,0x1D4C,0x14A5,0x1083,0x0C20,0x0800,0x0C00,0x0C00,0x0C00,0x0C00,0x0C00,0x0C00,0x0C20,0x1062,
    0x1062,0x1062,0x1062,0x1062,0x0C41,0x0800,0x0800,0x0C00,0x0C00,0x0C00,0x0C00,0x0C00,0x0C00,0x0C00,0x0C00,0x0C00,
    0x0C00,0x0C00,0x0C00,0x0C00,0x0C00,0x0C00,0x0C00,0x0C00,0x0C00,0x0C00,0x0C00,0x0C00,0x0C00,0x1041,0x1083,0x1062,
    0x0C00,0x0800,0x1062,0x0C41,0x0C00,0x0C00,0x0C00,0x0C00,0x0800,0x1062,0x1062,0x14A4,0x1908,0x18C6,0x1041,0x0800,
    0x0C00,0x0C00,0x0C00,0x0C00,0x0C00,0x0C00,0x0C00,0x0C00,0x0C00,0x0C00,0x0C00,0x0C00,0x0C00,0x0C00,0x0C00,0x0C00,
    0x0C00,0x0C00,0x0C00,0x0C00,0x0C00,0x0C00,0x0C00,0x0800,0x0C20,0x1062,0x1062,0x0C20,0x0800,0x1062,0x1484,0x14A4,
    0x1483,0x0C20,0x0C00,0x0C00,0x0800,0x0800,0x0C00,0x0C00,0x0C00,0x0C21,0x1062,0x1062,0x1083,0x14A5,0x14A4,0x1084,
    0x190A,0x1D2B,0x0821,0x1061,0x1062,0x1062,0x1083,0x18C5,0x18E7,0x18E7,0x18E7,0x14A5,0x14A4,0x14A5,0x14A5,0x14C5,
    0x1083,0x1082,0x1083,0x1062,0x1062,0x1062,0x1062,0x1062,0x1062,0x1462,0x1462,0x1462,0x1062,0x1062,0x1062,0x14A5,
    0x18C6,0x1083,0x1083,0x1062,0x1083,0x14C6,0x14C6,0x14C6,0x18E7,0x1908,0x1908,0x18E8,0x18E8,0x1908,0x1908,0x1908,
    0x1908,0x18E7,0x14E8,0x14C6,0x18C6,0x14C5,0x1062,0x1062,0x1062,0x1062,0x1062,0x1462,0x1482,0x1482,0x1482,0x1462,
    0x1462,0x1082,0x1482,0x1482,0x1462,0x1062,0x1062,0x1062,0x1062,0x1062,0x1062,0x1062,0x1062,0x1062,0x1062,0x1062,
    0x1062,0x1462,0x1483,0x1482,0x1482,0x0800,0x1909,0x1D2A,0x1061,0x1062,0x0820,0x0800,0x0800,0x0C00,0x0C00,0x0C00,
    0x0C00,0x0C00,0x0800,0x0800,0x0C00,0x0C20,0x1062,0x1462,0x0800,0x0C00,0x0C00,0x0C00,0x0C00,0x0800,0x0C20,0x0800,
    0x0800,0x0C00,0x0C00,0x0C00,0x0C00,0x0C00,0x0C00,0x0C00,0x0C00,0x0C00,0x0C00,0x0C00,0x0800,0x0400,0x0400,0x0842,
    0x190A,0x1D6D,0x1909,0x1084,0x1061,0x1062,0x1062,0x0C00,0x0C00,0x0C00,0x0C00,0x0C00,0x0C00,0x0C00,0x1062,0x1062,
    0x1062,0x1062,0x1082,0x1041,0x0800,0x0800,0x0C00,0x0C00,0x0C00,0x0C00,0x0C00,0x0C00,0x0C00,0x0C00,0x0C00,0x0C00,
    0x0C00,0x0C00,0x0C00,0x0C00,0x0C00,0x0C00,0x0C00,0x0C00,0x0C00,0x0C00,0x0C00,0x0C00,0x0C00,0x0800,0x0C41,0x1082,
    0x1062,0x0C20,0x0C00,0x0800,0x0C00,0x0C00,0x0C00,0x0C00,0x0C00,0x0C00,0x0C20,0x1061,0x14C6,0x18E7,0x1061,0x0C20,
    0x0800,0x0800,0x0800,0x0800,0x0C00,0x0C00,0x0C00,0x0C00,0x0C00,0x0C00,0x0C00,0x0C00,0x0C00,0x0C00,0x0C00,0x0C00,
    0x0C00,0x0C00,0x0C00,0x0C00,0x0C00,0x0C00,0x0C00,0x0C00,0x0800,0x1061,0x1483,0x0C41,0x0800,0x0800,0x1063,0x14A4,
    0x14A4,0x0C41,0x0800,0x0C00,0x0C00,0x0800,0x0C00,0x0800,0x0800,0x0800,0x0800,0x0800,0x0800,0x0C00,0x0C41,0x1483,
    0x1083,0x1D2A,0x1909,0x0820,0x1482,0x1062,0x1062,0x1061,0x1062,0x1083,0x1082,0x14A5,0x18C5,0x14C5,0x18C5,0x18C5,
    0x14A5,0x18C5,0x14A4,0x1462,0x1462,0x1062,0x1062,0x1062,0x1062,0x1062,0x1482,0x1482,0x1462,0x1062,0x1462,0x1062,
    0x1062,0x1062,0x1062,0x1062,0x1483,0x18C6,0x14C6,0x18C6,0x14A5,0x1083,0x1083,0x1083,0x1083,0x1484,0x18E7,0x18E7,
    0x14A4,0x1083,0x1083,0x1062,0x1062,0x1062,0x1062,0x1062,0x1062,0x1482,0x1462,0x1462,0x1482,0x1482,0x1482,0x1482,
    0x1462,0x1062,0x1062,0x1062,0x1082,0x1484,0x18C6,0x1908,0x1908,0x1908,0x18E7,0x18E7,0x18E7,0x1083,0x1062,0x1062,
    0x1062,0x1462,0x1062,0x1482,0x0C20,0x0C85,0x1D2A,0x1062,0x1062,0x0800,0x0800,0x0C00,0x0C00,0x0C00,0x0C00,0x0C00,
    0x0C00,0x0800,0x0C20,0x1041,0x1062,0x1483,0x1062,0x0800,0x0800,0x0C00,0x0C00,0x0C00,0x0C00,0x0C00,0x0800,0x0C00,
    0x0C00,0x0C00,0x0C00,0x0C00,0x0C00,0x0C00,0x0C00,0x0C00,0x0C00,0x0800,0x0400,0x0000,0x0401,0x0844,0x1909,0x1D6D,
    0x1D6D,0x18E7,0x1062,0x1062,0x1062,0x1062,0x1041,0x0800,0x0C00,0x0C00,0x0C00,0x0C00,0x0800,0x0C20,0x1062,0x1062,
    0x1062,0x1082,0x0C41,0x0800,0x0C00,0x0C00,0x0C00,0x0C00,0x0C00,0x0C00,0x0C00,0x0C00,0x0C00,0x0C00,0x0C00,0x0C00,
    0x0C00,0x0C00,0x0C00,0x0C00,0x0C00,0x0C00,0x0C00,0x0C00,0x0C00,0x0C00,0x0C00,0x0C00,0x0C00,0x0C00,0x0800,0x1041,
    0x1062,0x1062,0x1062,0x0C21,0x0C00,0x0800,0x0C00,0x0C00,0x0C00,0x0C00,0x0800,0x0C41,0x1083,0x18E7,0x14A4,0x0C20,
    0x0800,0x0800,0x1083,0x14A5,0x0820,0x0800,0x0C00,0x0800,0x0821,0x0800,0x0800,0x0800,0x0800,0x0C00,0x0C00,0x0C00,
    0x0C00,0x0C00,0x0C00,0x0C00,0x0C00,0x0C00,0x0C00,0x0C00,0x0800,0x0C20,0x1062,0x0C20,0x0C00,0x0C00,0x0C20,0x1062,
    0x1063,0x0C21,0x0800,0x0C00,0x0C00,0x0C00,0x0C00,0x0C00,0x0C00,0x0C00,0x0C00,0x0C00,0x0C00,0x0C00,0x0C00,0x0800,
    0x1063,0x14A4,0x1909,0x1083,0x1041,0x1483,0x1482,0x1482,0x1482,0x1482,0x1462,0x1062,0x1062,0x1062,0x1062,0x1062,
    0x1062,0x1062,0x1062,0x1482,0x1482,0x1482,0x1482,0x1482,0x1483,0x1482,0x1482,0x1482,0x1462,0x1462,0x1462,0x1462,
    0x1062,0x1062,0x1062,0x1062,0x1062,0x1062,0x1062,0x1082,0x1082,0x1462,0x1462,0x1062,0x1462,0x1462,0x1062,0x1062,
    0x1062,0x1062,0x1062,0x1482,0x1482,0x1462,0x1062,0x1082,0x1482,0x1482,0x1482,0x1482,0x1482,0x1482,0x1482,0x1482,
    0x1482,0x1083,0x14A4,0x14A4,0x1483,0x14A4,0x1483,0x1483,0x1484,0x14A5,0x14A4,0x1083,0x1083,0x1062,0x1082,0x1082,
    0x1062,0x1062,0x1483,0x0C41,0x0C84,0x1908,0x1062,0x0C41,0x0800,0x0C00,0x0C00,0x0C00,0x0C00,0x0C00,0x0C00,0x0C00,
    0x0C00,0x0C20,0x1041,0x1062,0x1062,0x0C41,0x0800,0x0800,0x0C00,0x0C00,0x0C00,0x0C00,0x0C00,0x0C00,0x0C00,0x0C00,
    0x0C00,0x0C00,0x0C00,0x0C00,0x0C00,0x0C00,0x0400,0x0400,0x0400,0x0400,0x14C7,0x14C8,0x1D2B,0x1D6D,0x1D4C,0x1D2B,
    0x14C6,0x1062,0x1062,0x1063,0x1062,0x1041,0x0800,0x0800,0x0C00,0x0C00,0x0C00,0x0C00,0x0800,0x1041,0x1062,0x1062,
    0x1062,0x0C41,0x0800,0x0C00,0x0C00,0x0C00,0x0C00,0x0C00,0x0C00,0x0C00,0x0C00,0x0C00,0x0C00,0x0C00,0x0C00,0x0C00,
    0x0C00,0x0C00,0x0C00,0x0C00,0x0C00,0x0C00,0x0C00,0x0C00,0x0C00,0x0C00,0x0C00,0x0C00,0x0C00,0x0C00,0x0C00,0x0800,
    0x0C41,0x1062,0x1062,0x1062,0x1062,0x0C00,0x0C00,0x0C00,0x0C00,0x0C00,0x0C00,0x0C00,0x1041,0x1084,0x1083,0x1041,
    0x1041,0x1061,0x1083,0x18C5,0x1908,0x14C6,0x0C20,0x14A5,0x192B,0x1909,0x1084,0x14C7,0x0C84,0x0800,0x0C00,0x0C00,
    0x0C00,0x0C00,0x0C00,0x0C00,0x0C00,0x0C00,0x0C00,0x0C00,0x0C00,0x0C00,0x0C00,0x0C00,0x0C00,0x0C00,0x0C00,0x0800,
    0x0800,0x0800,0x0C00,0x0C00,0x0C00,0x0C00,0x0C00,0x0C00,0x0C00,0x0C00,0x0C00,0x0C00,0x0C00,0x0C00,0x0C00,0x0C00,
    0x0800,0x0C41,0x1062,0x0C42,0x0C00,0x0C21,0x0C20,0x0C20,0x0C20,0x0C20,0x0C20,0x0C20,0x0C20,0x0C20,0x0C20,0x0C20,
    0x0C20,0x0C20,0x0C20,0x0C20,0x0C20,0x0C20,0x0C20,0x0C20,0x1041,0x1062,0x1082,0x1062,0x1062,0x1062,0x1062,0x1062,
    0x1062,0x1062,0x1062,0x1062,0x1062,0x1062,0x1062,0x1062,0x1062,0x1062,0x1062,0x1062,0x1062,0x1062,0x1062,0x1062,
    0x1062,0x1062,0x1062,0x1462,0x1062,0x1062,0x1082,0x1061,0x0C20,0x0C20,0x0C20,0x0C20,0x0C20,0x0C20,0x0C20,0x0C20,
    0x0C20,0x0C21,0x1062,0x1062,0x0C20,0x0C20,0x0C20,0x0C20,0x0C20,0x0C20,0x0C20,0x0C20,0x0C20,0x0C20,0x0C20,0x0C20,
    0x0C20,0x0C20,0x0C21,0x0800,0x0C21,0x1041,0x0C20,0x0800,0x0C00,0x0C00,0x0C00,0x0C00,0x0C00,0x0C00,0x0C00,0x0C00,
    0x0C00,0x0C00,0x0800,0x0800,0x0800,0x0800,0x0800,0x0C00,0x0C00,0x0C00,0x0C00,0x0C00,0x0C00,0x0C00,0x0C00,0x0C00,
    0x0800,0x0800,0x0800,0x0800,0x0400,0x0000,0x0422,0x0C85,0x0C85,0x1D2B,0x1D6D,0x1D6D,0x192B,0x1084,0x1062,0x1083,
    0x1061,0x1062,0x1062,0x1062,0x1082,0x0C21,0x0800,0x0C00,0x0C00,0x0C00,0x0800,0x0C00,0x0C00,0x1062,0x1082,0x1041,
    0x0800,0x0800,0x0C00,0x0C00,0x0C00,0x0C00,0x0C00,0x0C00,0x0C00,0x0C00,0x0C00,0x0C00,0x0C00,0x0C00,0x0C00,0x0C00,
    0x0C00,0x0C00,0x0C00,0x0C00,0x0C00,0x0C00,0x0C00,0x0C00,0x0C00,0x0C00,0x0C00,0x0C00,0x0C00,0x0C00,0x0C00,0x0C00,
    0x0800,0x1061,0x1062,0x1062,0x1062,0x1062,0x0800,0x0C00,0x0C00,0x0C00,0x0C00,0x0C00,0x0C00,0x0800,0x0800,0x0C00,
    0x1061,0x1062,0x1482,0x1062,0x14C6,0x1D2A,0x14A5,0x1062,0x190A,0x1D4C,0x1D4C,0x14C6,0x1D2A,0x0C84,0x0400,0x0C00,
    0x0C00,0x0C00,0x0C00,0x0C00,0x0C00,0x0C00,0x0C00,0x0C00,0x0C00,0x0C00,0x0C00,0x0C00,0x0C00,0x0C00,0x0C00,0x0C00,
    0x0C00,0x0C00,0x0C00,0x0C00,0x0C00,0x0C00,0x0C00,0x0C00,0x0C00,0x0C00,0x0C00,0x0C00,0x0C00,0x0C00,0x0C00,0x0C00,
    0x0C00,0x0800,0x0800,0x0800,0x0800,0x0800,0x0800,0x0800,0x0800,0x0800,0x0800,0x0800,0x0800,0x0800,0x0800,0x0800,
    0x0800,0x0800,0x0800,0x0800,0x0800,0x0800,0x0800,0x0C00,0x0800,0x0C00,0x0C20,0x0C20,0x0C20,0x0C20,0x0C20,0x0C20,
    0x0C00,0x0C00,0x0C20,0x0C20,0x0C20,0x0C20,0x0C20,0x0C20,0x0C20,0x0C20,0x0C20,0x0C00,0x0C00,0x0C00,0x0C00,0x0C00,
    0x0C00,0x0C00,0x0C00,0x0C00,0x0C20,0x0C20,0x0C20,0x0800,0x0800,0x0800,0x0800,0x0800,0x0800,0x0800,0x0800,0x0800,
    0x0800,0x0800,0x0800,0x0800,0x0800,0x0800,0x0800,0x0800,0x0800,0x0800,0x0800,0x0800,0x0800,0x0800,0x0800,0x0800,
    0x0800,0x0800,0x0800,0x0C00,0x0800,0x0800,0x0C00,0x0C00,0x0C00,0x0C00,0x0C00,0x0C00,0x0C00,0x0C00,0x0C00,0x0C00,
    0x0C00,0x0C00,0x0C00,0x0C00,0x0C00,0x0C00,0x0C00,0x0C00,0x0C00,0x0C00,0x0C00,0x0C00,0x0800,0x0400,0x0400,0x0400,
    0x0400,0x0400,0x0400,0x0400,0x10A6,0x14E9,0x1D4C,0x21B0,0x218E,0x1D4C,0x14C7,0x14C5,0x1083,0x1062,0x1062,0x1062,
    0x1062,0x1062,0x1062,0x1062,0x1061,0x0C00,0x0C00,0x0800,0x0800,0x0C20,0x0C20,0x0800,0x1061,0x1083,0x0C41,0x0800,
    0x0C00,0x0C00,0x0C00,0x0C00,0x0C00,0x0C00,0x0C00,0x0C00,0x0C00,0x0C00,0x0C00,0x0C00,0x0C00,0x0C00,0x0C00,0x0C00,
    0x0C00,0x0C00,0x0C00,0x0C00,0x0C00,0x0C00,0x0C00,0x0C00,0x0C00,0x0C00,0x0C00,0x0C00,0x0C00,0x0C00,0x0C00,0x0C00,
    0x0C00,0x0C00,0x0C20,0x1062,0x1062,0x1063,0x1062,0x0C00,0x0C00,0x0C00,0x0C00,0x0C00,0x0C00,0x0C00,0x0C00,0x0C00,
    0x0C00,0x0C00,0x0C21,0x1062,0x1062,0x14C6,0x18E7,0x1041,0x18E7,0x1D4D,0x1D4D,0x1909,0x14A4,0x216C,0x0423,0x0400,
    0x0C00,0x0C00,0x0C00,0x0C00,0x0C00,0x0C00,0x0C00,0x0C00,0x0C00,0x0C00,0x0C00,0x0C00,0x0C00,0x0C00,0x0C00,0x0C00,
    0x0C00,0x0C00,0x0C00,0x0C00,0x0C00,0x0C00,0x0C00,0x0C00,0x0C00,0x0C00,0x0C00,0x0C00,0x0C00,0x0C00,0x0C00,0x0C00,
    0x0C00,0x0C00,0x0C00,0x0C00,0x0C00,0x0C00,0x0C00,0x0C00,0x0C00,0x0C00,0x0C00,0x0C00,0x0C00,0x0C00,0x0C00,0x0C00,
    0x0C00,0x0C00,0x0C00,0x0C00,0x0C00,0x0C00,0x0C00,0x0C00,0x0C00,0x0C00,0x0C00,0x0C00,0x0C00,0x0C00,0x0C00,0x0800,
    0x0C00,0x0C00,0x0C00,0x0C00,0x0C00,0x0C00,0x0800,0x0800,0x0C00,0x0C00,0x0800,0x0800,0x0C00,0x0800,0x0C00,0x0C00,
    0x0800,0x0C00,0x0C00,0x0800,0x0800,0x0800,0x0C00,0x0C00,0x0C00,0x0C00,0x0C00,0x0C00,0x0C00,0x0C00,0x0800,0x0C00,
    0x0C00,0x0C00,0x0C00,0x0C00,0x0C00,0x0C00,0x0C00,0x0C00,0x0800,0x0C00,0x0C00,0x0C00,0x0C00,0x0C00,0x0C00,0x0C00,
    0x0C00,0x0C00,0x0C00,0x0C00,0x0C00,0x0C00,0x0C00,0x0C00,0x0C00,0x0C00,0x0C00,0x0C00,0x0C00,0x0C00,0x0C00,0x0C00,
    0x0C00,0x0C00,0x0C00,0x0C00,0x0C00,0x0C00,0x0C00,0x0C00,0x0800,0x0400,0x0000,0x0000,0x0800,0x10A6,0x10A6,0x0C85,
    0x192B,0x1D6D,0x1D4C,0x1D4C,0x216E,0x1D2B,0x1909,0x1909,0x1909,0x14A4,0x1061,0x1061,0x1062,0x1062,0x1062,0x1062,
    0x1062,0x1062,0x1082,0x1062,0x0C00,0x0C00,0x0C00,0x0800,0x0C20,0x1041,0x0800,0x0800,0x1062,0x0C41,0x0800,0x0C00,
    0x0C00,0x0C00,0x0C00,0x0C00,0x0C00,0x0C00,0x0C00,0x0C00,0x0C00,0x0C00,0x0C00,0x0C00,0x0C00,0x0C00,0x0C00,0x0C00,
    0x0C00,0x0C00,0x0C00,0x0C00,0x0C00,0x0C00,0x0C00,0x0C00,0x0C00,0x0C00,0x0C00,0x0C00,0x0C00,0x0C00,0x0C00,0x0800,
    0x0C00,0x0C00,0x0C00,0x0800,0x0C20,0x1062,0x1083,0x1062,0x0C00,0x0C00,0x0C00,0x0C00,0x0C21,0x0C21,0x0C21,0x0C21,
    0x0C00,0x0C00,0x0800,0x0800,0x0C21,0x1062,0x14A4,0x1082,0x1083,0x18E7,0x192B,0x1D4C,0x14A5,0x14C6,0x216C,0x0842,
    0x0400,0x0C00,0x0C00,0x0C00,0x0C00,0x0C00,0x0C00,0x0C00,0x0C00,0x0C00,0x0C00,0x0C00,0x0C00,0x0C00,0x0C00,0x0C00,
    0x0C00,0x0C00,0x0C00,0x0C00,0x0C00,0x0C00,0x0C00,0x0C00,0x0C00,0x0C00,0x0C00,0x0C00,0x0C00,0x0C00,0x0C00,0x0C00,
    0x0C00,0x0C00,0x0C00,0x0C00,0x0C00,0x0C00,0x0C00,0x0C00,0x0C00,0x0C00,0x0C00,0x0C00,0x0C00,0x0C00,0x0C00,0x0C00,
    0x0C00,0x0C00,0x0C00,0x0C00,0x0C00,0x0C00,0x0C00,0x0C00,0x0C00,0x0C00,0x0C00,0x0C00,0x0C00,0x0C00,0x0C00,0x0C00,
    0x0C00,0x0C00,0x0C00,0x0C00,0x0C00,0x0C00,0x0C00,0x0C00,0x0C00,0x0C00,0x0C00,0x0C00,0x0C00,0x0C00,0x0C00,0x0C00,
    0x0C00,0x0C00,0x0C00,0x0C00,0x0C00,0x0C00,0x0C00,0x0C00,0x0C00,0x0C00,0x0C00,0x0C00,0x0C00,0x0C00,0x0C00,0x0C00,
    0x0C00,0x0C00,0x0C00,0x0C00,0x0C00,0x0C00,0x0C00,0x0C00,0x0C00,0x0C00,0x0C00,0x0C00,0x0C00,0x0C00,0x0C00,0x0C00,
    0x0C00,0x0C00,0x0C00,0x0C00,0x0C00,0x0C00,0x0C00,0x0C00,0x0C00,0x0C00,0x0C00,0x0C00,0x0C00,0x0C00,0x0C00,0x0C00,
    0x0C00,0x0C00,0x0C00,0x0C00,0x0C00,0x0800,0x0800,0x0400,0x0000,0x0401,0x14E9,0x14E9,0x190A,0x218E,0x218E,0x218E,
    0x216E,0x1D6D,0x1D4D,0x1D4D,0x1909,0x1084,0x14A4,0x14C6,0x14C6,0x14C6,0x18C5,0x14A4,0x1083,0x1083,0x1062,0x1062,
    0x1062,0x1062,0x0C21,0x1041,0x1041,0x1041,0x0C20,0x0C20,0x1062,0x0C20,0x0800,0x0C00,0x0C00,0x0800,0x0C00,0x0C00,
    0x0C00,0x0C00,0x0C00,0x0C00,0x0C00,0x0C00,0x0C00,0x0C00,0x0C00,0x0C00,0x0C00,0x0C00,0x0C00,0x0C00,0x0C00,0x0C00,
    0x0C00,0x0C00,0x0C00,0x0C00,0x0C00,0x0C00,0x0C00,0x0C00,0x0C00,0x0C00,0x0C00,0x0C00,0x0C00,0x0C00,0x0C00,0x0C00,
    0x0C00,0x0C00,0x0C00,0x0C00,0x0800,0x0C00,0x1041,0x1062,0x1061,0x0C20,0x0C00,0x0C00,0x0C41,0x1082,0x1083,0x1062,
    0x1062,0x1041,0x0800,0x0800,0x0800,0x0C20,0x1062,0x1062,0x1062,0x1061,0x1083,0x1D2A,0x1D4C,0x1084,0x1D2A,0x218E,
    0x0C64,0x0400,0x0C00,0x0C00,0x0C00,0x0C00,0x0C00,0x0C00,0x0C00,0x0C00,0x0C00,0x0C00,0x0C00,0x0C00,0x0800,0x0800,
    0x0C00,0x0C00,0x0C00,0x0C00,0x0C00,0x0C00,0x0C00,0x0C00,0x0C00,0x0C00,0x0C00,0x0C00,0x0C00,0x0C00,0x0C00,0x0C00,
    0x0C00,0x0C00,0x0C00,0x0C00,0x0C00,0x0C00,0x0C00,0x0C00,0x0C00,0x0C00,0x0C00,0x0C00,0x0C00,0x0C00,0x0C00,0x0C00,
    0x0C00,0x0C00,0x0C00,0x0C00,0x0C00,0x0C00,0x0C00,0x0C00,0x0C00,0x0C00,0x0C00,0x0C00,0x0C00,0x0C00,0x0C00,0x0C00,
    0x0C00,0x0C00,0x0C00,0x0C00,0x0C00,0x0C00,0x0C00,0x0C00,0x0C00,0x0C00,0x0C00,0x0C00,0x0C00,0x0C00,0x0C00,0x0C00,
    0x0C00,0x0C00,0x0C00,0x0C00,0x0C00,0x0C00,0x0C00,0x0C00,0x0C00,0x0C00,0x0C00,0x0C00,0x0C00,0x0C00,0x0C00,0x0C00,
    0x0C00,0x0C00,0x0C00,0x0C00,0x0C00,0x0C00,0x0C00,0x0C00,0x0C00,0x0C00,0x0C00,0x0C00,0x0C00,0x0C00,0x0C00,0x0C00,
    0x0C00,0x0C00,0x0C00,0x0C00,0x0C00,0x0C00,0x0C00,0x0C00,0x0C00,0x0C00,0x0C00,0x0C00,0x0C00,0x0C00,0x0C00,0x0C00,
    0x0C00,0x0C00,0x0C00,0x0800,0x0400,0x0000,0x0000,0x10A6,0x1D2B,0x1D4C,0x218E,0x218E,0x1D4C,0x1909,0x14E8,0x14C5,
    0x14C7,0x1909,0x1908,0x1908,0x18E7,0x18E7,0x14C6,0x14A5,0x14A5,0x1083,0x1083,0x18C5,0x18C6,0x1483,0x1062,0x1062,
    0x1061,0x1062,0x1062,0x0C41,0x0C21,0x0C20,0x0C00,0x1082,0x1062,0x0800,0x0C00,0x0C00,0x0C00,0x0C00,0x0C00,0x0C00,
    0x0C00,0x0C00,0x0C00,0x0C00,0x0C00,0x0C00,0x0C00,0x0C00,0x0C00,0x0C00,0x0C00,0x0C00,0x0C00,0x0C00,0x0C00,0x0C00,
    0x0C00,0x0C00,0x0C00,0x0C00,0x0C00,0x0C00,0x0C00,0x0C00,0x0C00,0x0C00,0x0C00,0x0C00,0x0C00,0x0C00,0x0C00,0x0C00,
    0x0C00,0x0C00,0x0C00,0x0C00,0x0C00,0x0C00,0x0800,0x0C21,0x1483,0x0C41,0x0C00,0x0C00,0x0C00,0x0C00,0x1041,0x1062,
    0x1062,0x1062,0x1062,0x1041,0x0C20,0x0800,0x0C20,0x1062,0x1062,0x1062,0x1062,0x1062,0x192B,0x192B,0x14E7,0x1D6D,
    0x218E,0x0C64,0x0400,0x0C00,0x0C00,0x0C00,0x0C00,0x0C00,0x0C00,0x0C00,0x0C00,0x0C00,0x0C00,0x0800,0x0C42,0x0800,
    0x0800,0x0800,0x0C00,0x0C00,0x0C00,0x0C00,0x0C00,0x0C00,0x0C00,0x0C00,0x0C00,0x0C00,0x0C00,0x0C00,0x0C00,0x0C00,
    0x0C00,0x0C00,0x0C00,0x0C00,0x0C00,0x0C00,0x0C00,0x0C00,0x0C00,0x0C00,0x0C00,0x0C00,0x0C00,0x0C00,0x0C00,0x0C00,
    0x0C00,0x0C00,0x0C00,0x0C00,0x0C00,0x0C00,0x0C00,0x0C00,0x0C00,0x0C00,0x0C00,0x0C00,0x0C00,0x0C00,0x0C00,0x0C00,
    0x0C00,0x0C00,0x0C00,0x0C00,0x0C00,0x0C00,0x0C00,0x0C00,0x0C00,0x0C00,0x0C00,0x0C00,0x0C00,0x0C00,0x0C00,0x0C00,
    0x0C00,0x0C00,0x0C00,0x0C00,0x0C00,0x0C00,0x0C00,0x0C00,0x0C00,0x0C00,0x0C00,0x0C00,0x0C00,0x0C00,0x0C00,0x0C00,
    0x0C00,0x0C00,0x0C00,0x0C00,0x0C00,0x0C00,0x0C00,0x0C00,0x0C00,0x0C00,0x0C00,0x0C00,0x0C00,0x0C00,0x0C00,0x0C00,
    0x0C00,0x0C00,0x0C00,0x0C00,0x0C00,0x0C00,0x0C00,0x0C00,0x0C00,0x0C00,0x0C00,0x0C00,0x0C00,0x0C00,0x0C00,0x0C00,
    0x0800,0x0400,0x0400,0x0400,0x0423,0x14E8,0x190A,0x1D6D,0x1D6D,0x190A,0x1484,0x1484,0x14A4,0x1062,0x1061,0x1083,
    0x14C6,0x1908,0x1908,0x18E7,0x18C6,0x18C5,0x0C21,0x0C20,0x0C20,0x1062,0x1062,0x1062,0x1082,0x1062,0x1062,0x1062,
    0x14A4,0x1908,0x18C6,0x0C20,0x0800,0x0800,0x0C20,0x1082,0x1062,0x0C00,0x0C00,0x0C00,0x0C00,0x0C00,0x0C00,0x0C00,
    0x0C00,0x0C00,0x0C00,0x0C00,0x0C00,0x0C20,0x0C00,0x0C00,0x0C00,0x0C00,0x0C00,0x0C00,0x0C00,0x0C00,0x0C00,0x0C00,
    0x0C00,0x0C00,0x0C00,0x0C00,0x0C00,0x0C00,0x0C00,0x0C00,0x0C00,0x0C00,0x0C00,0x0C00,0x0C00,0x0C00,0x0C00,0x0C00,
    0x0C00,0x0C00,0x0C00,0x0C20,0x0C00,0x0C00,0x0C00,0x0C00,0x1062,0x1041,0x0800,0x0C00,0x0C00,0x0C00,0x0800,0x0C20,
    0x1062,0x1082,0x1062,0x1082,0x1482,0x0C21,0x0800,0x0C00,0x1062,0x1062,0x1062,0x1061,0x14C6,0x1D2B,0x1908,0x1909,
    0x1D4C,0x1D6D,0x0422,0x0400,0x0C00,0x0C00,0x0C00,0x0C00,0x0C00,0x0C00,0x0C00,0x0C00,0x0C00,0x1083,0x1908,0x14C6,
    0x14C7,0x1084,0x0800,0x0C00,0x0C00,0x0C00,0x0C00,0x0C00,0x0C00,0x0C00,0x0C00,0x0C00,0x0C00,0x0C00,0x0C00,0x0C00,
    0x0C00,0x0C00,0x0C00,0x0C00,0x0C00,0x0C00,0x0C00,0x0C00,0x0C00,0x0C00,0x0800,0x0C00,0x0C00,0x0C00,0x0C00,0x0C00,
    0x0C00,0x0C00,0x0C00,0x0C00,0x0C00,0x0C00,0x0C00,0x0C00,0x0C00,0x0C00,0x0C00,0x0C00,0x0C00,0x0C00,0x0C00,0x0C00,
    0x0C00,0x0C00,0x0800,0x0C00,0x0C00,0x0800,0x0C00,0x0C00,0x0C00,0x0C00,0x0C00,0x0C00,0x0C00,0x0C00,0x0C00,0x0C00,
    0x0C00,0x0C00,0x0C00,0x0C00,0x0C00,0x0C00,0x0C00,0x0C00,0x0C00,0x0C00,0x0C00,0x0C00,0x0C00,0x0C00,0x0C00,0x0C00,
    0x0C00,0x0C00,0x0C00,0x0C00,0x0C00,0x0C00,0x0C00,0x0C00,0x0C00,0x0C00,0x0C00,0x0C00,0x0C00,0x0C00,0x0C00,0x0C00,
    0x0C00,0x0C00,0x0C00,0x0C00,0x0C00,0x0C00,0x0C00,0x0C00,0x0C00,0x0C00,0x0C00,0x0C00,0x0C00,0x0C00,0x0800,0x0400,
    0x0800,0x0401,0x14E8,0x192B,0x1D6D,0x1D6D,0x1D4D,0x14E8,0x14A5,0x1062,0x1061,0x1062,0x1041,0x1483,0x18C6,0x1908,
    0x14C7,0x14A5,0x14C6,0x1062,0x0C20,0x1041,0x0C20,0x0C20,0x0C21,0x1063,0x1062,0x1062,0x1062,0x1062,0x1083,0x1483,
    0x1083,0x0C42,0x0800,0x0800,0x0800,0x0C20,0x1062,0x1062,0x1061,0x0C00,0x0C00,0x0C00,0x0C00,0x0C00,0x0C00,0x0C00,
    0x0C00,0x0C00,0x0C00,0x0800,0x1041,0x25AD,0x0800,0x0C00,0x0800,0x0C00,0x0C00,0x0C00,0x0C00,0x0C00,0x0C00,0x0C00,
    0x0C00,0x0C00,0x0C00,0x0C00,0x0C00,0x0C00,0x0C00,0x0C00,0x0C00,0x0C00,0x0C00,0x0C00,0x0C00,0x0C00,0x0C00,0x0C00,
    0x0C00,0x0C00,0x0C00,0x0C20,0x0C21,0x0800,0x0C00,0x0C00,0x0C20,0x1062,0x0C00,0x0C00,0x0C00,0x0C00,0x0C00,0x0800,
    0x0C20,0x0C21,0x1062,0x1063,0x1062,0x1483,0x0C21,0x0800,0x0C00,0x1062,0x1062,0x1062,0x1062,0x14C6,0x18E7,0x14E8,
    0x14E7,0x190A,0x14E8,0x0400,0x0800,0x0C00,0x0C00,0x0C00,0x0C00,0x0C00,0x0C00,0x0800,0x0C20,0x1041,0x1062,0x14C6,
    0x18C6,0x18E7,0x14C6,0x0C20,0x0800,0x0C00,0x0C00,0x0C00,0x0C00,0x0C00,0x0C00,0x0C00,0x0C00,0x0C00,0x0C00,0x0C00,
    0x0C00,0x0C00,0x0C00,0x0C00,0x0C00,0x0C00,0x0C00,0x0C00,0x0C00,0x0C00,0x0C00,0x0C00,0x0C00,0x0C00,0x0C00,0x0C00,
    0x0C00,0x0C00,0x0C00,0x0C00,0x0C00,0x0C00,0x0C00,0x0C00,0x0C00,0x0C00,0x0C00,0x0C00,0x0C00,0x0C00,0x0C00,0x0C00,
    0x0C00,0x0C00,0x0800,0x0C00,0x0C00,0x0C00,0x0C00,0x0C00,0x0C00,0x0C00,0x0C00,0x0C00,0x0C00,0x0C00,0x0C00,0x0C00,
    0x0C00,0x0C00,0x0C00,0x0C00,0x0C00,0x0C00,0x0C00,0x0C00,0x0C00,0x0C00,0x0C00,0x0C00,0x0C00,0x0C00,0x0C00,0x0C00,
    0x0C00,0x0C00,0x0C00,0x0C00,0x0C00,0x0C00,0x0C00,0x0C00,0x0C00,0x0C00,0x0C00,0x0C00,0x0C00,0x0C00,0x0C00,0x0C00,
    0x0C00,0x0C00,0x0C00,0x0C00,0x0C00,0x0C00,0x0C00,0x0C00,0x0C00,0x0C00,0x0C00,0x0C00,0x0C00,0x0400,0x0000,0x10A6,
    0x1D4C,0x216E,0x216C,0x1D2B,0x14C6,0x14C6,0x14A5,0x1062,0x0C41,0x0C21,0x1062,0x0C20,0x1041,0x14C6,0x14C6,0x1484,
    0x0820,0x0800,0x0800,0x0C20,0x1041,0x1041,0x1041,0x1062,0x1041,0x0C20,0x1062,0x1062,0x1062,0x1062,0x1062,0x0C20,
    0x0800,0x0800,0x0C00,0x0800,0x0C20,0x1062,0x1062,0x1062,0x0C00,0x0C00,0x0C00,0x0C00,0x0C00,0x0C00,0x0C00,0x0C00,
    0x0C00,0x0C00,0x0C20,0x0400,0x1D48,0x3297,0x1483,0x0800,0x0C20,0x0C00,0x0C00,0x0C00,0x0C00,0x0C00,0x0C00,0x0C00,
    0x0C00,0x0C00,0x0C00,0x0C00,0x0C00,0x0C00,0x0C00,0x0C00,0x0C00,0x0C00,0x0C00,0x0C00,0x0C00,0x0C00,0x0C00,0x0C00,
    0x0C00,0x0C00,0x0C00,0x0C00,0x1462,0x0C20,0x0C00,0x0C00,0x0C00,0x1062,0x0800,0x0C00,0x0C00,0x0C00,0x0C00,0x0C00,
    0x0C00,0x0800,0x0C20,0x1082,0x1063,0x1062,0x1062,0x0C00,0x0C00,0x0800,0x1062,0x1082,0x1062,0x1063,0x14A4,0x1084,
    0x18E7,0x14E8,0x1D4C,0x1909,0x0400,0x0C00,0x0C00,0x0C00,0x0C00,0x0C00,0x0800,0x0C20,0x0C20,0x0800,0x0C00,0x0800,
    0x0C20,0x1062,0x14A5,0x1483,0x0C21,0x0C00,0x0C00,0x0C00,0x0C00,0x0C00,0x0C00,0x0C00,0x0C00,0x0C00,0x0C00,0x0C00,
    0x0C00,0x0C00,0x0C00,0x0C00,0x0C00,0x0C00,0x0C00,0x0C00,0x0C00,0x0C00,0x0C00,0x0C00,0x0C00,0x0C00,0x0C00,0x0C00,
    0x0C00,0x0C00,0x0C00,0x0C00,0x0C00,0x0C00,0x0C00,0x0C00,0x0C00,0x0C00,0x0C00,0x0C00,0x0C00,0x0C00,0x0C00,0x0C00,
    0x0C00,0x0C00,0x0C00,0x0C00,0x0C00,0x0C00,0x0C00,0x0C00,0x0C00,0x0C00,0x0C00,0x0C00,0x0C00,0x0C00,0x0C00,0x0C00,
    0x0C00,0x0C00,0x0C00,0x0C00,0x0C00,0x0C00,0x0C00,0x0C00,0x0C00,0x0C00,0x0C00,0x0C00,0x0C00,0x0C00,0x0C00,0x0C00,
    0x0C00,0x0C00,0x0C00,0x0C00,0x0C00,0x0C00,0x0C00,0x0C00,0x0C00,0x0C00,0x0C00,0x0C00,0x0C00,0x0C00,0x0C00,0x0C00,
    0x0C00,0x0C00,0x0C00,0x0C00,0x0C00,0x0C00,0x0C00,0x0C00,0x0C00,0x0C00,0x0C00,0x0C00,0x0400,0x0423,0x190A,0x216E,
    0x192B,0x14C6,0x1083,0x1062,0x1062,0x1062,0x1062,0x0C20,0x0800,0x0C00,0x1041,0x0C41,0x1483,0x0C21,0x0800,0x0800,
    0x0C00,0x0C00,0x0C00,0x0C20,0x0C00,0x0800,0x0800,0x0800,0x0800,0x1062,0x1483,0x0C41,0x0800,0x0800,0x0800,0x0800,
    0x0C00,0x0C00,0x0C00,0x0C00,0x1062,0x1083,0x1041,0x0C00,0x0800,0x0C00,0x0C00,0x0C00,0x0C00,0x0C00,0x0C00,0x0C00,
    0x0C00,0x0C00,0x0400,0x14A4,0x3231,0x3297,0x3231,0x0C21,0x0800,0x0C00,0x0C00,0x0C00,0x0C00,0x0C00,0x0C00,0x0C00,
    0x0C00,0x0C00,0x0C00,0x0C00,0x0C00,0x0C00,0x0C00,0x0C00,0x0C00,0x0C00,0x0C00,0x0C00,0x0C00,0x0C00,0x0C00,0x0C00,
    0x0C00,0x0C00,0x0C00,0x0C00,0x0C20,0x1041,0x0C20,0x0C00,0x0C00,0x0C20,0x0C20,0x0C00,0x0C00,0x0C00,0x0C00,0x0C00,
    0x0C00,0x0C00,0x0800,0x0C20,0x1062,0x1062,0x1062,0x0C41,0x0800,0x0C00,0x0800,0x1041,0x1083,0x1062,0x1483,0x1041,
    0x0C00,0x1483,0x14A5,0x1D4C,0x0C63,0x0400,0x0C00,0x0C00,0x0C00,0x0800,0x0C20,0x1083,0x1062,0x1041,0x0C00,0x0C00,
    0x0C00,0x0C00,0x1061,0x1082,0x1483,0x1062,0x0C41,0x0C20,0x0800,0x0C00,0x0C00,0x0C00,0x0C00,0x0C00,0x0C00,0x0C00,
    0x0C00,0x0C00,0x0C00,0x0C00,0x0C00,0x0C00,0x0C00,0x0C00,0x0C00,0x0C00,0x0C00,0x0C00,0x0C00,0x0C00,0x0C00,0x0C00,
    0x0C00,0x0C00,0x0C00,0x0C00,0x0C00,0x0C00,0x0C00,0x0C00,0x0C00,0x0C00,0x0C00,0x0C00,0x0C00,0x0C00,0x0C00,0x0C00,
    0x0C00,0x0C00,0x0C00,0x0C00,0x0C00,0x0C00,0x0C00,0x0C00,0x0C00,0x0C00,0x0C00,0x0C00,0x0C00,0x0C00,0x0C00,0x0C00,
    0x0C00,0x0C00,0x0C00,0x0C00,0x0C00,0x0C00,0x0C00,0x0C00,0x0C00,0x0C00,0x0C00,0x0C00,0x0C00,0x0C00,0x0C00,0x0C00,
    0x0C00,0x0C00,0x0C00,0x0C00,0x0C00,0x0C00,0x0C00,0x0C00,0x0C00,0x0C00,0x0C00,0x0C00,0x0C00,0x0C00,0x0C00,0x0C00,
    0x0C00,0x0C00,0x0C00,0x0C00,0x0C00,0x0C00,0x0C00,0x0C00,0x0C00,0x0C00,0x0C00,0x0400,0x0C63,0x1D4D,0x1D2A,0x1084,
    0x1062,0x1062,0x1062,0x1062,0x1062,0x0C20,0x0C00,0x0800,0x0C00,0x0C00,0x0C20,0x0C20,0x0C20,0x0800,0x0C00,0x0C00,
    0x0C00,0x0C00,0x0C00,0x0C00,0x0C00,0x0C00,0x0800,0x0C20,0x1062,0x1483,0x0C41,0x0800,0x0C00,0x0C00,0x0C00,0x0C00,
    0x0C00,0x0C00,0x0800,0x1041,0x1483,0x1041,0x0C00,0x0C00,0x0C00,0x0C00,0x0C00,0x0C00,0x0C00,0x0C00,0x0C00,0x0C00,
    0x0C00,0x1041,0x1D48,0x3231,0x3297,0x3231,0x3297,0x3231,0x18C5,0x0C20,0x0C00,0x0C00,0x0C00,0x0C00,0x0C00,0x0C00,
    0x0C00,0x0C00,0x0C00,0x0C00,0x0C00,0x0C00,0x0C00,0x0C00,0x0C00,0x0C00,0x0800,0x0C00,0x0C00,0x0C00,0x0C00,0x0C00,
    0x0C00,0x0C00,0x0C00,0x0C00,0x0800,0x0800,0x0C00,0x0C00,0x0C00,0x0C00,0x0C00,0x0C00,0x0C00,0x0C00,0x0C00,0x0C00,
    0x0C00,0x0C00,0x0C00,0x0800,0x0C20,0x1062,0x1062,0x1083,0x0C20,0x0C00,0x0800,0x0800,0x1062,0x1062,0x1062,0x1062,
    0x0C21,0x0C00,0x0C00,0x14C6,0x1D2A,0x0400,0x0C00,0x0C00,0x0C00,0x0C00,0x1041,0x1041,0x1041,0x1041,0x1062,0x1062,
    0x1041,0x0C20,0x0800,0x0C21,0x1482,0x1062,0x1083,0x1062,0x1062,0x1061,0x0C20,0x0800,0x0800,0x0C00,0x0C00,0x0C00,
    0x0C00,0x0C00,0x0C00,0x0C00,0x0C00,0x0C00,0x0C00,0x0C00,0x0C00,0x0C00,0x0C00,0x0C00,0x0C00,0x0C00,0x0C00,0x0C00,
    0x0C00,0x0C00,0x0C00,0x0C00,0x0C00,0x0C00,0x0C00,0x0C00,0x0C00,0x0C00,0x0C00,0x0C00,0x0C00,0x0C00,0x0C00,0x0C00,
    0x0C00,0x0C00,0x0C00,0x0C00,0x0C00,0x0C00,0x0C00,0x0C00,0x0C00,0x0C00,0x0C00,0x0C00,0x0C00,0x0C00,0x0C00,0x0C00,
    0x0C00,0x0C00,0x0C00,0x0C00,0x0C00,0x0C00,0x0C00,0x0C00,0x0C00,0x0C00,0x0C00,0x0C00,0x0C00,0x0C00,0x0C00,0x0C00,
    0x0C00,0x0C00,0x0C00,0x0C00,0x0C00,0x0C00,0x0C00,0x0C00,0x0C00,0x0C00,0x0C00,0x0C00,0x0C00,0x0C00,0x0C00,0x0C00,
    0x0C00,0x0C00,0x0C00,0x0C00,0x0C00,0x0C00,0x0C00,0x0C00,0x0C00,0x0C00,0x0400,0x0C64,0x216E,0x1909,0x1062,0x1061,
    0x1062,0x1083,0x1062,0x0C20,0x0800,0x0800,0x0C00,0x0C00,0x0C00,0x0C00,0x0C00,0x0C00,0x0800,0x0C00,0x0C00,0x0C00,
    0x0C00,0x0C00,0x0C00,0x0C00,0x0C00,0x0C00,0x1041,0x1483,0x1062,0x0C20,0x0800,0x0C00,0x0C00,0x0C00,0x0C00,0x0C00,
    0x0C00,0x0800,0x0C41,0x1062,0x0C20,0x0800,0x0C00,0x0800,0x0C00,0x0C00,0x0C00,0x0C00,0x0C00,0x0C00,0x0C00,0x0C00,
    0x0C21,0x25AD,0x3297,0x3297,0x3231,0x3231,0x3231,0x3297,0x3297,0x1D48,0x0C00,0x0C00,0x0C00,0x0C00,0x0C00,0x0C00,
    0x0C00,0x0C00,0x0C00,0x0C00,0x0C00,0x0C00,0x0C00,0x0C00,0x0C00,0x0C00,0x0C00,0x0C00,0x0C00,0x0C00,0x0C00,0x0C00,
    0x0C00,0x0C00,0x0C00,0x0C00,0x0C00,0x0C00,0x0C00,0x0C00,0x0C00,0x0C00,0x0C00,0x0C00,0x0C00,0x0C00,0x0C00,0x0C00,
    0x0C00,0x0C00,0x0C00,0x0C00,0x0800,0x0C21,0x1062,0x1082,0x1062,0x0800,0x0C00,0x0C00,0x0C00,0x1062,0x1062,0x1062,
    0x1082,0x1041,0x0C00,0x0C00,0x1083,0x0C63,0x0800,0x0C00,0x0C00,0x0C00,0x0C00,0x0C00,0x0800,0x0800,0x0C00,0x0C20,
    0x0C20,0x0C20,0x0C00,0x0C00,0x0C20,0x0C20,0x1061,0x1062,0x1083,0x1082,0x1062,0x1062,0x0C21,0x0C00,0x0C00,0x0C00,
    0x0C00,0x0C00,0x0C00,0x0C00,0x0C00,0x0C00,0x0C00,0x0C00,0x0C00,0x0C00,0x0C00,0x0C00,0x0C00,0x0C00,0x0C00,0x0C00,
    0x0C00,0x0C00,0x0C00,0x0C00,0x0C00,0x0C00,0x0C00,0x0C00,0x0C00,0x0C00,0x0C00,0x0C00,0x0C00,0x0C00,0x0C00,0x0C00,
    0x0C00,0x0C00,0x0C00,0x0C00,0x0C00,0x0C00,0x0C00,0x0C00,0x0C00,0x0C00,0x0C00,0x0C00,0x0C00,0x0C00,0x0C00,0x0C00,
    0x0C00,0x0C00,0x0C00,0x0C00,0x0C00,0x0C00,0x0C00,0x0C00,0x0C00,0x0C00,0x0C00,0x0C00,0x0C00,0x0C00,0x0C00,0x0C00,
    0x0C00,0x0C00,0x0C00,0x0C00,0x0C00,0x0C00,0x0C00,0x0C00,0x0C00,0x0C00,0x0C00,0x0C00,0x0C00,0x0C00,0x0C00,0x0C00,
    0x0C00,0x0C00,0x0C00,0x0C00,0x0C00,0x0C00,0x0C00,0x0C00,0x0C00,0x0400,0x0C64,0x1D6D,0x1908,0x1083,0x1062,0x1082,
    0x1062,0x0C20,0x0800,0x0C00,0x0C00,0x0C00,0x0C00,0x0C00,0x0C00,0x0C00,0x0C00,0x0C00,0x0C00,0x0C00,0x0C00,0x0C00,
    0x0C00,0x0C00,0x0C00,0x0C20,0x0C20,0x1062,0x1083,0x1041,0x0800,0x0C00,0x0C00,0x0C00,0x0C00,0x0C00,0x0C00,0x0C00,
    0x0C00,0x0C20,0x0C21,0x0800,0x0800,0x0C00,0x0C00,0x0C00,0x0C00,0x0C00,0x0C00,0x0C00,0x0C00,0x0C00,0x0C00,0x0C00,
    0x0C00,0x0C00,0x18C5,0x3231,0x3297,0x3231,0x3297,0x3231,0x1482,0x0C00,0x0C00,0x0C00,0x0C00,0x0C00,0x0C00,0x0C00,
    0x0C00,0x0C00,0x0C00,0x0C00,0x0C00,0x0C00,0x0C00,0x0C00,0x0C00,0x0C00,0x0C00,0x0C00,0x0C00,0x0C00,0x0C00,0x0C00,
    0x0C00,0x0C00,0x0C00,0x0C00,0x0C00,0x0C00,0x0C00,0x0C00,0x0C00,0x0C00,0x0C00,0x0800,0x0C00,0x0C00,0x0800,0x0C00,
    0x0C00,0x0C00,0x0C00,0x0C00,0x0C00,0x0C00,0x1062,0x1082,0x1083,0x1041,0x0C00,0x0C00,0x0800,0x0C41,0x1062,0x1062,
    0x1063,0x1062,0x1061,0x0C00,0x0C20,0x1062,0x0800,0x0C00,0x0C00,0x0C00,0x0C00,0x0C00,0x0C00,0x0C00,0x0C00,0x0C00,
    0x0C00,0x0C00,0x0C00,0x0C00,0x0C00,0x0C00,0x0800,0x0C20,0x0C20,0x0C21,0x1062,0x1462,0x1462,0x1062,0x0C20,0x0C00,
    0x0C00,0x0800,0x0C00,0x0C00,0x0C00,0x0C00,0x0C00,0x0C00,0x0C00,0x0800,0x0C00,0x0C00,0x0C00,0x0C00,0x0C00,0x0C00,
    0x0C00,0x0C00,0x0C00,0x0C00,0x0C00,0x0C00,0x0C00,0x0C00,0x0C00,0x0C00,0x0C00,0x0C00,0x0C00,0x0C00,0x0C00,0x0C00,
    0x0C00,0x0C00,0x0C00,0x0C00,0x0C00,0x0C00,0x0C00,0x0C00,0x0C00,0x0C00,0x0C00,0x0C00,0x0C00,0x0C00,0x0C00,0x0C00,
    0x0C00,0x0C00,0x0C00,0x0C00,0x0C00,0x0C00,0x0C00,0x0C00,0x0C00,0x0C00,0x0800,0x0C00,0x0C00,0x0C00,0x0C00,0x0C00,
    0x0C00,0x0C00,0x0C00,0x0C00,0x0C00,0x0C00,0x0C00,0x0C00,0x0C00,0x0C00,0x0C00,0x0C00,0x0C00,0x0C00,0x0C00,0x0C00,
    0x0C00,0x0C00,0x0C00,0x0C00,0x0C00,0x0C00,0x0C00,0x0C00,0x0800,0x0400,0x192B,0x14C6,0x1062,0x1062,0x1062,0x0C21,
    0x0800,0x0800,0x0C00,0x0C00,0x0C00,0x0C00,0x0C00,0x0C00,0x0C00,0x0C00,0x0C00,0x0C00,0x0C00,0x0C00,0x0C00,0x0C00,
    0x0C20,0x0C20,0x1041,0x1062,0x1062,0x1062,0x1062,0x0800,0x0C00,0x0C00,0x0C00,0x0C00,0x0C00,0x0C00,0x0C00,0x0C00,
    0x0C00,0x0C20,0x0800,0x0C00,0x0C00,0x0C00,0x0C00,0x0C00,0x0C00,0x0C00,0x0C00,0x0C00,0x0C00,0x0C00,0x0C00,0x0C00,
    0x0C00,0x0C00,0x0400,0x1062,0x3231,0x3297,0x3231,0x0C00,0x0800,0x0C00,0x0C00,0x0C00,0x0C00,0x0C00,0x0C00,0x0C00,
    0x0C00,0x0C00,0x0C00,0x0C00,0x0C00,0x0C00,0x0C00,0x0C00,0x0C00,0x0C00,0x0C00,0x0C00,0x0C00,0x0C00,0x0C00,0x0C00,
    0x0C00,0x0C00,0x0C00,0x0C00,0x0C00,0x0C00,0x0C00,0x0C00,0x0C00,0x0C00,0x0C00,0x0C00,0x0C00,0x0C00,0x0C00,0x0C00,
    0x0C00,0x0C00,0x0C00,0x0C00,0x0C00,0x0C00,0x0C21,0x1083,0x1082,0x1041,0x0800,0x0C00,0x0800,0x0C00,0x1062,0x1062,
    0x1062,0x1062,0x1082,0x0C21,0x0800,0x1062,0x1062,0x0800,0x0C00,0x0C00,0x0C00,0x0C00,0x0C00,0x0C00,0x0C00,0x0C00,
    0x0C00,0x0C00,0x0C00,0x0C00,0x0C00,0x0C00,0x0C00,0x0800,0x0800,0x0800,0x0C20,0x0C20,0x0C20,0x1041,0x1061,0x0C20,
    0x0C00,0x0C00,0x0C00,0x0C00,0x0C00,0x0C00,0x0C00,0x0C00,0x0C00,0x0C00,0x0C00,0x0C00,0x0C00,0x0C00,0x0C00,0x0C00,
    0x0C00,0x0C00,0x0C00,0x0C00,0x0C00,0x0C00,0x0C00,0x0C00,0x0C00,0x0C00,0x0C00,0x0C00,0x0C00,0x0C00,0x0C00,0x0C00,
    0x0C00,0x0C00,0x0C00,0x0C00,0x0C00,0x0C00,0x0C00,0x0C00,0x0C00,0x0C00,0x0C00,0x0C00,0x0C00,0x0C00,0x0C00,0x0C00,
    0x0C00,0x0C00,0x0C00,0x0C00,0x0C00,0x0C00,0x0C00,0x0C00,0x0C00,0x0C00,0x0C00,0x0C00,0x0C00,0x0C00,0x0C00,0x0C00,
    0x0C00,0x0C00,0x0C00,0x0C00,0x0C00,0x0C00,0x0C00,0x0C00,0x0C00,0x0C00,0x0C00,0x0C00,0x0C00,0x0C00,0x0C00,0x0C00,
    0x0C00,0x0C00,0x0C00,0x0C00,0x0C00,0x0C00,0x0C00,0x0800,0x0400,0x14E8,0x14C5,0x1061,0x1062,0x1062,0x0C20,0x0800,
    0x0C00,0x0C00,0x0C00,0x0C00,0x0C00,0x0C00,0x0C00,0x0C00,0x0C00,0x0C00,0x0C00,0x0C00,0x0C00,0x0C00,0x0C20,0x1041,
    0x1062,0x1062,0x1062,0x1062,0x1063,0x1062,0x0C00,0x0C00,0x0C00,0x0C00,0x0C00,0x0C00,0x0C00,0x0C00,0x0C00,0x0C00,
    0x0C00,0x0C00,0x0C00,0x0C00,0x0C00,0x0C00,0x0C00,0x0C00,0x0C00,0x0C00,0x0C00,0x0C00,0x0C00,0x0C00,0x0C00,0x0C00,
    0x0C00,0x0C00,0x0C20,0x0400,0x18E7,0x3297,0x1062,0x0800,0x0C20,0x0C00,0x0C00,0x0C00,0x0C00,0x0C00,0x0C00,0x0C00,
    0x0C00,0x0C00,0x0C00,0x0C00,0x0C00,0x0C00,0x0C00,0x0C00,0x0C00,0x0C00,0x0C00,0x0C00,0x0C00,0x0C00,0x0C00,0x0C00,
    0x0C00,0x0C00,0x0C00,0x0C00,0x0C00,0x0C00,0x0C00,0x0C00,0x0C00,0x0C00,0x0C00,0x0C00,0x0C00,0x0C00,0x0C00,0x0C00,
    0x0C00,0x0800,0x0C00,0x0C00,0x0C00,0x0C00,0x0C00,0x1062,0x1482,0x0C20,0x0800,0x0C00,0x0C00,0x0C00,0x0C20,0x1062,
    0x1062,0x1062,0x1062,0x1062,0x0C00,0x0800,0x1062,0x1062,0x0C00,0x0C00,0x0C00,0x0C00,0x0C00,0x0C00,0x0C00,0x0C00,
    0x0C00,0x0C00,0x0C00,0x0C00,0x0C00,0x0C00,0x0C00,0x0C00,0x0C00,0x0C00,0x0C00,0x0800,0x0C00,0x0800,0x0800,0x0C00,
    0x0C00,0x0C00,0x0C00,0x0C00,0x0C00,0x0C00,0x0C00,0x0C00,0x0C00,0x0C00,0x0C00,0x0C00,0x0C00,0x0C00,0x0C00,0x0C00,
    0x0C00,0x0C00,0x0C00,0x0C00,0x0C00,0x0C00,0x0C00,0x0C00,0x0C00,0x0C00,0x0C00,0x0C00,0x0C00,0x0C00,0x0C00,0x0C00,
    0x0C00,0x0C00,0x0C00,0x0C00,0x0C00,0x0C00,0x0C00,0x0C00,0x0C00,0x0C00,0x0C00,0x0C00,0x0C00,0x0C00,0x0C00,0x0C00,
    0x0C00,0x0C00,0x0C00,0x0C00,0x0C00,0x0C00,0x0C00,0x0C00,0x0C00,0x0C00,0x0C00,0x0C00,0x0C00,0x0C00,0x0C00,0x0C00,
    0x0C00,0x0C00,0x0C00,0x0C00,0x0C00,0x0C00,0x0C00,0x0C00,0x0C00,0x0C00,0x0C00,0x0C00,0x0C00,0x0C00,0x0C00,0x0C00,
    0x0C00,0x0C00,0x0C00,0x0C00,0x0C00,0x0C00,0x0C00,0x0400,0x0C85,0x18E7,0x1061,0x1062,0x1061,0x0C00,0x0800,0x0C00,
    0x0C00,0x0C00,0x0C00,0x0C00,0x0C00,0x0C00,0x0C00,0x0C00,0x0C00,0x0C00,0x0C00,0x0C00,0x0C20,0x1061,0x1062,0x1083,
    0x1062,0x1062,0x1062,0x1062,0x0C21,0x0800,0x0C00,0x0C00,0x0C00,0x0C00,0x0C00,0x0C00,0x0C00,0x0C00,0x0C00,0x0C00,
    0x0C00,0x0C00,0x0C00,0x0C00,0x0C00,0x0C00,0x0C00,0x0C00,0x0C00,0x0C00,0x0C00,0x0C00,0x0C00,0x0C00,0x0C00,0x0C00,
    0x0C00,0x0C00,0x0C00,0x0C00,0x1041,0x1D48,0x0800,0x0C00,0x0C00,0x0C00,0x0C00,0x0C00,0x0C00,0x0C00,0x0C00,0x0C00,
    0x0C00,0x0C00,0x0C00,0x0C00,0x0C00,0x0C00,0x0C00,0x0C00,0x0C00,0x0C00,0x0C00,0x0C00,0x0C00,0x0C00,0x0C00,0x0C00,
    0x0C00,0x0C00,0x0C00,0x0C00,0x0C00,0x0C00,0x0C00,0x0C00,0x0C00,0x0C00,0x0C00,0x0C00,0x0C00,0x0C00,0x0C00,0x0C00,
    0x0C00,0x0C00,0x0C00,0x0C00,0x0C00,0x0C00,0x0C00,0x0800,0x1061,0x0C00,0x0C00,0x0C00,0x0C00,0x0800,0x0800,0x1041,
    0x1082,0x1062,0x1062,0x1062,0x0C41,0x0800,0x0C00,0x1041,0x0C00,0x0C00,0x0C00,0x0C00,0x0C00,0x0C00,0x0C00,0x0C00,
    0x0C00,0x0C00,0x0C00,0x0C00,0x0C00,0x0C00,0x0C00,0x0C00,0x0C00,0x0C00,0x0C00,0x0C00,0x0800,0x0C00,0x0C00,0x0C00,
    0x0C00,0x0C00,0x0C00,0x0C00,0x0C00,0x0C00,0x0C00,0x0C00,0x0C00,0x0C00,0x0C00,0x0C00,0x0C00,0x0C00,0x0C00,0x0C00,
    0x0C00,0x0C00,0x0C00,0x0C00,0x0C00,0x0C00,0x0C00,0x0C00,0x0C00,0x0C00,0x0C00,0x0C00,0x0C00,0x0C00,0x0C00,0x0C00,
    0x0C00,0x0C00,0x0C00,0x0C00,0x0C00,0x0C00,0x0C00,0x0C00,0x0C00,0x0C00,0x0C00,0x0C00,0x0C00,0x0C00,0x0C00,0x0C00,
    0x0C00,0x0C00,0x0C00,0x0C00,0x0C00,0x0C00,0x0C00,0x0800,0x0C00,0x0C00,0x0C00,0x0C00,0x0C00,0x0C00,0x0C00,0x0C00,
    0x0C00,0x0C00,0x0C00,0x0C00,0x0C00,0x0C00,0x0C00,0x0C00,0x0C00,0x0C00,0x0C00,0x0C00,0x0800,0x0C00,0x0C00,0x0C00,
    0x0C00,0x0C00,0x0C00,0x0C00,0x0C00,0x0C00,0x0400,0x0821,0x1083,0x0C41,0x1482,0x1041,0x0800,0x0C00,0x0C00,0x0C00,
    0x0C00,0x0C00,0x0C00,0x0C00,0x0C00,0x0C00,0x0C00,0x0C00,0x0800,0x0800,0x0C00,0x1041,0x1082,0x1083,0x1062,0x1062,
    0x0C41,0x0C21,0x0C00,0x0C00,0x0800,0x0C00,0x0C00,0x0C00,0x0C00,0x0C00,0x0C00,0x0C00,0x0C00,0x0C00,0x0C00,0x0C00,
    0x0C00,0x0C00,0x0C00,0x0C00,0x0C00,0x0C00,0x0C00,0x0C00,0x0C00,0x0C00,0x0C00,0x0C00,0x0C00,0x0C00,0x0C00,0x0C00,
    0x0C00,0x0C00,0x0C00,0x0C00,0x0C00,0x0C00,0x0C00,0x0C00,0x0C00,0x0C00,0x0C00,0x0C00,0x0C00,0x0C00,0x0C00,0x0C00,
    0x0C00,0x0C00,0x0C00,0x0C00,0x0C00,0x0C00,0x0C00,0x0C00,0x0C00,0x0C00,0x0C00,0x0C00,0x0C00,0x0C00,0x0C00,0x0C00,
    0x0C00,0x0C00,0x0C00,0x0C00,0x0C00,0x0C00,0x0C00,0x0C00,0x0C00,0x0C00,0x0C00,0x0C00,0x0C00,0x0C00,0x0C00,0x0C00,
    0x0C00,0x0C00,0x0C00,0x0C00,0x0C00,0x0C00,0x0C00,0x0C00,0x0C20,0x0C00,0x0C00,0x0C00,0x0C00,0x0C00,0x0C00,0x0C00,
    0x1041,0x1062,0x1462,0x1062,0x1062,0x0C41,0x0C00,0x0800,0x0C00,0x0C00,0x0C00,0x0C00,0x0C00,0x0C00,0x0C00,0x0C00,
    0x0C00,0x0C00,0x0C00,0x0C00,0x0C00,0x0C00,0x0800,0x0C00,0x0C00,0x0C00,0x0C00,0x0C00,0x0800,0x0C00,0x0C00,0x0C00,
    0x0C00,0x0C00,0x0C00,0x0C00,0x0C00,0x0C00,0x0C00,0x0C00,0x0C00,0x0C00,0x0C00,0x0C00,0x0C00,0x0C00,0x0C00,0x0C00,
    0x0C00,0x0C00,0x0C00,0x0C00,0x0C00,0x0C00,0x0C00,0x0C00,0x0C00,0x0C00,0x0C00,0x0C00,0x0C00,0x0C00,0x0C00,0x0C00,
    0x0C00,0x0C00,0x0C00,0x0C00,0x0C00,0x0C00,0x0C00,0x0C00,0x0C00,0x0C00,0x0C00,0x0C00,0x0C00,0x0C00,0x0C00,0x0C00,
    0x0C00,0x0C00,0x0C00,0x0C00,0x0C00,0x0C00,0x0C00,0x0C00,0x0C00,0x0C00,0x0C00,0x0C00,0x0C00,0x0C00,0x0C00,0x0C00,
    0x0C00,0x0C00,0x0C00,0x0C00,0x0C00,0x0C00,0x0C00,0x0C00,0x0C00,0x0C00,0x0C00,0x0C00,0x0C00,0x0C00,0x0C00,0x0C00,
    0x0C00,0x0C00,0x0C00,0x0C00,0x0C00,0x0800,0x0800,0x1083,0x0C00,0x0C00,0x1062,0x0C20,0x0C00,0x0C00,0x0C00,0x0C00,
    0x0C00,0x0C00,0x0C00,0x0C00,0x0C00,0x0C00,0x0C00,0x0C00,0x0C21,0x1062,0x1062,0x1061,0x1041,0x0C21,0x0800,0x0C00,
    0x0800,0x0800,0x0C00,0x0C00,0x0C00,0x0C00,0x0C00,0x0C00,0x0C00,0x0C00,0x0C00,0x0C00,0x0C00,0x0C00,0x0C00,0x0C00,
    0x0C00,0x0C00,0x0C00,0x0C00,0x0C00,0x0C00,0x0C00,0x0C00,0x0C00,0x0C00,0x0C00,0x0C00,0x0C00,0x0C00,0x0C00,0x0C00,
    0x0C00,0x0C00,0x0C00,0x0C00,0x0C00,0x0C00,0x0C00,0x0C00,0x0C00,0x0C00,0x0C00,0x0C00,0x0C00,0x0C00,0x0C00,0x0C00,
    0x0C00,0x0C00,0x0C00,0x0C00,0x0C00,0x0C00,0x0C00,0x0C00,0x0C00,0x0C00,0x0C00,0x0C00,0x0C00,0x0C00,0x0C00,0x0C00,
    0x0C00,0x0C00,0x0C00,0x0C00,0x0C00,0x0C00,0x0C00,0x0C00,0x0C00,0x0C00,0x0C00,0x0C00,0x0C00,0x0C00,0x0C00,0x0C00,
    0x0C00,0x0C00,0x0C00,0x0C00,0x0C00,0x0C00,0x0C00,0x0C00,0x0C00,0x0C00,0x0C00,0x0C00,0x0C00,0x0C00,0x0C00,0x0C00,
    0x0800,0x0C21,0x1082,0x1062,0x1062,0x1062,0x0800,0x0C00,0x0C00,0x0C00,0x0C00,0x0C00,0x0C00,0x0C00,0x0C00,0x0C00,
    0x0C00,0x0C00,0x0C00,0x0C00,0x0C00,0x0C00,0x0800,0x0C00,0x0C00,0x0C00,0x0C00,0x0C00,0x0C00,0x0C00,0x0C00,0x0C00,
    0x0C00,0x0C00,0x0C00,0x0C00,0x0C00,0x0C00,0x0C00,0x0C00,0x0C00,0x0C00,0x0C00,0x0C00,0x0C00,0x0C00,0x0C00,0x0C00,
    0x0C00,0x0C00,0x0C00,0x0C00,0x0C00,0x0C00,0x0C00,0x0C00,0x0C00,0x0C00,0x0C00,0x0C00,0x0C00,0x0C00,0x0C00,0x0C00,
    0x0C00,0x0C00,0x0C00,0x0C00,0x0C00,0x0C00,0x0C00,0x0C00,0x0C00,0x0C00,0x0C00,0x0C00,0x0C00,0x0C00,0x0C00,0x0C00,
    0x0C00,0x0C00,0x0C00,0x0C00,0x0C00,0x0C00,0x0C00,0x0C00,0x0C00,0x0C00,0x0C00,0x0C00,0x0C00,0x0C00,0x0C00,0x0C00,
    0x0C00,0x0C00,0x0C00,0x0C00,0x0C00,0x0C00,0x0C00,0x0C00,0x0C00,0x0C00,0x0C00,0x0C00,0x0C00,0x0C00,0x0C00,0x0C00,
    0x0C00,0x0C00,0x0C00,0x0C00,0x0C00,0x0C20,0x0C21,0x0C00,0x0C00,0x0C00,0x0C00,0x0C00,0x0C00,0x0C00,0x0C00,0x0C00,
    0x0C00,0x0C00,0x0C00,0x0C00,0x0C00,0x0C00,0x0C00,0x0C21,0x0C20,0x0C00,0x0C00,0x0C00,0x0800,0x0800,0x0C00,0x0C00,
    0x0C00,0x0C00,0x0C00,0x0C00,0x0C00,0x0C00,0x0C00,0x0C00,0x0C00,0x0C00,0x0C00,0x0C00,0x0C00,0x0C00,0x0C00,0x0C00,
    0x0C00,0x0C00,0x0C00,0x0C00,0x0C00,0x0C00,0x0C00,0x0C00,0x0C00,0x0C00,0x0C00,0x0C00,0x0C00,0x0C00,0x0C00,0x0C00,
    0x0C00,0x0C00,0x0C00,0x0C00,0x0C00,0x0C00,0x0C00,0x0C00,0x0C00,0x0C00,0x0C00,0x0C00,0x0C00,0x0C00,0x0C00,0x0C00,
    0x0C00,0x0C00,0x0C00,0x0C00,0x0C00,0x0C00,0x0C00,0x0C00,0x0C00,0x0C00,0x0C00,0x0C00,0x0C00,0x0C00,0x0C00,0x0C00,
    0x0C00,0x0C00,0x0C00,0x0C00,0x0C00,0x0C00,0x0C00,0x0C00,0x0C00,0x0C00,0x0C00,0x0C00,0x0C00,0x0C00,0x0C00,0x0C00,
    0x0C00,0x0C00,0x0C00,0x0C00,0x0C00,0x0C00,0x0C00,0x0C00,0x0C00,0x0C00,0x0C00,0x0C00,0x0C00,0x0C00,0x0C00,0x0C00,
    0x0C00,0x0C20,0x1062,0x1062,0x1062,0x1062,0x0C20,0x0800,0x0C00,0x0C00,0x0C00,0x0C00,0x0C00,0x0C00,0x0C00,0x0C00,
    0x0C00,0x0C00,0x0C00,0x0C00,0x0C00,0x0C00,0x0C00,0x0C00,0x0C00,0x0C00,0x0C00,0x0C00,0x0C00,0x0C00,0x0C00,0x0C00,
    0x0C00,0x0C00,0x0C00,0x0C00,0x0C00,0x0C00,0x0C00,0x0C00,0x0C00,0x0C00,0x0C00,0x0C00,0x0C00,0x0C00,0x0C00,0x0C00,
    0x0C00,0x0C00,0x0C00,0x0C00,0x0C00,0x0C00,0x0C00,0x0C00,0x0C00,0x0C00,0x0C00,0x0C00,0x0C00,0x0C00,0x0C00,0x0C00,
    0x0C00,0x0C00,0x0C00,0x0C00,0x0C00,0x0C00,0x0C00,0x0C00,0x0C00,0x0C00,0x0C00,0x0C00,0x0C00,0x0C00,0x0C00,0x0C00,
    0x0C00,0x0C00,0x0C00,0x0C00,0x0C00,0x0C00,0x0C00,0x0C00,0x0C00,0x0C00,0x0C00,0x0C00,0x0C00,0x0C00,0x0C00,0x0C00,
    0x0C00,0x0C00,0x0C00,0x0C00,0x0C00,0x0C00,0x0C00,0x0C00,0x0C00,0x0C00,0x0C00,0x0C00,0x0C00,0x0C00,0x0C00,0x0C00,
    0x0C00,0x0C00,0x0C00,0x0C00,0x0C00,0x0C00,0x0C00,0x0C00,0x0C00,0x0C00,0x0C00,0x0C00,0x0C00,0x0C00,0x0C00,0x0C00,
    0x0C00,0x0C00,0x0C00,0x0C00,0x0C00,0x0C00,0x0C00,0x0C00,0x0800,0x0C00,0x0C00,0x0C00,0x0C00,0x0C00,0x0C00,0x0C00,
    0x0C00,0x0C00,0x0C00,0x0C00,0x0C00,0x0C00,0x0C00,0x0C00,0x0C00,0x0C00,0x0C00,0x0C00,0x0C00,0x0C00,0x0C00,0x0C00,
    0x0C00,0x0C00,0x0C00,0x0C00,0x0C00,0x0C00,0x0C00,0x0C00,0x0C00,0x0C00,0x0C00,0x0C00,0x0C00,0x0C00,0x0C00,0x0C00,
    0x0C00,0x0C00,0x0C00,0x0C00,0x0C00,0x0C00,0x0C00,0x0C00,0x0C00,0x0C00,0x0C00,0x0C00,0x0C00,0x0C00,0x0C00,0x0C00,
    0x0C00,0x0C00,0x0C00,0x0C00,0x0C00,0x0C00,0x0C00,0x0C00,0x0C00,0x0C00,0x0C00,0x0C00,0x0C00,0x0C00,0x0C00,0x0C00,
    0x0C00,0x0C00,0x0C00,0x0C00,0x0C00,0x0C00,0x0C00,0x0C00,0x0C00,0x0C00,0x0C00,0x0C00,0x0C00,0x0C00,0x0C00,0x0C00,
    0x0C00,0x0C00,0x0C00,0x0C00,0x0C00,0x0C00,0x0C00,0x0C00,0x0C00,0x0C00,0x0C00,0x0C00,0x0C00,0x0C00,0x0C00,0x0C00,
    0x0C00,0x0C00,0x0C20,0x1062,0x1062,0x1062,0x1062,0x0C20,0x0800,0x0C00,0x0C00,0x0C00,0x0C00,0x0C00,0x0C00,0x0C00,
    0x0C00,0x0C00,0x0C00,0x0C00,0x0C00,0x0C00,0x0C00,0x0C00,0x0C00,0x0C00,0x0C00,0x0C00,0x0C00,0x0C00,0x0C00,0x0C00,
    0x0C00,0x0C00,0x0C00,0x0C00,0x0C00,0x0C00,0x0C00,0x0C00,0x0C00,0x0C00,0x0C00,0x0C00,0x0C00,0x0C00,0x0C00,0x0C00,
    0x0C00,0x0C00,0x0C00,0x0C00,0x0C00,0x0C00,0x0C00,0x0C00,0x0C00,0x0C00,0x0C00,0x0C00,0x0C00,0x0C00,0x0C00,0x0C00,
    0x0C00,0x0C00,0x0C00,0x0C00,0x0C00,0x0C00,0x0C00,0x0C00,0x0C00,0x0C00,0x0C00,0x0C00,0x0C00,0x0C00,0x0C00,0x0C00,
    0x0C00,0x0C00,0x0C00,0x0C00,0x0C00,0x0C00,0x0C00,0x0C00,0x0C00,0x0C00,0x0C00,0x0C00,0x0C00,0x0C00,0x0C00,0x0C00,
    0x0C00,0x0C00,0x0C00,0x0C00,0x0C00,0x0C00,0x0C00,0x0C00,0x0C00,0x0C00,0x0C00,0x0C00,0x0C00,0x0C00,0x0C00,0x0C00,
    0x0C00,0x0C00,0x0C00,0x0C00,0x0C00,0x0C00,0x0C00,0x0C00,0x0C00,0x0C00,0x0C00,0x0C00,0x0C00,0x0C00,0x0C00,0x0C00,
    0x0C00,0x0C00,0x0C00,0x0C00,0x0C00,0x0C00,0x0C00,0x0C00,0x0C00,0x0C00,0x0C00,0x0C00,0x0C00,0x0C00,0x0C00,0x0C00,
    0x0C00,0x0C00,0x0C00,0x0C00,0x0C00,0x0C00,0x0C00,0x0C00,0x0C00,0x0C00,0x0C00,0x0C00,0x0C00,0x0C00,0x0C00,0x0C00,
    0x0C00,0x0C00,0x0C00,0x0C00,0x0C00,0x0C00,0x0C00,0x0C00,0x0C00,0x0C00,0x0C00,0x0C00,0x0C00,0x0C00,0x0C00,0x0C00,
    0x0C00,0x0C00,0x0C00,0x0C00,0x0C00,0x0C00,0x0C00,0x0C00,0x0C00,0x0C00,0x0C00,0x0C00,0x0C00,0x0C00,0x0C00,0x0C00,
    0x0C00,0x0C00,0x0C00,0x0C00,0x0C00,0x0C00,0x0C00,0x0C00,0x0C00,0x0C00,0x0C00,0x0C00,0x0C00,0x0C00,0x0C00,0x0C00,
    0x0C00,0x0C00,0x0C00,0x0C00,0x0C00,0x0C00,0x0C00,0x0C00,0x0C00,0x0C00,0x0C00,0x0C00,0x0C00,0x0C00,0x0C00,0x0C00,
    0x0C00,0x0C00,0x0C00,0x0C00,0x0C00,0x0C00,0x0C00,0x0C00,0x0C00,0x0C00,0x0C00,0x0C00,0x0C00,0x0C00,0x0C00,0x0C00,
    0x0C00,0x0C00,0x0800,0x1062,0x1062,0x1062,0x1062,0x0C00,0x0800,0x0C00,0x0C00,0x0C00,0x0C00,0x0C00,0x0C00,0x0C00,
    0x0C00,0x0C00,0x0C00,0x0C00,0x0C00,0x0C00,0x0C00,0x0C00,0x0C00,0x0C00,0x0C00,0x0C00,0x0C00,0x0C00,0x0C00,0x0C00,
    0x0C00,0x0C00,0x0C00,0x0C00,0x0C00,0x0C00,0x0C00,0x0C00,0x0C00,0x0C00,0x0C00,0x0C00,0x0C00,0x0C00,0x0C00,0x0C00,
    0x0C00,0x0C00,0x0C00,0x0C00,0x0C00,0x0C00,0x0C00,0x0C00,0x0C00,0x0C00,0x0C00,0x0C00,0x0C00,0x0C00,0x0C00,0x0C00,
    0x0C00,0x0C00,0x0C00,0x0C00,0x0C00,0x0C00,0x0C00,0x0C00,0x0C00,0x0C00,0x0C00,0x0C00,0x0C00,0x0C00,0x0C00,0x0C00,
    0x0C00,0x0C00,0x0C00,0x0C00,0x0C00,0x0C00,0x0C00,0x0C00,0x0C00,0x0C00,0x0C00,0x0C00,0x0C00,0x0C00,0x0C00,0x0C00,
    0x0C00,0x0C00,0x0C00,0x0C00,0x0C00,0x0C00,0x0C00,0x0C00,0x0C00,0x0C00,0x0C00,0x0C00,0x0C00,0x0C00,0x0C00,0x0C00,
    0x0C00,0x0C00,0x0C00,0x0C00,0x0C00,0x0C00,0x0C00,0x0C00,0x0C00,0x0C00,0x0C00,0x0C00,0x0C00,0x0C00,0x0C00,0x0C00,
    0x0C00,0x0C00,0x0C00,0x0C00,0x0C00,0x0C00,0x0C00,0x0C00,0x0C00,0x0C00,0x0C00,0x0C00,0x0C00,0x0C00,0x0C00,0x0C00,
    0x0C00,0x0C00,0x0C00,0x0C00,0x0C00,0x0C00,0x0C00,0x0C00,0x0C00,0x0C00,0x0C00,0x0C00,0x0C00,0x0C00,0x0C00,0x0C00,
    0x0C00,0x0C00,0x0C00,0x0C00,0x0C00,0x0C00,0x0C00,0x0C00,0x0C00,0x0C00,0x0C00,0x0C00,0x0C00,0x0C00,0x0C00,0x0C00,
    0x0C00,0x0C00,0x0C00,0x0C00,0x0C00,0x0C00,0x0C00,0x0C00,0x0C00,0x0C00,0x0C00,0x0C00,0x0C00,0x0C00,0x0C00,0x0C00,
};
